playlist_id,mbti
ENFJ (PDB).csv,ENFJ
ENFJ Radio.csv,ENFJ
ENFJ energy🫶🏻 .csv,ENFJ
ENFJ songs.csv,ENFJ
ENFJ songs🍃.csv,ENFJ
ENFJ vibes‼.csv,ENFJ
ENFJ 플레이리스트.csv,ENFJ
ENFJ(1).csv,ENFJ
ENFJ(2).csv,ENFJ
ENFJ(3).csv,ENFJ
ENFJ.csv,ENFJ
Enfj style.csv,ENFJ
HAPPY ENFJ.csv,ENFJ
enfj based on PDB (2026).csv,ENFJ
enfj songs according to personality database.csv,ENFJ
enfj the protagonist 💅🏼 .csv,ENFJ
enfj(4).csv,ENFJ
⋆｡‧˚ʚ🍓ɞ˚‧｡⋆ enfj .csv,ENFJ
花木蘭 ENFJ Radio.csv,ENFJ
ENFP (PDB).csv,ENFP
ENFP (男声版） Radio.csv,ENFP
ENFP Core.csv,ENFP
ENFP __ the campaigner.csv,ENFP
ENFP kpop songs _3.csv,ENFP
ENFP playlist .#🎧🎤.csv,ENFP
ENFP songs.csv,ENFP
ENFP vibes 🌈✨.csv,ENFP
ENFP's favs.csv,ENFP
ENFP(1).csv,ENFP
ENFP.csv,ENFP
ENFPcore.csv,ENFP
ENFPに刺さる曲.csv,ENFP
ENFP🎞️ 🪐.csv,ENFP
Enfp playlist .csv,ENFP
My ENFP vibes.csv,ENFP
enfp songs' database.csv,ENFP
enfp vibes!!!.csv,ENFP
enfp(2).csv,ENFP
❝ENFP❞.csv,ENFP
ENTJ (PDB).csv,ENTJ
ENTJ - KPOP.csv,ENTJ
ENTJ - The Commanders.csv,ENTJ
ENTJ Girl_ Leader even if they're not asked 🍷.csv,ENTJ
ENTJ Radio(1).csv,ENTJ
ENTJ Radio.csv,ENTJ
ENTJ anthem.csv,ENTJ
ENTJ playlist for badass commanders🔥💅.csv,ENTJ
ENTJ vibes..csv,ENTJ
ENTJ-A(J-POPとか).csv,ENTJ
ENTJ.csv,ENTJ
ENTJ_ 武則天 Radio.csv,ENTJ
ENTJ—༒.csv,ENTJ
Entj songs (all base from pdb).csv,ENTJ
as an entj woman.csv,ENTJ
entj (from an entj).csv,ENTJ
entj 3w4.csv,ENTJ
entj playlist.csv,ENTJ
entj vibes ;).csv,ENTJ
entj woman energy.csv,ENTJ
ENTP (Big in Japan) Radio.csv,ENTP
ENTP Playlist(1).csv,ENTP
ENTP Radio.csv,ENTP
ENTP SONGS💜☯️.csv,ENTP
ENTP Vibes✨.csv,ENTP
ENTP _ the debater.csv,ENTP
ENTP playlist from an ENTP.csv,ENTP
ENTP playlist.csv,ENTP
ENTP songs.csv,ENTP
ENTP vibes.csv,ENTP
ENTP(1).csv,ENTP
ENTP.csv,ENTP
ENTPのだいすきな曲.csv,ENTP
Entp playlist 🛐.csv,ENTP
entp with them god complex.csv,ENTP
entp woman.csv,ENTP
"entp, god complex_ dude, i'm god..csv",ENTP
songs typed as ENTP on pdb.csv,ENTP
"the sarcastic, devil-may-care, morally grey ENTP.csv",ENTP
what being an ENTP sounds like.csv,ENTP
ESFJ Kpop Songs.csv,ESFJ
ESFJ MIX 2025（╹◡╹）♡.csv,ESFJ
ESFJ Radio.csv,ESFJ
ESFJ songs.csv,ESFJ
ESFJ(3).csv,ESFJ
ESFJ(6).csv,ESFJ
ESFJ.csv,ESFJ
ESFJ🎧.csv,ESFJ
Esfj girl 🎧🩵.csv,ESFJ
a playlist of ESFJ.csv,ESFJ
esfj girl..csv,ESFJ
esfj mode 𝜗ৎ.csv,ESFJ
esfj stuff.csv,ESFJ
esfj(1).csv,ESFJ
esfj(2).csv,ESFJ
esfj(4).csv,ESFJ
esfj(5).csv,ESFJ
esfj❤︎.csv,ESFJ
jus an esfj girlie𑣲⋆｡˚.csv,ESFJ
peak esfj behaviour.csv,ESFJ
ESFP (PDB).csv,ESFP
ESFP CJKpop 2 Chill 2.csv,ESFP
ESFP Feeling.csv,ESFP
ESFP Kpop Song.csv,ESFP
ESFP Playlist.csv,ESFP
ESFP Radio(1).csv,ESFP
ESFP Radio.csv,ESFP
ESFP core💛.csv,ESFP
ESFP songs.csv,ESFP
ESFP(1).csv,ESFP
ESFP(2).csv,ESFP
ESFP(3).csv,ESFP
ESFP.csv,ESFP
Electropop ( esfp core ).csv,ESFP
Esfp 💋.csv,ESFP
YOUNG-ESFP Radio.csv,ESFP
esfp energy.csv,ESFP
esfp vibes.csv,ESFP
esfpの私が好きな曲.csv,ESFP
🌞🌙💛 ESFP!! 💛🌙🌞.csv,ESFP
ESTJ Radio.csv,ESTJ
ESTJ playlist.csv,ESTJ
ESTJ songs.csv,ESTJ
ESTJ(2).csv,ESTJ
ESTJ(4).csv,ESTJ
ESTJ(5).csv,ESTJ
ESTJ-Me.csv,ESTJ
ESTJ.csv,ESTJ
Estj 🤔- Executive.csv,ESTJ
"I'm an ESTJ, maybe....csv",ESTJ
INFP의 뒤척이는 밤.csv,ESTJ
Pov; Estj .csv,ESTJ
estj anthems .csv,ESTJ
estj 💗.csv,ESTJ
estj(1).csv,ESTJ
estj(3).csv,ESTJ
relaxing of a ESTJ.csv,ESTJ
the estj.csv,ESTJ
£ ESTJ 3w4.csv,ESTJ
– ESTJ • the executive.csv,ESTJ
雍正 ESTJ - Chinese Version Radio.csv,ESTJ
💎Playlist for an ESTJ_ The Executive .csv,ESTJ
ESTP (PDB).csv,ESTP
ESTP ENERGY.csv,ESTP
ESTP PLAYLIST.csv,ESTP
ESTP Radio.csv,ESTP
ESTP VIBES.csv,ESTP
ESTP core💛.csv,ESTP
ESTP playlist(1).csv,ESTP
ESTP songs.csv,ESTP
ESTP 🩷💅🏻.csv,ESTP
ESTP(1).csv,ESTP
ESTP(3).csv,ESTP
ESTP(4).csv,ESTP
ESTP.csv,ESTP
Estp songs😎✨.csv,ESTP
Estp vibess.csv,ESTP
Estp(5).csv,ESTP
estp personality songs 😎.csv,ESTP
estp vibes📀.csv,ESTP
estp(2).csv,ESTP
𝐄𝐒𝐓𝐏.csv,ESTP
INFJ (PDB).csv,INFJ
INFJ .csv,INFJ
INFJ Kpop Songs.csv,INFJ
INFJ Playlist .csv,INFJ
INFJ Playlist 💚.csv,INFJ
INFJ Playlist!!.csv,INFJ
INFJ Playlist.csv,INFJ
INFJ Radio.csv,INFJ
INFJ songs based on personality database.csv,INFJ
INFJ ⁺⁎˚📼 ｡ﾟ★_.csv,INFJ
INFJ 不再續寫 - Chinese Version Radio.csv,INFJ
INFJ.csv,INFJ
INFJな私のリスト.csv,INFJ
INFJ小老頭歌單.csv,INFJ
Ultimate INFJ Playlist.csv,INFJ
for the infj girls.csv,INFJ
infj - the advocate .csv,INFJ
infj anthems.csv,INFJ
infj core.csv,INFJ
‧₊˚ ⊹ 100_ infj ⭑꩜ ° .csv,INFJ
INFP (PDB).csv,INFP
INFP Radio.csv,INFP
INFP kpop songs _3.csv,INFP
INFP mood.csv,INFP
INFP playlist(1).csv,INFP
INFP songs.csv,INFP
INFP ผู้คลั่งรัก❤️.csv,INFP
INFP(1).csv,INFP
INFP.csv,INFP
INFPの私が好きな歌.csv,INFP
Infp 中文治癒系歌單 ❤️_🩹.csv,INFP
Infp🍀🌸🌷🪻🫧🌊🪼.csv,INFP
POV_ You're an INFP.csv,INFP
infp - the mediator .csv,INFP
infp playlist.csv,INFP
infp 감성.csv,INFP
infp(laylis)-t ☆.csv,INFP
•♫•♬•Infp vibes playlist•♬•♫•..csv,INFP
夜職INFP.csv,INFP
她是INFP - 她是个可爱善良的女孩 Radio.csv,INFP
INTJ Radio.csv,INTJ
INTJ playlist song tik tok .csv,INTJ
INTJ playlist_As a INTJ_.csv,INTJ
INTJ songs based on personality database.csv,INTJ
INTJ songs.csv,INTJ
INTJ vibe songs.csv,INTJ
INTJ vibes.csv,INTJ
INTJ villain.csv,INTJ
INTJ women personality .csv,INTJ
INTJ's Favorites.csv,INTJ
INTJ.csv,INTJ
INTJ♀.csv,INTJ
Intje 2025.csv,INTJ
İntj playlist.csv,INTJ
intj men.csv,INTJ
intj woman.csv,INTJ
intj women.csv,INTJ
intj 🍃.csv,INTJ
pov_ you’re an intj .csv,INTJ
INTP (2026 edition).csv,INTP
INTP (PDB).csv,INTP
INTP Bot Radio.csv,INTP
INTP Music.csv,INTP
INTP Radio.csv,INTP
"INTP playlist (for intps, by an intp).csv",INTP
INTP playlist (made by an intp 5w4).csv,INTP
INTP songs(1).csv,INTP
INTP songs(2).csv,INTP
INTP vibes.csv,INTP
INTP's Vibes.csv,INTP
INTPMusic Radio.csv,INTP
INTP의 플리.csv,INTP
Intp vibes_ intp playlist.csv,INTP
Intp.csv,INTP
Songs INTPs like.csv,INTP
i am intp..csv,INTP
intp kpop songs.csv,INTP
intp songs.csv,INTP
intp 🧬.csv,INTP
ISFJ .csv,ISFJ
ISFJ Playlist.csv,ISFJ
ISFJ Radio.csv,ISFJ
ISFJ _3.csv,ISFJ
ISFJ songs.csv,ISFJ
ISFJ vibes.csv,ISFJ
ISFJ(1).csv,ISFJ
ISFJ(2).csv,ISFJ
ISFJ(3).csv,ISFJ
ISFJ(4).csv,ISFJ
ISFJ(5).csv,ISFJ
ISFJ(6).csv,ISFJ
ISFJ(7).csv,ISFJ
Isfj radio(1).csv,ISFJ
Isfj(8).csv,ISFJ
SHSI Isfj playlist.csv,ISFJ
isfj(10).csv,ISFJ
isfj(9).csv,ISFJ
isfj.csv,ISFJ
isfjが好きな曲.csv,ISFJ
ISFP (PDB).csv,ISFP
ISFP Mood.csv,ISFP
ISFP songs.csv,ISFP
ISFP vibes🎨🖌️🎐🌼✨🎡🌌.csv,ISFP
ISFP(3).csv,ISFP
ISFP(4).csv,ISFP
ISFP(6).csv,ISFP
ISFP.csv,ISFP
Isfp .csv,ISFP
for people with mbti ISFP.csv,ISFP
isfp core.csv,ISFP
isfp vibes.csv,ISFP
isfp's k-pop.csv,ISFP
isfp's playlist..csv,ISFP
isfp(1).csv,ISFP
isfp(2).csv,ISFP
isfp(5).csv,ISFP
isfpのぷれいりすと.csv,ISFP
감성적인 ISFP일때.csv,ISFP
🧡ISFPのみんなへ🎨.csv,ISFP
Because it's ISTJ.csv,ISTJ
ISTJ Radio(1).csv,ISTJ
ISTJ Radio.csv,ISTJ
ISTJ Songs(1).csv,ISTJ
ISTJ Vibe.csv,ISTJ
ISTJ songs.csv,ISTJ
ISTJ(1).csv,ISTJ
ISTJ(4).csv,ISTJ
ISTJ(5).csv,ISTJ
ISTJ.csv,ISTJ
POV_ you’re an istj .csv,ISTJ
inside my istj brain.csv,ISTJ
istj playlist .csv,ISTJ
istj playlist.csv,ISTJ
istj songs 🌀.csv,ISTJ
istj 𓏲ּ𝄢˖ .csv,ISTJ
istj(2).csv,ISTJ
istj(3).csv,ISTJ
she’s an istj.csv,ISTJ
💫ISTJ 💫.csv,ISTJ
ISTP (PDB).csv,ISTP
ISTP Music vibe💙.csv,ISTP
ISTP Radio.csv,ISTP
ISTP Songs.csv,ISTP
ISTP being ISTP.csv,ISTP
ISTP kpop songs.csv,ISTP
ISTP songs ___.csv,ISTP
ISTP songs(1).csv,ISTP
ISTP woman vibes.csv,ISTP
ISTP(1).csv,ISTP
ISTP(5).csv,ISTP
ISTP.csv,ISTP
ISTP의 주관적 플리.csv,ISTP
ISTPになる秋.csv,ISTP
Istp cringe.csv,ISTP
Istp playlist made by an istp.csv,ISTP
Istp(3).csv,ISTP
Playlist of an ISTP.csv,ISTP
istp buzz.csv,ISTP
istp(2).csv,ISTP
istp(4).csv,ISTP
pov_ you’re an ISTP.csv,ISTP
◖ ࣪˖ 𝐢𝐬𝐭𝐩 ◠ ⭑ ࣪.csv,ISTP
一個ISTP的收集～.csv,ISTP
