mbti,function_pair,playlist_name,playlist_id,track_count,danceability_mean,danceability_stdev,energy_mean,energy_stdev,loudness_mean,loudness_stdev,mode_mean,mode_stdev,speechiness_mean,speechiness_stdev,acousticness_mean,acousticness_stdev,liveness_mean,liveness_stdev,valence_mean,valence_stdev,tempo_mean,tempo_stdev,instrumentalness_mean,instrumentalness_stdev,Cminor_count,CMajor_count,C#/Dbminor_count,C#/DbMajor_count,Dminor_count,DMajor_count,D#_Ebminor_count,D#_EbMajor_count,Eminor_count,EMajor_count,FMajor_count,F#/Gbminor_count,Gminor_count,GMajor_count,G#/Abminor_count,G#/AbMajor_count,Aminor_count,AMajor_count,A#/BbMajor_count,BMajor_count,Fminor_count,F#/GbMajor_count,A#/Bbminor_count,Bminor_count
ENFJ,NF,Enfj 😇,4AE4DBt4YjJJ8v4Hk9myWl,41,0.580512195,0.124324801,0.595731707,0.222704291,-7.736634146,2.529298349,0.658536585,0.480091455,0.076931707,0.097605816,0.28811439,0.310560494,0.153236585,0.145832561,0.420295122,0.22860732,122.5407073,30.15295537,0.025698009,0.097146594,1,6,1,1,1,3,2,4,3,2,4,3,1,2,1,1,1,1,2,1,0,0,0,0
ENFJ,NF,enfj // the protagonist ,6th4JW4Dky7UjeEhHuQeQd,38,0.550947368,0.156753024,0.679018421,0.193395246,-7.649368421,4.253545258,0.736842105,0.44625835,0.05945,0.049780197,0.231753579,0.296424892,0.175884211,0.107492641,0.506328947,0.268323779,124.5194474,30.78700964,0.110220114,0.235320934,2,5,0,2,0,1,0,2,2,4,0,2,1,2,0,1,1,6,3,1,2,1,0,0
ENFJ,NF,enfj songs according to personality database,4g2AYw35pR37u2QpwpSryq,50,0.56468,0.11681425,0.60764,0.204799031,-7.75768,3.261324286,0.66,0.478518121,0.059076,0.052857902,0.27037828,0.316042005,0.136674,0.089209601,0.433126,0.209328192,123.76112,26.07306329,0.060110227,0.164728556,2,3,1,2,2,6,0,0,2,3,3,0,2,5,0,1,2,6,2,1,2,1,1,3
ENFJ,NF,ENFJ vibes‼️,1eVgLeDoHD123LB6VldjGY,50,0.5352,0.12258558,0.59896,0.177414879,-7.00594,2.626759223,0.56,0.501426536,0.058274,0.04969709,0.22802602,0.261826536,0.160472,0.098221649,0.37634,0.220887997,132.29302,30.34884956,0.024067625,0.114590786,1,2,0,2,0,0,0,2,4,1,1,2,3,6,1,4,6,2,4,2,0,2,2,3
ENFJ,NF,[ENFJ],49BWXniDb2gtfI1e4Z3ILr,50,0.5267,0.123801561,0.80894,0.10365709,-5.1835,1.59679695,0.7,0.46291005,0.053892,0.031047014,0.030816016,0.051125424,0.182778,0.152291657,0.51256,0.223140311,130.17276,22.31729848,0.06729022,0.189292383,0,5,2,2,0,4,0,2,1,1,4,4,1,3,0,6,0,2,5,1,0,0,1,6
ENFJ,NF,ENFJ anthems 🦋,6IDELtu3l7994CPmsyhlUN,50,0.5864,0.164821487,0.664,0.178840597,-6.81156,3.014653249,0.68,0.471212071,0.065654,0.064221823,0.19485078,0.269898306,0.199958,0.107055662,0.545338,0.251711217,128.26846,31.11702536,0.112834191,0.253820081,1,6,0,2,0,4,1,1,1,4,3,3,2,1,2,2,2,9,1,1,2,0,1,1
ENFJ,NF,ENFJ main character moment,3U8PZDhXaOVdeqXp9xfjIs,50,0.64346,0.145857662,0.5783,0.161094123,-6.9361,2.440345327,0.54,0.503457434,0.096928,0.101638652,0.244883,0.270528448,0.149292,0.095607119,0.517898,0.238089509,129.47698,32.62726249,0.00529277,0.019126821,2,6,1,4,0,2,1,0,4,1,4,4,1,1,1,0,0,4,2,1,3,2,3,3
ENFJ,NF,ENFJ (PDB),7yXX8iWVhHPeZ6CPXkdvRg,50,0.59738,0.110021499,0.6571,0.152133702,-6.05944,2.05274888,0.72,0.453557368,0.068928,0.067695043,0.20832676,0.265819733,0.148704,0.088685337,0.496994,0.2133579,123.9977,28.0272044,0.019768369,0.08318949,0,3,4,4,1,4,0,2,1,3,5,0,2,4,0,6,3,2,1,2,0,0,0,3
ENFJ,NF,enfj,237uKEMCwMaeqdHTaVdNAH,22,0.572863636,0.117522154,0.583363636,0.142982032,-7.249772727,1.798673875,0.818181818,0.394771017,0.053281818,0.032244108,0.285697727,0.235213111,0.154072727,0.116118003,0.396763636,0.155339121,119.8250909,24.04401671,0.048436913,0.172721921,1,2,0,0,1,2,0,1,0,5,2,1,0,2,0,1,0,1,0,0,0,2,0,1
ENFJ,NF,for the enfj,6IYbjtqjOOVeq9hjyll0R2,40,0.6644,0.139310353,0.65425,0.140985133,-6.693425,1.71152472,0.725,0.452202587,0.07563,0.061910267,0.1685601,0.170346738,0.22907,0.16845594,0.60975,0.202717784,115.72855,28.02044754,0.030503492,0.152035981,0,4,1,1,1,2,0,2,0,2,4,1,1,3,0,4,2,5,0,2,2,0,1,2
ENFJ,NF,ENFJ-A,7eaYHBBdjlY0ppS7VNmV6i,38,0.652157895,0.099747933,0.752631579,0.160455841,-4.921315789,1.645728461,0.684210526,0.471069121,0.076031579,0.044965747,0.121671842,0.195051088,0.169442105,0.115946497,0.678394737,0.188819024,116.2774737,28.158974,0.000169992,0.000860339,1,7,1,4,0,1,0,1,0,2,0,1,0,3,0,3,1,2,2,1,2,0,3,3
ENFJ,NF,My ENFJ playlist,3BJPcBeAFGshd83agU65lL,50,0.56622,0.136581483,0.61976,0.168444087,-6.57784,2.021178565,0.66,0.478518121,0.063988,0.045276446,0.253086388,0.264596203,0.166528,0.101822222,0.40906,0.190117538,128.2523,32.05464724,0.014133105,0.089492436,2,6,1,4,1,3,0,3,1,2,4,0,1,1,1,4,6,3,3,0,1,0,1,2
ENFJ,NF,enfj ,2ewta57Zhm80ToNaBxD8sc,50,0.71184,0.124823853,0.60862,0.127062075,-7.3106,2.059894757,0.46,0.503457434,0.209898,0.127028993,0.277905,0.209529515,0.158886,0.105134988,0.52698,0.186114787,120.2013,27.68924452,0.000199177,0.0008754,2,1,6,4,2,1,2,0,1,1,3,2,2,4,1,5,1,3,0,0,2,1,3,3
ENFJ,NF,Lofi for ENFJs 🍍,6LsqAjBE5cESY0N7ZMadL3,43,0.655860465,0.103715403,0.266814884,0.142506716,-14.58104651,5.98955436,0.604651163,0.494711791,0.070106977,0.065482209,0.741527907,0.234992842,0.154653488,0.137424191,0.283330233,0.172873431,105.1178372,33.51397478,0.81472093,0.189134032,0,4,1,1,2,2,1,0,2,0,2,1,1,5,2,3,1,3,2,2,1,2,1,4
ENFJ,NF,ENFJ dairies ,4mHx3ksIJfz6E1ph8VFZib,50,0.62816,0.143227714,0.6563,0.197518302,-6.83082,3.417821473,0.44,0.501426536,0.096202,0.108242537,0.24800774,0.306469668,0.14656,0.108817801,0.44725,0.264437455,129.55734,34.49780994,0.103242216,0.221823525,1,2,2,5,3,1,1,1,1,0,1,3,2,5,0,1,4,3,0,1,4,2,5,2
ENFJ,NF,enfp? enfj? esfp?,6vw2NaGrj5TxLBszc4xsSX,50,0.62514,0.10451189,0.64836,0.18708677,-7.37272,3.491874002,0.62,0.490314351,0.07719,0.067575138,0.27860042,0.252300688,0.207516,0.150039257,0.554878,0.195548933,120.05332,30.43554331,0.008235571,0.035037122,2,3,1,3,1,8,0,2,3,2,0,3,0,5,0,3,2,5,0,0,0,0,1,6
ENFJ,NF,enfj vibes,6ybQAXCQXYKqPsceKl5qtt,50,0.62894,0.111977295,0.6876,0.150425655,-6.3749,2.240492587,0.58,0.498569382,0.076112,0.082461404,0.1108452,0.134712008,0.178704,0.117283287,0.47005,0.211718944,128.48708,24.23806539,0.037353945,0.16158654,3,4,2,1,4,6,1,1,1,1,3,2,0,3,0,3,2,1,2,2,4,2,2,0
ENFJ,NF,Playlist for ENFJ INFJ ENFP INFP,6KSTM9BwJ4FSFVb2tuqfvI,50,0.63174,0.143886692,0.409356,0.167576318,-9.084,2.912359728,0.74,0.443087498,0.074106,0.054142787,0.564242,0.290989967,0.158446,0.120386258,0.448658,0.208312656,110.62046,30.30219086,0.083900977,0.231638712,1,4,4,2,1,4,0,4,2,2,5,0,0,4,0,2,1,3,0,3,1,4,1,2
ENFJ,NF,enfj<3,52LH5NUowlMY06MbN4oIxH,23,0.642956522,0.133158306,0.68473913,0.134347655,-5.743565217,1.350526794,0.608695652,0.499010879,0.100691304,0.098331822,0.231297435,0.245202044,0.178095652,0.138477972,0.451869565,0.165780058,123.8264348,32.56018945,0.040061072,0.169395988,1,0,0,2,1,2,1,1,0,1,1,1,1,4,0,2,2,0,0,0,0,1,1,1
ENFJ,NF,enfj,4Ik5csX3B8gNAjffpWt3UY,50,0.61244,0.127368525,0.66062,0.175468224,-5.46966,2.176565921,0.62,0.490314351,0.078234,0.075223459,0.2180402,0.262498798,0.140266,0.081105803,0.492424,0.219350695,122.11152,27.0258295,0.000192465,0.000858376,2,4,1,6,2,3,2,1,1,2,4,1,0,4,1,2,0,0,1,2,3,2,4,2
ENFJ,NF,💚 ENFJ ⚔️,2eenm1fzP6d7Z0CJvW7cay,50,0.684,0.124212294,0.69124,0.174900854,-6.65082,2.856768566,0.52,0.50467205,0.104522,0.10770867,0.2139337,0.218602322,0.21133,0.165782684,0.69696,0.219299903,118.46584,26.59271352,0.010954261,0.053747416,3,1,1,2,1,8,0,2,2,2,1,3,0,2,2,4,1,1,0,2,6,1,1,4
ENFJ,NF,enfj | gryffindor | reader | me ,6idJpnfu4Z4m6bSSFzWe6t,50,0.62696,0.122045819,0.70614,0.143316691,-5.4042,1.724699359,0.64,0.484873221,0.07498,0.074032974,0.10058274,0.140826483,0.175466,0.12012437,0.53728,0.179539438,121.94058,27.46157801,0.011609829,0.077738571,0,2,2,0,0,5,1,1,4,0,2,0,0,4,1,5,4,7,0,4,1,2,0,5
ENFJ,NF,🖤ENFJ-T..!!!🖤,1uJRHLMj0bGpgosa88UjXy,19,0.481684211,0.101277974,0.647263158,0.223992768,-7.152157895,3.289998485,0.526315789,0.512989176,0.044836842,0.03892583,0.095688679,0.215487632,0.136036842,0.067456572,0.366631579,0.214992302,113.8146316,36.37210238,0.0523374,0.159187328,1,2,1,0,0,2,0,0,2,1,1,0,0,2,0,1,2,1,0,0,0,0,0,3
ENFJ,NF,Tangerine Listens 🎶,5KbZiUIOoVSucAmPBoXNPo,50,0.71188,0.135468596,0.610164,0.166616626,-6.22314,1.990836641,0.64,0.484873221,0.08089,0.065130538,0.28897606,0.270412245,0.16384,0.135007425,0.61744,0.22725623,117.67618,23.55480849,0.003726136,0.025011625,1,8,5,4,0,3,1,0,2,1,3,5,1,2,1,3,0,1,1,1,2,5,0,0
ENFJ,NF,enfj,2g6sy4ntUWqQ27RSXWcAPc,34,0.655205882,0.099834341,0.701411765,0.146885673,-5.995823529,2.003784396,0.705882353,0.46249729,0.069297059,0.056949991,0.151952,0.174214858,0.171611765,0.112071732,0.547914706,0.223266193,113.7621471,22.8256613,0.013650304,0.043668967,1,3,1,5,0,5,0,0,0,0,0,0,0,3,2,1,1,1,2,2,2,2,0,3
ENFJ,NF,ENFJ,5OYZ6MADiIMGjwMnRoH4wS,50,0.59952,0.150694615,0.71638,0.132658052,-6.20106,2.007727189,0.58,0.498569382,0.242728,0.13420349,0.1907634,0.17971845,0.246626,0.199516411,0.54291,0.214273611,114.11458,36.69432066,0.009843957,0.064329012,2,1,2,4,1,2,0,0,2,0,2,3,3,5,0,5,2,4,1,3,2,2,2,2
ENFJ,NF,enfj // the protagonist ,2lYBRMPl4MSVTZQC1RAv5H,50,0.60178,0.129256317,0.68972,0.162770157,-6.45524,2.102203563,0.64,0.484873221,0.059502,0.05617034,0.13959214,0.20767162,0.179638,0.151210401,0.5062,0.204455075,123.71652,23.17049367,0.012639253,0.059132496,2,4,3,3,0,7,2,1,4,2,3,0,1,2,0,2,2,5,0,2,1,1,1,2
ENFJ,NF,ENFJ's taste 🤌🏽,1OwUMxVFkdlqasQ2Q6gMIF,50,0.66974,0.109173109,0.6529,0.170612492,-5.50196,2.516999306,0.76,0.431419111,0.059096,0.035148652,0.25918806,0.263942975,0.146996,0.091756993,0.59394,0.233002094,122.58292,28.19812632,0.000145834,0.000478895,1,5,1,1,1,3,0,1,0,0,4,2,1,8,0,2,1,9,1,1,4,3,0,1
ENFJ,NF,ENFJ-A ,5XMUoX5XXrLdDwOKfexizG,50,0.524308,0.165996264,0.649142,0.242964813,-8.64994,4.346658968,0.56,0.501426536,0.046286,0.025669739,0.301645404,0.327782768,0.197802,0.169705218,0.377956,0.267185882,125.46416,23.41899523,0.297338939,0.379292954,0,3,1,5,0,2,0,1,3,1,1,4,2,4,2,1,1,4,3,1,3,2,0,6
ENFJ,NF,enfj,4WMMNsKt4nozNcCBYZQyYU,31,0.629516129,0.131954252,0.657935484,0.151346608,-5.546258065,2.172514441,0.612903226,0.495137648,0.066867742,0.051129172,0.220432581,0.285618175,0.167587097,0.11091683,0.501129032,0.192278573,123.6311613,26.69471148,0.003096619,0.012107218,0,5,4,1,0,4,0,0,0,2,2,1,0,1,1,4,5,0,0,0,0,0,0,1
ENFJ,NF,enfj :3,0iAIHzDXvf14gRI0lxol7y,50,0.57978,0.120944293,0.6044,0.182971727,-7.07112,2.941779571,0.72,0.453557368,0.049568,0.024908866,0.25814776,0.293360245,0.132772,0.076913126,0.456126,0.218241511,125.6472,29.04315384,0.02549966,0.085366751,1,3,3,5,2,7,0,1,2,3,3,1,0,4,0,4,1,3,1,2,0,0,1,3
ENFJ,NF,ENFJ x INFJ,77hyTLYxP7gK2Gpr0aEXeh,50,0.53474,0.139184624,0.412284,0.209551669,-10.91894,3.456250111,0.76,0.431419111,0.047978,0.041432479,0.6291924,0.330494734,0.149192,0.088475494,0.387184,0.204536861,115.98506,27.39714113,0.071143723,0.218263028,1,7,3,2,1,4,0,5,1,0,5,0,0,7,0,4,2,2,1,0,1,1,0,3
ENFJ,NF,enfj side,1TOk4EH4Y6O2qtjib3Sewb,39,0.615897436,0.114391708,0.529871795,0.164947867,-7.662153846,2.018643207,0.461538462,0.505035374,0.070169231,0.046818548,0.306184615,0.234125534,0.146574359,0.109570673,0.337707692,0.188055249,114.4947692,28.55370752,0.009591005,0.032312289,1,2,1,0,0,3,1,1,1,1,2,2,4,1,1,5,2,2,0,0,2,1,2,4
ENFJ,NF,ENFJ,41rKOlp1hSseQmSw1PA8me,50,0.6239,0.139063376,0.59698,0.167595296,-7.91868,2.569828498,0.62,0.490314351,0.082082,0.085029622,0.31051788,0.266481682,0.153986,0.108959238,0.50426,0.232600192,116.35052,25.40642596,0.124690592,0.24916711,1,4,2,0,1,4,1,1,1,3,6,5,1,5,0,2,1,1,2,2,1,1,3,2
ENFJ,NF,enfj,3RtEQDzH860JNBUZJMscD6,40,0.56095,0.13758465,0.508375,0.152072467,-9.977075,2.756270449,0.775,0.422902062,0.0384075,0.020047641,0.347198619,0.304288367,0.2135925,0.178585765,0.569275,0.218325091,114.771975,21.09062901,0.057669493,0.185769148,1,4,1,4,1,5,0,1,0,1,6,1,0,2,1,0,2,6,1,1,1,0,0,1
ENFJ,NF,ENFJ,2WdFTTW01rhME5sOcifmEd,50,0.56976,0.124853148,0.6759,0.119525636,-6.26856,1.744743548,0.84,0.37032804,0.055292,0.04651246,0.15225346,0.194644994,0.149704,0.094594581,0.419974,0.199511815,122.30922,31.84341363,0.01938332,0.112413756,0,6,0,4,1,10,0,2,0,2,2,2,1,3,2,3,0,3,2,1,0,4,1,1
ENFJ,NF,enfj-t,6AzFXFCqXzcex5DZKbZvcs,29,0.571931034,0.141006061,0.613782759,0.23003659,-7.672034483,2.869281238,0.931034483,0.257880715,0.054262069,0.033340295,0.325693448,0.314935554,0.163106897,0.093018535,0.522327586,0.231464988,116.9063103,28.9533963,0.104426527,0.259980083,0,5,0,4,0,4,0,2,1,1,0,0,0,1,0,3,0,3,2,0,0,2,0,1
ENFJ,NF,ENFJ-T,6WcFtsygWYciBsdPzFZdTP,50,0.61416,0.152807383,0.71532,0.159192278,-6.3095,2.218669653,0.52,0.50467205,0.062584,0.051762808,0.122961114,0.167392643,0.182472,0.15250058,0.580784,0.247893594,123.68742,25.17850655,0.069746526,0.183219842,3,3,2,4,0,5,1,1,2,2,1,3,2,2,3,1,1,3,2,0,3,2,0,4
ENFJ,NF,enfj vibe,5je4uzUuQlwuc3p891b1JK,10,0.5938,0.130779543,0.6556,0.084927682,-5.7874,1.231489631,0.7,0.483045892,0.05988,0.026996823,0.149999,0.181316939,0.14871,0.066804149,0.4279,0.160148854,133.1868,33.44425222,9.83E-05,0.000238142,0,1,1,2,0,0,0,0,0,0,1,0,0,1,0,0,2,1,0,1,0,0,0,0
ENFJ,NF,enfj things,70mW8VmTQhuccUdrlaHa90,40,0.643425,0.125726379,0.70425,0.131357166,-5.405525,1.566795865,0.625,0.490290338,0.1117625,0.089105952,0.1118385,0.14346394,0.1916225,0.144678624,0.543825,0.23294127,133.486775,29.86961085,0.000815308,0.003973599,1,2,1,3,0,1,1,4,0,2,4,3,0,4,1,1,2,2,1,0,3,1,1,2
ENFJ,NF,highkey ENFJ.,2VyANDItqaqSLKorS3w0Ka,22,0.72,0.14303546,0.7745,0.1715439,-5.575,2.847398445,0.636363636,0.492365964,0.13305,0.087560546,0.079715045,0.143720145,0.234640909,0.194276915,0.445386364,0.253127482,130.5907273,27.87324139,0.113776008,0.264903736,1,2,0,3,0,3,0,0,1,1,0,0,0,1,1,0,0,2,1,0,2,1,1,2
ENFJ,NF,"enfj, 2w3",51mdshTWG3cW8Era2zWy5f,27,0.646703704,0.139011846,0.692037037,0.16468536,-6.897518519,1.915893834,0.814814815,0.395847391,0.081551852,0.073719366,0.233515085,0.247091088,0.164466667,0.112536059,0.636888889,0.214720809,128.2536296,24.30911257,0.032661107,0.074823925,0,6,0,2,1,5,0,0,0,0,1,1,0,0,0,3,1,2,1,1,0,1,1,1
ENFJ,NF,enfj ,4ySIB3wXJXZ5nm9wzEHXda,50,0.5982,0.105240832,0.73376,0.165519043,-5.80286,1.640324781,0.68,0.471212071,0.077868,0.056131185,0.1267914,0.16026364,0.211886,0.129437327,0.5409,0.189967371,125.54626,30.32899362,0.028206252,0.132456474,0,2,3,5,2,4,0,1,0,1,2,4,0,2,3,2,2,5,3,3,1,4,0,1
ENFJ,NF,ENFJ kpop songs <3,4z8RIg2iYb3vtx5e2pX5Zr,50,0.6612,0.10495169,0.78126,0.15155612,-3.90662,1.876763681,0.66,0.478518121,0.071058,0.043341949,0.1846482,0.197715905,0.20709,0.154533065,0.60754,0.182901692,118.1427,23.74992573,4.60E-06,2.32E-05,1,5,0,3,2,2,0,3,1,3,1,2,1,4,1,2,2,4,0,3,1,3,4,2
ENFJ,NF,enfj,1qXwjSUtmIsSc0jJX1GQJ9,50,0.67364,0.099584189,0.457948,0.175987642,-9.97968,3.675072519,0.72,0.453557368,0.06233,0.037962937,0.5183148,0.279528795,0.17635,0.110821698,0.52646,0.193786566,120.42382,31.42299149,0.013413012,0.039876606,0,6,3,6,1,6,0,0,0,2,4,3,0,4,0,2,0,0,0,3,2,3,0,5
ENFJ,NF,<3®️.ENFJ,0XuSN6jLQydCktPGAhc1p1,50,0.5672,0.126880789,0.53554,0.19503691,-8.4516,2.865673579,0.8,0.404061018,0.071066,0.059439816,0.37557,0.323295209,0.12947,0.068263338,0.344498,0.164092583,127.66058,30.82612324,0.010252291,0.068956173,3,11,1,2,0,4,0,1,2,2,3,0,1,5,1,2,1,4,1,1,0,4,1,0
ENFJ,NF,ENFJ,6u44eR9qArkYeSGEKiZBdn,18,0.635722222,0.128593663,0.707666667,0.124602899,-6.203444444,2.21234247,0.666666667,0.48507125,0.066572222,0.035713646,0.113341667,0.132823097,0.172994444,0.093261236,0.511277778,0.19628395,127.3317778,24.01901033,8.12E-05,0.000188229,1,1,2,2,0,1,0,1,0,0,2,0,0,0,0,4,1,0,0,1,1,0,0,1
ENFJ,NF,ENFJ,2lRIzBfMBTw2mgqpMw4Dee,9,0.552666667,0.112417748,0.549555556,0.158662465,-6.380111111,1.439376727,0.888888889,0.333333333,0.072611111,0.101128229,0.455444444,0.31915322,0.120088889,0.023510022,0.364555556,0.206110475,113.0121111,29.80743718,7.63E-06,2.12E-05,0,2,0,0,0,0,0,1,0,0,0,0,0,0,0,4,0,0,1,0,0,0,1,0
ENFJ,NF,was ENFJ,75NtnnJruPHjCTHTTkVIzT,50,0.613,0.141940631,0.409638,0.17736865,-9.47904,3.095590597,0.72,0.453557368,0.081862,0.077203093,0.516874,0.263757971,0.133282,0.070879287,0.30717,0.125516143,115.0855,28.18609708,0.01392113,0.076326678,0,8,1,0,1,3,0,2,2,2,7,1,2,5,0,1,0,3,3,1,1,1,1,5
ENFJ,NF,roxy’s idiot-enfjs vibing 🚨😮‍💨,3CnnYowEuwNOTje3bUCpiU,42,0.663357143,0.147374224,0.660571429,0.159905024,-6.6365,2.445656501,0.619047619,0.491507435,0.072833333,0.058598729,0.158305238,0.19239733,0.179604762,0.115367629,0.568190476,0.232912444,121.8544286,30.11920597,0.014011938,0.055437155,1,1,0,4,1,2,1,0,3,1,6,1,0,5,0,1,1,3,3,0,2,0,1,5
ENFJ,NF,enfj 2w3,4Nckgrc2CmtdpIWUlrGpia,35,0.667457143,0.134974364,0.649142857,0.164161352,-7.655028571,3.174696016,0.685714286,0.471008216,0.100211429,0.094578541,0.225812486,0.227341497,0.189611429,0.18999975,0.635597143,0.217019796,122.0680286,25.96815431,0.007037298,0.026813154,0,1,1,4,1,3,1,1,0,2,0,1,1,3,0,3,1,2,1,1,1,3,1,3
ENFJ,NF,my enfj vibes,1eB5gC1cII264aGJjtEOpv,50,0.57084,0.130517551,0.570824,0.256455334,-9.08498,5.282631095,0.66,0.478518121,0.056242,0.042346819,0.328633006,0.346369437,0.175012,0.114905863,0.435574,0.263415662,120.514,27.89415066,0.092694085,0.219008681,0,4,4,0,0,5,1,2,0,2,5,2,2,4,1,2,2,3,3,2,5,1,0,0
ENFJ,NF,enfj ,5ypPLWLqCcHAitdJ6eRyUP,50,0.67548,0.144529107,0.63274,0.155381927,-6.6048,1.949177765,0.76,0.431419111,0.074114,0.062324798,0.26802608,0.252572932,0.19188,0.143830524,0.616926,0.230367941,126.99048,21.97549133,0.020434689,0.128588758,0,6,1,2,0,5,1,0,0,4,2,1,1,2,2,4,2,6,2,2,3,3,0,1
ENFJ,NF,Enfj 🏙🍀,5tQZLc3I1SluRW9PFJrygk,32,0.4853125,0.129732837,0.58075,0.168088111,-6.66246875,2.243639051,0.8125,0.396557769,0.036459375,0.011983856,0.274523969,0.289985935,0.151759375,0.101857427,0.366565625,0.177708004,120.4349375,28.49004673,0.017906492,0.089245178,3,3,0,1,1,1,0,2,0,0,2,1,1,2,0,1,0,5,4,3,0,2,0,0
ENFJ,NF,enfj things,2SJPc1JhKdesZ82KoHx8zb,50,0.71332,0.110270806,0.57246,0.120505942,-7.7958,1.994806706,0.82,0.388087934,0.06116,0.06452436,0.3632464,0.260440736,0.159946,0.106134572,0.5953,0.198356847,109.93736,19.48524073,0.052320365,0.157190745,1,9,0,2,1,4,0,0,2,1,3,0,1,2,0,5,0,9,1,2,1,3,1,2
ENFJ,NF,enfj ,5xO8zA7cvScSAnOoh6ufpb,8,0.558125,0.163041132,0.66225,0.15173073,-7.71775,2.44222871,0.625,0.51754917,0.0686,0.080230436,0.3111,0.234744895,0.1267875,0.045657872,0.493375,0.304622454,122.967625,40.2739905,0.0281654,0.055039591,0,2,0,0,0,0,0,0,0,0,1,2,0,0,0,0,0,0,1,1,0,0,1,0
ENFJ,NF,ENFJ,1PDyFBzv5axLhjRjhWWIIZ,50,0.59228,0.131812644,0.7154,0.115230559,-5.40006,1.718010696,0.52,0.50467205,0.090112,0.110958666,0.1753888,0.176086741,0.157832,0.128259839,0.4884,0.2018034,130.65722,32.06292913,0.000690641,0.002863762,2,7,3,1,0,3,0,1,1,0,3,4,3,4,0,2,5,1,2,1,2,1,1,3
ENFJ,NF,ENFJ,1PDyFBzv5axLhjRjhWWIIZ,50,0.59228,0.131812644,0.7154,0.115230559,-5.40006,1.718010696,0.52,0.50467205,0.090112,0.110958666,0.1753888,0.176086741,0.157832,0.128259839,0.4884,0.2018034,130.65722,32.06292913,0.000690641,0.002863762,2,7,3,1,0,3,0,1,1,0,3,4,3,4,0,2,5,1,2,1,2,1,1,3
ENFJ,NF,ENFJ,0J41emq3zmUMAG6Z1PacKx,31,0.621032258,0.161909539,0.682193548,0.130463129,-6.341709677,1.869180894,0.677419355,0.475190963,0.105119355,0.117487393,0.14659371,0.199209472,0.155667742,0.090467425,0.540612903,0.225528664,125.644,29.30910237,0.103184401,0.258987315,1,2,0,3,0,0,0,1,0,1,2,1,0,4,1,3,1,1,0,1,1,3,3,2
ENFJ,NF,ENFJ-A/-T PROTAGONIST VIBES,2g0VDpK0OhJ8yLJ58xcCxc,50,0.57306,0.118305797,0.67564,0.188765675,-6.50932,2.637750065,0.52,0.50467205,0.071234,0.0757603,0.195937556,0.263924398,0.183564,0.159861903,0.485732,0.220729328,121.78236,28.78905841,0.067900018,0.20950836,1,2,3,2,2,4,0,1,1,3,3,3,2,4,1,0,3,4,0,2,1,1,2,5
ENFJ,NF,enfj: the protagonist,271png7Dz1e53gVhj7SSiF,45,0.689155556,0.111929352,0.720666667,0.117431992,-4.956466667,1.279956739,0.422222222,0.499494694,0.112951111,0.088013201,0.156836933,0.142565384,0.152995556,0.110862622,0.525133333,0.19317145,117.9045111,23.99107712,5.24E-05,0.000193561,1,3,3,3,0,3,3,0,2,0,1,1,2,1,1,5,2,0,1,2,3,0,4,4
ENFJ,NF,enfj type beat,6ylvYZLXRlFaAOKttkfDyu,50,0.61866,0.139927475,0.67044,0.180686351,-7.49734,2.554081756,0.76,0.431419111,0.059394,0.050475431,0.226289932,0.265952541,0.18658,0.10936193,0.606304,0.203671385,126.13486,27.13233839,0.111083013,0.260445079,0,4,2,4,1,1,0,2,0,6,3,2,1,1,2,3,2,9,1,2,1,2,1,0
ENFJ,NF,ENFJ,3oHlCqjopLIkoJQpjaBShV,34,0.581705882,0.119663551,0.686882353,0.138751307,-5.693205882,1.651854766,0.735294118,0.447811076,0.065261765,0.043314026,0.113856618,0.17787043,0.168617647,0.092544438,0.443655882,0.220931065,127.0741176,27.50714149,0.010226729,0.047783884,0,0,2,5,1,4,0,2,1,3,1,0,0,0,0,5,3,2,0,2,0,1,0,2
ENFJ,NF,enfj vibes🐙,3dly4KI1egWxlWmA5YeRNq,36,0.569194444,0.122383664,0.629694444,0.171145188,-6.665416667,2.178880386,0.694444444,0.467176592,0.058630556,0.051138059,0.22032625,0.255831852,0.133025,0.063994836,0.453216667,0.233123693,120.4191667,33.08121801,0.024837324,0.12839181,1,5,0,2,0,0,0,3,2,1,2,1,0,4,2,2,0,3,0,1,1,2,1,3
ENFJ,NF,💎ENFJ🍎,7F9q0PGHvrkfyQcBXDUwdi,50,0.6113,0.149082124,0.6868,0.170787133,-6.0762,2.5304629,0.62,0.490314351,0.076194,0.077590741,0.1476236,0.199843754,0.171614,0.122907945,0.498604,0.210443448,128.01316,27.89622736,0.014826886,0.103208102,0,4,4,5,3,3,0,0,1,4,1,2,0,5,0,5,3,3,0,1,1,0,0,5
ENFJ,NF,enfj,5gOSqXKfWqVFYqWHv2EsmS,50,0.57346,0.12327921,0.535948,0.230905783,-8.81416,4.499016447,0.58,0.498569382,0.073734,0.076992132,0.36093718,0.317457719,0.197544,0.138254752,0.48198,0.191965823,129.29952,28.66689813,0.02828019,0.100531347,2,5,2,3,1,3,0,0,0,1,2,3,2,4,3,4,2,5,0,2,2,0,3,1
ENFJ,NF,Enfj🪄🙇‍♀️,3O6yZpanuA7Vs73PjiayD6,50,0.61558,0.145787389,0.66348,0.14928896,-7.56466,2.572627559,0.56,0.501426536,0.129662,0.124872302,0.194806257,0.188452789,0.249358,0.169821554,0.57086,0.243498985,124.05626,31.17142901,0.116193527,0.246340478,2,5,2,6,1,1,1,0,3,1,2,1,0,5,2,3,2,2,0,0,4,3,2,2
ENFJ,NF,ENFJ - Taylor's Version,5732JHJA2gB4l230agR5Gs,45,0.579733333,0.085801939,0.649933333,0.139160372,-6.302733333,2.040046807,0.911111111,0.287799032,0.056115556,0.075445914,0.182254933,0.252494311,0.13074,0.07095656,0.443377778,0.168884749,118.4928889,29.78855049,0.004434852,0.024895895,0,4,1,0,0,5,0,0,0,3,11,0,0,9,0,2,0,4,1,0,1,2,0,2
ENFJ,NF,Mixweek#25 ENFJ i INTJ (uczucie i myślenie❤),0oyayVvdJK5nxFEXt1nDkM,37,0.645486486,0.119958933,0.593810811,0.149830244,-8.326405405,2.32452525,0.540540541,0.505227924,0.198764865,0.124719515,0.308206757,0.238967754,0.181135135,0.138565641,0.345324324,0.192731398,126.1988919,31.89120681,0.020797326,0.121734456,1,0,4,6,0,5,0,0,1,0,0,2,1,0,3,4,0,4,0,0,2,1,1,2
ENFJ,NF,enfj,18PIuzjQY5ed5oD1d1xuF9,35,0.580857143,0.123836026,0.6242,0.177458993,-6.990142857,2.626871614,0.514285714,0.507092553,0.059025714,0.037635468,0.302621,0.277839171,0.178608571,0.151616886,0.470714286,0.18348242,128.824,26.09820951,0.039959454,0.148665853,2,1,3,0,2,3,0,1,2,2,1,0,0,3,0,4,4,2,0,0,0,1,0,4
ENFJ,NF,enfj,7yw2FtPtl86tj3cn6I6K8V,29,0.579206897,0.148434781,0.700689655,0.132646981,-6.859482759,1.986074693,0.793103448,0.41225082,0.057503448,0.055369657,0.172796414,0.224383759,0.177324138,0.109989956,0.53362069,0.243703774,125.6931034,28.57751964,0.0898084,0.220593437,1,3,0,2,0,1,0,1,1,2,0,2,1,2,0,1,0,6,3,1,1,1,0,0
ENFJ,NF,"enfj, 2",3bVdWhhQD3mXys9xbN5Nge,46,0.583804348,0.150273028,0.497504348,0.245548455,-8.720326087,4.267164872,0.608695652,0.493435164,0.07681087,0.078761745,0.497779522,0.350763979,0.15431087,0.113025486,0.416584783,0.212562728,124.122413,29.43571583,0.019401077,0.076701128,3,7,3,1,2,2,1,2,3,1,2,0,1,4,1,3,2,3,2,1,0,0,2,0
ENFJ,NF,☀️ENFJ🍀,6Vgzg7aeXucEgT7WABCrc6,6,0.601,0.133209609,0.6195,0.130670196,-7.024833333,2.091042555,0.5,0.547722558,0.04125,0.012404475,0.192156833,0.316999567,0.2795,0.224104119,0.343666667,0.143448481,127.3765,17.97175347,0.018564328,0.028598821,0,0,0,0,0,0,0,0,0,1,0,0,0,1,0,1,3,0,0,0,0,0,0,0
ENFJ,NF,enfj,5UBfQ8BAQACow5lzAR8o3K,50,0.67166,0.132896248,0.5049,0.142614401,-8.70698,2.706901154,0.62,0.490314351,0.073526,0.072213699,0.319925,0.235932054,0.170846,0.127725717,0.546372,0.236990168,116.96974,29.83382648,0.084817334,0.194897357,3,3,0,4,2,3,0,0,1,2,3,3,1,4,0,5,4,2,1,3,1,1,3,1
ENFJ,NF,chapter: ENFJ,0ZQgNx8l4yc4lPevDbd9XU,8,0.619,0.167910691,0.279675,0.124061226,-11.714625,3.568702123,0.875,0.353553391,0.0756125,0.028447517,0.762125,0.196096505,0.144775,0.092180177,0.4515,0.101047372,107.22525,44.58716185,0.002932646,0.006400814,0,2,0,0,0,0,0,0,0,1,1,0,0,1,0,0,0,1,0,1,0,0,1,0
ENFJ,NF,ENFJ THING,1vZLJkJtHdvsAdQUI7nXrU,26,0.606,0.117530932,0.649192308,0.137062911,-6.370269231,1.928029327,0.576923077,0.503831474,0.060715385,0.033255576,0.228103462,0.23216326,0.176596154,0.10672291,0.448807692,0.210879685,136.1199615,30.93289041,0.036991981,0.15967882,1,1,1,3,0,2,0,1,1,1,1,1,1,1,0,4,4,0,0,1,0,0,0,2
ENFJ,NF,ENFJ idek,1z6MwntR63d51XwSAED1hI,50,0.71356,0.128022823,0.64096,0.138087071,-6.52336,1.945984361,0.56,0.501426536,0.117642,0.089107335,0.14819856,0.189868986,0.195336,0.201824265,0.54242,0.215145332,120.87272,25.04665106,0.012253946,0.039726205,1,3,2,11,1,2,1,0,2,1,0,1,1,5,3,3,0,1,0,2,6,0,2,2
ENFJ,NF,Main Character Feelings - ENFJ,7IALvSMN1FIItJiF8GXaUD,50,0.5898,0.133659635,0.62074,0.176266011,-6.70876,2.409065587,0.7,0.46291005,0.056758,0.035593115,0.23566182,0.266342117,0.166198,0.113625063,0.452008,0.222034055,125.44688,27.54973828,0.032083047,0.144334531,3,3,2,6,1,5,1,2,0,2,2,1,0,3,0,5,3,3,1,2,1,1,0,3
ENFJ,NF,Envy (ENFJ),4qVCMmm1Q2a0oJt8DdaZUI,39,0.568461538,0.149693871,0.675512821,0.178842458,-7.102487179,2.266357603,0.487179487,0.506369684,0.060658974,0.037824538,0.241934308,0.265373799,0.237269231,0.175187157,0.534369231,0.186719269,114.1766923,26.53315327,0.052691946,0.171096382,3,2,0,4,2,4,0,1,3,1,0,3,1,0,1,3,1,3,0,0,5,1,0,1
ENFJ,NF,Enfj,3kUk08nhJEYfUOtksYWTsO,42,0.525166667,0.13326755,0.43717381,0.177682028,-11.10685714,3.594996038,0.952380952,0.215540269,0.036180952,0.011177269,0.511911905,0.304646289,0.160890476,0.149325098,0.508642857,0.185621149,114.2985476,27.84692193,0.017545551,0.054434916,0,7,1,1,0,4,0,1,0,4,4,0,0,11,0,2,1,3,2,1,0,0,0,0
ENFJ,NF,Re enfj ,1HhRcqqa61D2cf2yLSz6QB,13,0.472384615,0.152689521,0.737384615,0.175481024,-7.104384615,2.281945316,0.846153846,0.375533808,0.074638462,0.08184774,0.217746262,0.289955062,0.196246154,0.12537114,0.527076923,0.252381478,139.1862308,39.56526866,0.142512308,0.295173302,1,1,0,1,0,1,0,1,0,1,0,0,1,0,0,0,0,5,0,0,0,1,0,0
ENFJ,NF,𝐞𝐧𝐟𝐣+𝐢𝐧𝐭𝐩,1dZNTyleFgEDrsZp2P5xQe,50,0.62078,0.147624909,0.45676,0.146740721,-8.4756,2.248736661,0.82,0.388087934,0.088932,0.089415984,0.439838,0.302130686,0.154482,0.121254084,0.404462,0.208183533,115.9803,32.07879625,0.000803479,0.003455435,0,4,1,4,0,6,2,3,0,3,3,2,0,3,0,5,1,3,4,2,2,1,0,1
ENFJ,NF,ENFJ problems,7nBKYNhz0xmElvxSJaxvnB,50,0.62844,0.13287007,0.505386,0.2112694,-8.9509,3.782932354,0.76,0.431419111,0.069074,0.058881305,0.38373742,0.34407554,0.16263,0.099021569,0.45431,0.226938348,121.94064,26.30232845,0.017540611,0.107414792,1,9,1,2,1,3,0,3,4,4,4,2,0,2,1,3,0,0,2,1,1,5,0,1
ENFJ,NF,enfj heartbreak,1i9BKhtbkyjf2YZsHJtWBU,50,0.4628,0.131029674,0.322068,0.169696809,-10.89026,3.903598454,0.84,0.37032804,0.055952,0.060049932,0.71458,0.260005124,0.170774,0.130177787,0.24632,0.136073848,119.17738,34.88490786,0.043545997,0.142776427,0,10,2,6,1,2,0,4,1,4,2,1,0,3,0,2,2,1,3,4,0,1,1,0
ENFJ,NF,enfj-t,5WeyHyQYlNbQueZgYXbKaE,50,0.66534,0.116189432,0.67384,0.146398026,-5.86348,2.309456277,0.72,0.453557368,0.096788,0.09936569,0.1727438,0.209687135,0.163832,0.096607682,0.58458,0.226714069,127.73476,29.31381386,0.013238673,0.076350382,1,5,2,4,0,4,0,0,1,4,3,3,2,5,1,4,0,4,2,0,2,1,2,0
ENFJ,NF,"enfj, the baddas protagonist",33jVZaR8nrDgKkOsaOPqaY,50,0.56188,0.132711385,0.60996,0.197032988,-7.01476,2.668976878,0.74,0.443087498,0.062724,0.047373512,0.32256,0.301245234,0.177342,0.133984102,0.46162,0.205918241,126.7755,30.47493306,0.034245751,0.127548538,1,3,4,5,1,5,0,2,1,2,6,0,0,4,0,4,3,3,0,1,0,2,0,3
ENFJ,NF,enfj,0wuh5baG4PN0Vd0wVMgJj2,37,0.346945946,0.127119792,0.461945946,0.196972072,-12.77018919,3.862585942,0.486486486,0.50671171,0.043745946,0.013998682,0.433909395,0.347067903,0.127505405,0.084258501,0.143083784,0.116188285,122.6587838,28.59229122,0.835741081,0.215274005,2,6,0,0,3,3,0,0,2,1,2,1,3,2,0,1,4,1,2,0,0,0,0,4
ENFJ,NF,enfj ,0zRkroCJcwcn0f7ShUYMNS,50,0.5282,0.165884272,0.53376,0.215328374,-9.5283,3.911125227,0.62,0.490314351,0.045458,0.026231723,0.408713256,0.343817754,0.150572,0.108256958,0.381954,0.212994452,125.39542,35.05684717,0.336063586,0.382375956,2,4,0,2,1,2,0,1,3,1,5,1,1,1,3,4,3,6,4,0,2,1,1,2
ENFJ,NF,⋆ ˚｡⋆୨୧˚ enfj ˚୨୧⋆｡˚ ⋆,7ALD3kzOx5xt72viaRWvTG,45,0.627422222,0.141936684,0.640511111,0.142664836,-6.988888889,2.364209413,0.688888889,0.468179366,0.043973333,0.032330013,0.199784867,0.207725813,0.194451111,0.138293669,0.592355556,0.194804116,119.0893556,27.1330391,0.132478002,0.267757202,2,4,1,2,0,3,1,0,2,2,6,1,1,3,0,4,2,3,0,4,1,0,1,2
ENFJ,NF,ENFJ - Olivia,2lBKC2dKSWai1pYKNXVxqS,10,0.6041,0.156038777,0.6045,0.146619121,-6.5265,1.308416452,0.8,0.421637021,0.07309,0.04087546,0.27187,0.211112261,0.18693,0.113390231,0.4479,0.221050246,131.8582,30.89851516,1.01E-05,1.88E-05,0,2,0,2,1,1,0,0,0,0,2,0,0,1,0,0,1,0,0,0,0,0,0,0
ENFJ,NF,how does it feel to be like enfj,3UhVovvMWgRTVsSOF9iJBy,50,0.59924,0.152812618,0.55834,0.21164734,-8.24824,3.49827947,0.48,0.50467205,0.068212,0.067852727,0.34926676,0.358121952,0.166546,0.141106792,0.397748,0.213271656,118.23236,26.77303117,0.094434216,0.262815299,1,4,0,6,0,3,1,0,3,1,2,4,1,2,3,2,6,1,0,0,2,3,3,2
ENFJ,NF,pov: you're enfj,20EcZyHx06KcNFQ5yH1JWY,29,0.58637931,0.120990381,0.593862069,0.165205872,-6.659689655,2.46357925,0.75862069,0.43549417,0.061993103,0.060408484,0.298313724,0.3052596,0.161944828,0.102000016,0.449137931,0.181888059,128.4231379,31.38466322,0.048633569,0.168329043,0,1,3,2,0,5,0,1,0,2,2,1,0,1,0,4,2,2,0,2,0,0,0,1
ENFJ,NF,ENFJ,4iqx69NrUuj9AFM7WO9U2g,16,0.5229375,0.08816157,0.821875,0.123501619,-6.4110625,1.867410416,0.875,0.341565026,0.035525,0.010385085,0.03904025,0.059833328,0.1148,0.068700228,0.6559375,0.184040383,118.1711875,29.82368246,0.046774871,0.185664052,0,0,0,0,0,3,0,1,1,0,0,0,0,6,0,3,0,0,0,1,0,0,0,1
ENFJ,NF,:star_struck: ENFJs slaying,2QIUWU1kQFQYeeuJADRdAJ,16,0.6444375,0.114098769,0.74275,0.094638611,-5.2180625,1.422180414,0.3125,0.478713554,0.083625,0.053312544,0.093028312,0.138760343,0.17643125,0.115843893,0.615875,0.132249197,131.453625,31.85743201,2.48E-06,8.33E-06,1,1,1,0,1,2,0,0,0,0,0,2,1,0,0,0,1,0,1,1,1,0,2,1
ENFJ,NF,ENFJ ,45k7CYEvsPqoZtdplDGcKX,41,0.595121951,0.186661886,0.736658537,0.173107858,-6.315536585,2.689132435,0.634146341,0.487652415,0.072370732,0.041659634,0.114167746,0.172916729,0.204609756,0.152568681,0.560419512,0.251513053,122.4813902,30.76130704,0.017921915,0.060128837,3,4,0,2,1,1,0,1,5,5,2,1,0,2,0,1,1,4,1,3,2,0,2,0
ENFJ,NF,🍰🥜,0En46abhKXUw4pde8EyWxW,50,0.6256,0.136651351,0.59158,0.221678301,-6.6473,3.334713329,0.74,0.443087498,0.05465,0.036600955,0.3415586,0.316909005,0.157018,0.101070581,0.53162,0.197627447,121.2102,32.07040008,0.016943364,0.065035343,2,5,1,6,1,5,0,0,1,5,2,1,1,5,0,3,1,3,0,1,2,2,3,0
ENFJ,NF,enfj kpop,6va4U6yKITIaNsOmPgG8PE,39,0.658179487,0.084673326,0.800307692,0.111964551,-3.770846154,1.555179623,0.743589744,0.44235903,0.075169231,0.051097987,0.151332308,0.13495564,0.209530769,0.13919561,0.636076923,0.170016158,125.8239487,26.16193829,4.84E-05,0.000301003,1,3,2,4,0,3,0,0,0,0,1,0,0,3,0,4,4,5,1,3,1,2,0,2
ENFJ,NF,enfj,22l9z4dDfyvqGS8dpJ1Q9a,50,0.60188,0.119521775,0.53948,0.191298169,-8.08308,2.536413802,0.78,0.418451958,0.07079,0.07255431,0.407813,0.319843346,0.13747,0.102926396,0.397858,0.191005268,121.06352,28.7040514,0.019742791,0.080942242,1,8,1,1,1,1,1,1,0,5,5,1,1,4,0,1,3,5,4,4,0,0,1,1
ENFJ,NF,ENTP & ENFJ,5RmBifFmgvl78oSOQe5VkN,50,0.64056,0.1678295,0.69954,0.213656238,-5.70964,2.107583458,0.62,0.490314351,0.101924,0.093762598,0.207543728,0.31092501,0.18605,0.126832755,0.479776,0.218876171,123.99,28.01388447,0.004918564,0.017977779,1,8,0,4,1,3,0,1,1,0,0,3,0,3,3,5,4,2,1,2,1,2,2,3
ENFJ,NF,enfj background music,1l1CCnsuPR1ucLX5dfvPM1,12,0.677666667,0.093610735,0.704166667,0.181396519,-5.521,1.657470252,0.583333333,0.514928651,0.060275,0.053097237,0.249938667,0.183875443,0.22065,0.128300666,0.6205,0.188867679,124.57975,24.50230487,0.000342219,0.000943429,0,2,0,0,0,0,0,0,0,0,0,0,2,3,1,1,2,1,0,0,0,0,0,0
ENFJ,NF,ENFJ's,4jK4flnNuFQBGCkPdnsMKh,8,0.586375,0.190377023,0.72675,0.138977645,-6.155,1.329100985,0.375,0.51754917,0.0745125,0.066580959,0.256839825,0.213941556,0.218175,0.194330211,0.599,0.142119668,121.1415,25.29994541,0.091107575,0.151004741,0,0,0,0,0,0,0,0,0,0,0,0,2,0,0,1,0,2,0,0,0,0,0,3
ENFJ,NF,ENFJ CORE!,2tRCF7MFd2MUY92xwwzLSW,50,0.56558,0.104971151,0.64726,0.196221325,-6.59998,2.779705127,0.78,0.418451958,0.065086,0.050284205,0.21889002,0.287109989,0.145742,0.089541868,0.439624,0.178474715,122.26318,29.93973465,0.00808756,0.033107249,2,4,1,2,1,6,0,0,0,3,4,1,0,6,0,4,2,2,2,2,1,4,1,2
ENFJ,NF,enfj 2w3 perfectionist with a savior complex,5OQpTAWePHFGsHR0Go5L8e,50,0.58308,0.109257576,0.60058,0.189375137,-7.02496,2.752494594,0.72,0.453557368,0.066718,0.082118942,0.32932392,0.328668895,0.140308,0.094788058,0.449806,0.208354055,124.39058,25.75282435,0.044199324,0.151440003,2,7,0,1,0,9,0,0,0,3,2,0,0,2,1,5,5,2,2,3,2,0,0,4
ENFJ,NF,ENFJ,6wsTR0xMnA26xdG9sGFXhs,50,0.54806,0.146659735,0.60472,0.1890902,-6.90114,2.748545589,0.52,0.50467205,0.046928,0.023960836,0.29534636,0.320899343,0.189626,0.136258769,0.45492,0.198717094,116.73562,31.30904526,0.064284187,0.179803721,3,1,4,3,2,6,0,1,2,2,3,0,2,3,0,2,4,1,1,3,3,0,3,1
ENFJ,NF,enfj,2CFMy8FFQCrES8NbCCfBcH,26,0.529,0.178984022,0.636482308,0.210606785,-7.203576923,4.266025693,0.653846154,0.485164524,0.061096154,0.102074684,0.234484846,0.308390877,0.239319231,0.172439244,0.475965385,0.26011004,123.5865385,43.07525806,0.124889277,0.25418667,2,3,1,1,2,3,0,1,2,0,1,0,0,3,0,1,0,0,0,4,1,0,0,1
ENFJ,NF,enfj (taylor’s version),1Nz9Q6TJpLY0JoguW8Nyq6,24,0.579166667,0.101039238,0.606583333,0.168874514,-7.374166667,2.782054115,0.833333333,0.380693494,0.060645833,0.0410817,0.234307542,0.273913799,0.12375,0.07034704,0.412108333,0.186845632,124.8736667,32.26776484,0.008097712,0.033967825,0,1,0,0,0,4,0,0,0,2,4,0,0,5,0,1,1,1,0,0,1,2,0,2
ENFJ,NF,feeling very enfj,2JiZvyqQVEOh0lcJoRbaVs,50,0.63826,0.12794559,0.67494,0.183268333,-6.6285,2.587396329,0.5,0.505076272,0.1149,0.109708413,0.16145584,0.228066089,0.188234,0.13500986,0.519568,0.202045339,119.42334,28.48433258,0.044710815,0.15121686,1,2,2,5,1,4,2,1,1,0,1,1,3,3,3,4,4,0,3,0,3,2,2,2
ENFJ,NF,ENFJ,1hE6xtYCIkh3zouODLsyCe,50,0.54478,0.133401235,0.63202,0.212188739,-7.74028,3.621160576,0.8,0.404061018,0.042974,0.029147568,0.2751144,0.300106271,0.167076,0.140830176,0.54524,0.225737934,121.87414,27.55349478,0.067084304,0.186673867,2,7,0,2,1,6,0,1,2,1,5,3,1,6,0,2,1,4,3,2,0,1,0,0
ENFJ,NF,ENFJ 🗡️,3fI5Py2EHY7lAXrfGENrbX,49,0.431612245,0.107313951,0.87622449,0.125408211,-5.865020408,2.479057125,0.571428571,0.5,0.081265306,0.068406239,0.034523153,0.105003538,0.221889796,0.166816369,0.427930612,0.183688716,123.277449,30.12036737,0.079079653,0.164891764,0,3,2,3,1,4,1,0,9,2,0,2,2,3,1,3,2,6,1,2,0,1,0,1
ENFJ,NF,ENFJ ❗️,61FXuZBPvN8WTtFijFzur6,18,0.725555556,0.138095969,0.627388889,0.109310749,-6.526444444,1.42142953,0.333333333,0.48507125,0.155944444,0.112014139,0.283094444,0.221385484,0.103994444,0.027511783,0.637222222,0.195758121,102.8675556,21.20579714,0.02974715,0.10441255,1,1,1,0,0,1,0,0,2,0,0,1,0,1,1,0,2,1,0,0,1,2,2,1
ENFJ,NF,ENFJ Boost,2fSIOb34tL8E2TCawXH9uU,50,0.56798,0.153085076,0.66592,0.172705582,-7.6301,2.786303668,0.84,0.37032804,0.059298,0.055785904,0.287071484,0.288496557,0.163952,0.120184143,0.616756,0.273318976,132.5129,29.82982637,0.0343237,0.110604053,1,3,1,2,0,5,0,0,2,3,3,2,0,12,0,3,1,6,3,0,0,2,0,1
ENFJ,NF,songs written by enfj,5K5hzqEHCvyVb0hejq3zIP,50,0.54126,0.124038804,0.64776,0.166953074,-6.32418,2.654628655,0.64,0.484873221,0.07776,0.082314598,0.22818982,0.249184201,0.174564,0.136268399,0.41094,0.188789961,127.306,31.83367312,0.017499129,0.070307825,1,0,3,1,1,5,0,1,1,2,3,1,2,7,0,3,3,2,0,5,3,3,0,3
ENFJ,NF,Feeling like ENFJ in 2022,1lDJ7hsD41xLmxAmzKZjkq,50,0.5243,0.157975618,0.4356778,0.285235411,-11.41618,8.361477037,0.56,0.501426536,0.054142,0.0252193,0.514261,0.374632797,0.122732,0.074618208,0.347466,0.209076618,113.27988,30.70182264,0.065227262,0.223132197,2,4,3,1,3,5,2,1,0,2,3,1,0,4,0,3,4,1,1,1,2,2,4,1
ENFJ,NF,✨enfj 3w2✨,2qXz1QnKfJdTScQS9oFpLD,50,0.64494,0.116738223,0.6686,0.1773302,-6.65634,2.599927751,0.66,0.478518121,0.06592,0.044744098,0.18138706,0.200996921,0.172056,0.163144964,0.615538,0.231233336,121.85292,25.71835639,0.006941081,0.024867361,1,8,2,3,1,4,1,0,2,1,4,0,2,3,2,4,1,2,1,1,2,2,1,2
ENFJ,NF,enfj ,1LWwP1CdbBCso3akU8G7T7,50,0.69654,0.128664127,0.60648,0.159796457,-6.05012,1.744023247,0.54,0.503457434,0.122232,0.094796757,0.32784,0.241735827,0.15335,0.092514308,0.559886,0.215709169,116.32148,27.05643063,0.000895334,0.005876677,0,4,1,0,0,2,2,1,2,1,2,3,1,4,0,7,1,2,0,4,5,0,4,4
ENFJ,NF,ENFJ-A,4YGYzJiiBPkpA2RYrXBvFZ,50,0,0,0,0,0,0,0,0,0,0,0,0,0,0,0,0,0,0,0,0,0,0,0,0,0,0,0,0,0,0,0,0,0,0,0,0,0,0,0,0,0,0,0,0
ENFJ,NF,enfj x infp,2QLpzyQcN89QYLtq4CIySE,50,0.55178,0.155891418,0.487614,0.17020094,-9.11188,3.764878737,0.82,0.388087934,0.044128,0.024956787,0.4253316,0.310632716,0.139362,0.089947461,0.431852,0.248760259,118.93966,27.99274664,0.040070347,0.107870628,2,7,0,3,0,6,0,1,2,3,2,3,1,5,0,2,0,6,3,0,1,3,0,0
ENFJ,NF,ENFJ energy ♡,1jc3tgt0eBkrftTO8Wbvl6,50,0.60302,0.126120042,0.73622,0.160874687,-7.73254,3.171272739,0.6,0.494871659,0.04479,0.025416982,0.173455728,0.180062279,0.19827,0.191314245,0.625142,0.246921305,121.26824,24.34850194,0.007487433,0.020427643,2,2,0,2,2,4,0,2,3,0,5,3,1,5,0,2,1,4,0,3,3,1,1,4
ENFJ,NF,enfj we gang gang,4BFBFrx5ZqmXUm0sXvLWVK,19,0.657947368,0.168108587,0.740473684,0.134864693,-5.162315789,1.611184038,0.684210526,0.477566933,0.111652632,0.064032946,0.074738316,0.098008291,0.275247368,0.203985728,0.628157895,0.234109961,135.5494737,29.25868691,0.002895709,0.012496655,1,0,0,1,0,3,2,0,0,2,1,0,0,5,0,0,1,1,0,0,0,0,0,2
ENFJ,NF,ENFJ,1X2ITkyrrGtvt1SNngauzQ,19,0.551684211,0.101264808,0.703315789,0.107002104,-5.521842105,1.610675816,0.578947368,0.507257274,0.066826316,0.097965123,0.107223526,0.166672491,0.127231579,0.069092,0.364489474,0.16289191,132.5113684,23.64119935,0.076654396,0.216820793,2,1,1,1,0,1,0,1,1,1,1,0,0,2,0,0,3,0,2,1,0,0,0,1
ENFJ,NF,Enfj aka main character anthems,5Mx5OGl7MPTkOg4YE3FKmk,50,0.5608,0.17534258,0.63762,0.199558379,-6.89902,2.984962691,0.6,0.494871659,0.076496,0.0822909,0.212303608,0.262875658,0.168632,0.121569103,0.475876,0.23924753,136.9026,33.45746288,0.098330078,0.228436227,2,5,1,4,0,2,0,1,5,2,3,4,1,3,1,2,1,5,3,0,2,0,2,1
ENFJ,NF,the enfj playlist ,2zMJ1mnMa2jb2CqfxW7c7g,20,0.5533,0.127430931,0.4857,0.164914364,-7.9805,1.985857087,1,0,0.04153,0.014803524,0.53888215,0.29859227,0.1846,0.159511755,0.3742,0.14706089,112.7176,20.82424079,4.74E-05,0.00015145,0,3,0,0,0,2,0,1,0,3,3,0,0,3,0,0,0,2,2,1,0,0,0,0
ENFJ,NF,enfj-t vibes,4i854L1AP5ksRPoU9sbERq,23,0.615,0.125967889,0.620826087,0.134647909,-5.977521739,1.747077244,0.652173913,0.486984754,0.061878261,0.035609242,0.239001739,0.234797417,0.170821739,0.09939303,0.518913043,0.223289236,135.2213043,28.47652046,0.001637993,0.006951883,0,3,2,3,1,1,0,0,0,1,4,1,0,1,0,1,2,0,0,1,1,0,1,0
ENFJ,NF,enfj,4MTuyqO2RFcJ2YwhdksJiN,13,0.548615385,0.090311072,0.589846154,0.167157534,-8.730538462,2.338769998,0.769230769,0.43852901,0.040846154,0.025449644,0.279307692,0.302660184,0.244923077,0.144282975,0.466769231,0.242471013,123.3278462,27.19802528,0.013027642,0.04596753,0,0,0,1,1,2,0,0,2,1,1,0,0,0,0,1,0,2,1,1,0,0,0,0
ENFJ,NF,enfj 3w2,4YfaG5oMNG6wSzm1AeThgm,50,0.48132,0.13905724,0.46694,0.202527742,-9.43804,3.176465479,0.84,0.37032804,0.042154,0.024965913,0.38094944,0.362739315,0.146244,0.080356263,0.355918,0.170748615,123.44452,33.42486196,0.092288383,0.24045276,2,7,1,0,0,8,0,0,3,4,4,1,0,8,0,1,1,5,3,2,0,0,0,0
ENFJ,NF,𖧷Enfj𖧷,1kKFCecaZz4GNC86YQSAQz,50,0.5725,0.161837062,0.602058,0.214582273,-8.2422,3.835492726,0.58,0.498569382,0.071236,0.074951712,0.255768669,0.285599833,0.151938,0.110091811,0.436454,0.249020869,117.39676,30.02488755,0.144934294,0.275232649,3,4,2,3,0,6,3,1,0,0,3,3,1,0,1,3,1,4,0,1,2,4,0,5
ENFJ,NF,The Protagonist (ENFJ),4mqjGdeixDZ00gcKJOhUbM,35,0.641114286,0.126176527,0.632485714,0.176039496,-7.3292,2.686319369,0.828571429,0.38238526,0.085522857,0.096339297,0.220650371,0.254971814,0.155094286,0.08963992,0.499,0.213362437,120.4116857,24.8233243,0.074342367,0.19390645,0,3,1,3,0,3,0,1,0,2,6,0,0,0,0,5,0,4,0,0,0,2,3,2
ENFJ,NF,pov: you’re prettier and funnier,57PuoSgMTKxJSUBsVsj0Mm,50,0.57324,0.144336138,0.636724,0.207990396,-7.33994,2.724804501,0.68,0.471212071,0.064126,0.035557277,0.22848728,0.30323093,0.192216,0.12309175,0.455608,0.243458906,123.5468,27.07308134,0.038365202,0.114483612,0,5,1,1,0,4,0,1,4,3,4,1,1,3,0,4,3,3,2,3,1,1,2,3
ENFJ,NF,ENFJ's,2aj7RPIrUF1ZCH3MxoM7g7,14,0.655214286,0.157930451,0.704428571,0.124849272,-6.388642857,1.860171771,0.714285714,0.468807231,0.084378571,0.067436342,0.129691314,0.197100708,0.12565,0.068458901,0.522785714,0.159675719,123.7295714,26.52165397,0.047794821,0.168666535,0,2,0,1,0,0,0,1,0,0,0,0,0,3,1,2,0,1,0,0,1,0,1,1
ENFJ,NF,ENFJ Type Beat,7D8r3DIjGRwWJP47KmRl0h,19,0.533157895,0.101810425,0.828210526,0.128230512,-4.401,1.338214565,0.842105263,0.374634325,0.069152632,0.030303142,0.036660737,0.084174835,0.1926,0.186972999,0.625842105,0.19019413,141.6926316,29.59216945,1.47E-05,5.06E-05,0,1,0,4,0,2,0,1,0,1,0,0,0,3,0,2,0,1,0,0,0,1,0,3
ENFJ,NF,ENFJ-A,2JoyHkMfFtOQUwZE9Wlp0A,50,0.685,0.114672916,0.62814,0.164203086,-6.59968,2.618396592,0.54,0.503457434,0.126508,0.116914465,0.2952368,0.234771407,0.177106,0.127795708,0.517628,0.224946862,128.476,31.81265387,0.046253958,0.167799548,3,4,1,5,0,5,1,0,2,0,1,5,0,1,4,0,1,2,3,1,3,5,2,1
ENFJ,NF,ENFJ vibes 🌹,0ZbzkSp042dfW9PtGOQYpT,50,0.61828,0.139966037,0.569,0.195220545,-6.15738,2.626779132,0.86,0.350509833,0.064374,0.063369844,0.477979,0.284351251,0.17969,0.124259574,0.49362,0.218137187,114.64308,29.96628838,0.013840905,0.063534451,1,7,0,2,0,3,0,1,1,3,2,1,1,2,0,6,0,7,1,4,0,5,0,3
ENFJ,NF,ENFJ,0aKhMTzlzKmTiz4FcH3RLu,8,0.61125,0.104317852,0.71175,0.154449946,-6.94675,2.620062799,0.75,0.46291005,0.0879125,0.082741446,0.22646625,0.219840288,0.130675,0.084196382,0.61175,0.201919892,116.479,31.53316074,0.001619228,0.002554792,0,1,0,2,0,0,0,0,0,0,0,0,1,0,0,0,1,3,0,0,0,0,0,0
ENFJ,NF,enfj & infp <3,4cBrmoemwOcsB5qihNOEf9,50,0.52736,0.152148123,0.621848,0.248218592,-7.37936,3.311465788,0.9,0.303045763,0.04729,0.026519814,0.2722926,0.320269024,0.165044,0.115889101,0.465166,0.243635279,126.80576,33.29451181,0.059176058,0.167591231,0,8,0,1,0,5,0,5,1,3,5,0,0,7,0,0,1,8,1,1,1,1,2,0
ENFJ,NF,Enfj benliğime hitaben,6B1djhgmB7SnF5Q1mNA4du,26,0.714730769,0.087494255,0.803,0.096316977,-7.645807692,2.033115068,0.307692308,0.470678724,0.072503846,0.037485618,0.165758423,0.192523564,0.157434615,0.129826552,0.787346154,0.138217204,114.8701923,23.62418225,0.0011017,0.004969372,0,0,2,0,1,0,2,0,2,0,1,2,0,3,1,1,4,1,0,1,3,1,1,0
ENFJ,NF,sry im enfj,3CjhO3wntBI5puf6TNQFpL,50,0.70956,0.103046484,0.69802,0.135742176,-5.52556,1.755180032,0.66,0.478518121,0.103736,0.082500631,0.10690717,0.114717619,0.205562,0.179537807,0.6046,0.195801753,126.86502,21.00769386,0.000869174,0.003933465,3,3,2,6,0,2,1,1,3,3,5,1,1,3,1,8,1,0,0,1,1,1,2,1
ENFJ,NF,the protagonist,5ApCx7rmvysAf3tqGsXr15,50,0.64708,0.133816481,0.66274,0.18839741,-7.21786,3.201052359,0.52,0.50467205,0.15464,0.120194193,0.16863266,0.197722074,0.160926,0.099163363,0.50336,0.180860614,104.23282,30.80639687,0.064094381,0.214391602,0,2,1,2,2,3,0,0,4,3,0,2,2,5,4,3,3,2,2,1,2,3,0,4
ENFJ,NF,ENFJ,1ZDrVI3y7uM4vd96eO94eF,34,0.542764706,0.143159174,0.553588235,0.202736748,-8.644058824,3.309025774,0.794117647,0.41042563,0.067952941,0.071950299,0.333067941,0.304938225,0.148241176,0.111422219,0.403344118,0.218286602,127.8554706,27.26701023,0.038179488,0.142399322,0,4,1,2,1,2,0,0,1,3,1,0,0,3,1,2,0,4,1,2,1,3,0,2
ENFJ,NF,ENFJ 💫,2njflyvtW2jxBLHwwquGeS,50,0.58276,0.127852683,0.60188,0.196539723,-7.10768,3.251518304,0.82,0.388087934,0.063722,0.057965476,0.3039022,0.298126733,0.153078,0.12823501,0.44654,0.179848713,112.01662,27.93279892,0.001266495,0.004643906,1,8,1,2,0,2,0,2,0,1,4,1,2,4,0,8,1,6,2,0,1,2,1,1
ENFJ,NF,she's a ENFJ leo,5w63j2vvqdx85B1RXZhlzK,50,0.6487,0.139565689,0.59928,0.187593246,-6.969,2.638487469,0.4,0.494871659,0.108066,0.088139999,0.2830876,0.28004379,0.196584,0.137644827,0.45584,0.170774748,116.27398,30.02548876,0.019040617,0.091107126,2,2,3,4,0,2,1,1,8,2,2,2,1,6,1,0,5,0,0,0,1,1,2,4
ENFJ,NF,4,6eug5dctld3p8sjcT7izZz,50,0.61102,0.109886117,0.46592,0.14059289,-8.99714,2.685490325,0.94,0.239897937,0.052894,0.063730224,0.4313762,0.256009196,0.175976,0.114208377,0.431658,0.191305395,110.2753,29.15673726,0.012310304,0.060903181,0,3,2,4,0,6,0,1,0,5,2,1,0,7,0,5,0,7,1,3,0,3,0,0
ENFJ,NF,ENFJ ilacı pozitif şarkılar,22mF0U7XMzAL4ANiH7QA3N,50,0.6373,0.131384814,0.7847,0.133403217,-6.06124,2.255837702,0.44,0.501426536,0.08919,0.084150056,0.153848012,0.188415632,0.14935,0.124628806,0.69504,0.220688159,127.01522,28.62432897,0.001733038,0.007494467,2,1,4,3,3,0,1,1,5,1,1,4,2,2,2,3,1,6,1,2,1,1,1,2
ENFJ,NF,ENFJ,6vdSr4Ji0qDyJhhtgchRPz,31,0.572322581,0.137005447,0.801645161,0.159830858,-4.901935484,2.604341323,0.548387097,0.505879411,0.059964516,0.031291634,0.193317171,0.259557549,0.209083871,0.133394278,0.597258065,0.228549188,121.6123548,27.65457905,0.007127307,0.027124629,0,1,1,1,1,3,0,0,1,1,2,0,2,3,1,2,2,2,0,1,3,1,2,1
ENFJ,NF,ENFJ,56wM8mFQRVFhv9V7BxJthu,28,0.459178571,0.173111408,0.567428571,0.194216075,-9.467785714,3.757019508,0.5,0.509175077,0.071975,0.090693822,0.245415964,0.26872236,0.217807143,0.176056727,0.307596429,0.169681891,121.4451786,34.45437161,0.158849425,0.242115776,1,4,1,3,0,1,0,0,1,0,1,1,0,2,2,1,1,1,0,0,4,1,2,1
ENFJ,NF,ENFJ.,4KwwSJ01mhhRFv4OUGQncT,36,0.548138889,0.134664907,0.621055556,0.145934612,-6.562333333,1.7889053,0.666666667,0.478091444,0.056125,0.033215516,0.168684306,0.215724612,0.181855556,0.105667001,0.383255556,0.192445545,130.95425,30.63655714,0.014605151,0.052984937,1,2,1,2,0,2,0,2,1,2,2,2,2,0,1,4,3,1,4,3,0,0,0,1
ENFJ,NF,esfp,39ollChzuQhxnzJ9wmlE2M,13,0.592076923,0.160928277,0.602846154,0.174742118,-6.996923077,3.398466038,0.615384615,0.506369684,0.157692308,0.165507842,0.266610769,0.258816614,0.213284615,0.16128081,0.392,0.229022925,116.4021538,28.79484375,0.007518399,0.021712711,0,0,0,1,0,1,0,0,1,0,0,0,1,1,1,1,0,0,1,2,0,1,1,1
ENFJ,NF,enfj ,3kg8KJ7EUjBbszbvp2Xpiz,50,0.55766,0.144633895,0.696348,0.195309796,-5.60408,2.806095645,0.92,0.274047516,0.059364,0.038945665,0.21463538,0.271606774,0.16187,0.141494343,0.532708,0.229390768,129.57928,31.35092714,0.003914211,0.019334132,0,5,0,2,0,6,0,2,1,5,5,0,1,5,1,5,0,4,3,1,1,3,0,0
ENFJ,NF,ENFJ 3w2,40U69UYd83xQdBSvIQnKDN,47,0.576723404,0.13129633,0.595276596,0.208782673,-7.351,3.114086516,0.765957447,0.427976328,0.070057447,0.078853769,0.285531277,0.288154275,0.135344681,0.098706821,0.478629787,0.239629656,124.1350638,27.87354564,0.000235213,0.000664196,0,9,2,1,0,6,0,0,3,4,3,1,2,3,0,1,0,3,2,2,1,2,1,1
ENFJ,NF,ENFJ :),72uCSuIrU8fDqvHOtQERRY,50,0.58694,0.130564615,0.61582,0.18724563,-7.39776,3.085521003,0.66,0.478518121,0.071732,0.072093554,0.25216118,0.275999387,0.159158,0.12188223,0.436384,0.205190825,127.111,29.64614116,0.04246077,0.109734974,1,2,3,3,1,7,0,1,0,3,4,1,1,3,0,6,6,1,0,2,1,1,1,2
ENFJ,NF,.:+*Youthful*+:.,10lSHJWnukqrWWkr2Vcr23,50,0.6673,0.106352178,0.71866,0.13691359,-4.53096,1.193636323,0.56,0.501426536,0.0693,0.053541988,0.073839558,0.134217623,0.1592,0.114790002,0.57186,0.224201987,123.3546,22.09008023,0.000221468,0.000863028,1,2,5,1,1,2,2,1,0,5,3,0,1,6,0,6,1,0,1,0,6,1,2,3
ENFJ,NF,My Personality (Enfj - T),5k2i6zxacsoUyQ3MWBH6WU,7,0.663857143,0.074744963,0.656428571,0.103100044,-5.654285714,2.252530408,0.571428571,0.534522484,0.061385714,0.04867886,0.180505857,0.224157255,0.224357143,0.199878245,0.580285714,0.233435726,122.8522857,15.98428211,0.012138621,0.021076707,0,1,0,1,0,1,0,0,0,0,0,0,0,1,0,0,1,0,0,0,1,0,0,1
ENFJ,NF,➪𝙴𝚗𝚏𝚓,1o4zKymdW6mEMzOa11muqi,30,0.674866667,0.156397534,0.684533333,0.142791802,-6.131633333,2.108818896,0.633333333,0.490132518,0.0661,0.051142162,0.103251333,0.127714606,0.180013333,0.106728207,0.6429,0.257871707,134.3051333,27.39901371,0.000482896,0.001044881,1,0,0,3,1,3,0,1,0,2,1,2,0,0,0,3,1,2,1,1,2,2,1,3
ENFJ,NF,enfj x infp,5nnnoWATFPCW7hmCvC4zWN,50,0.58642,0.119955789,0.56034,0.228178288,-7.78042,3.696383937,0.86,0.350509833,0.061446,0.068164313,0.3708774,0.326586789,0.170686,0.113820516,0.481358,0.233260308,116.62922,28.61310734,0.02657932,0.12861896,0,6,1,1,1,3,0,1,1,4,3,2,0,8,2,3,0,4,3,1,0,6,0,0
ENFJ,NF,My songs MBTI: ENFJ,6UYiDJvgg7fWevA5rnecX7,18,0.572444444,0.130955862,0.697277778,0.143892855,-5.863666667,1.678846102,0.666666667,0.48507125,0.062477778,0.039904468,0.120811167,0.194894567,0.204983333,0.143645312,0.391388889,0.136186783,140.9722222,28.29504201,0.014883879,0.040721909,2,0,1,1,1,1,0,1,1,1,1,0,0,1,0,3,1,0,1,1,0,1,0,0
ENFJ,NF,ENFJ’s,3SOUbWxIqp5HyFfSk5N2pK,41,0.631292683,0.127133246,0.688243902,0.152624831,-5.227439024,2.176398436,0.756097561,0.434769353,0.072231707,0.05668223,0.224992463,0.257564843,0.196141463,0.150489784,0.54197561,0.213673991,126.2463902,30.80923336,0.02605217,0.128912152,0,3,2,5,0,7,0,1,0,2,3,1,0,3,0,3,3,1,1,2,1,0,0,3
ENFJ,NF,ENFJ,5IXqFAkhoD9iYsW6hdNjMg,50,0.55996,0.124488334,0.63276,0.159332992,-6.7094,2.553055384,0.64,0.484873221,0.05729,0.051628149,0.194538388,0.224848753,0.167038,0.092756781,0.451338,0.226033251,128.85178,32.6388876,0.042001968,0.143433518,2,4,0,4,1,2,0,1,1,2,4,2,0,3,2,3,6,5,3,0,2,1,2,0
ENFJ,NF,ENFJ 🤝🏼,06NDZxiQhEy9h7doMA1Cqx,50,0.51464,0.150156077,0.5961,0.225969047,-7.94888,3.082238682,0.7,0.46291005,0.038312,0.014343905,0.30683874,0.282179745,0.195924,0.144070645,0.494198,0.243130635,119.41962,28.07259777,0.039692032,0.1499571,0,5,1,2,0,10,0,1,3,4,2,3,2,4,0,2,2,0,1,1,1,3,2,1
ENFJ,NF,ENFJ- The Main Character If She Was Otherworldly,4OpKB14Zg8xOVaGT1g0iAh,50,0.63016,0.149339411,0.6329,0.147027174,-6.21968,1.851519205,0.58,0.498569382,0.063822,0.052729743,0.2133948,0.22248594,0.165356,0.12134165,0.46433,0.223653491,132.3656,30.2757885,9.98E-05,0.00025033,1,3,1,3,1,2,0,0,1,2,3,3,4,3,1,2,2,3,5,2,2,1,1,4
ENFJ,NF,ENFJ Playlist,5tWmz2rBpekQHjuxZYdQc1,50,0.58662,0.116008073,0.6676,0.15146509,-6.04976,2.443357113,0.64,0.484873221,0.077014,0.076104788,0.20810494,0.225901406,0.131356,0.078391254,0.47972,0.199147165,123.36176,33.15438835,0.024365732,0.083262857,2,3,2,2,0,6,0,1,1,2,4,0,2,3,0,6,3,2,0,2,3,1,1,4
ENFJ,NF,enfj: the protagonist,5AApyppIauQCbjt20D2Qja,19,0.561473684,0.18802818,0.658157895,0.207879843,-5.938421053,2.99012988,0.684210526,0.477566933,0.054084211,0.030470227,0.228311842,0.300526615,0.148184211,0.093927107,0.493578947,0.289595564,109.9748947,29.95797322,0.041911106,0.126696092,1,2,1,0,0,5,1,0,1,0,2,0,0,0,2,1,0,2,0,0,0,1,0,0
ENFJ,NF,enfj anthems,35jO4jXby4GjjX4napDdC8,27,0.552333333,0.155651484,0.732555556,0.161474536,-6.957814815,2.232134922,0.740740741,0.446576085,0.046151852,0.015937024,0.232512789,0.273088273,0.184418519,0.113508001,0.532255556,0.236020179,138.9426296,27.00978588,0.070113111,0.207912429,1,3,0,3,0,0,0,0,0,4,1,1,0,1,0,2,2,5,0,1,1,0,1,1
ENFJ,NF,Power ENFJ,1pdk6c5xMCIS7eFqPhApzw,33,0.618333333,0.105718277,0.779666667,0.120855975,-5.464484848,1.863417243,0.727272727,0.452267017,0.070157576,0.058648876,0.13783703,0.169972659,0.167372727,0.114112793,0.631333333,0.195999309,120.2653333,28.69726851,0.019235263,0.079614237,0,4,2,1,0,5,0,1,1,1,1,0,1,1,0,0,0,2,3,2,0,3,2,3
ENFJ,NF,ENFJ 💚,0Ys8k8T3iC3dJoQZFR86HI,50,0.5925,0.138044543,0.71846,0.147182687,-5.38808,1.964584454,0.78,0.418451958,0.060998,0.046272575,0.1617764,0.20094684,0.174418,0.120769338,0.52752,0.21616096,122.78186,29.92311162,0.005329131,0.025583109,1,5,2,2,0,7,0,1,1,4,4,0,2,3,0,6,2,3,2,1,2,1,0,1
ENFJ,NF,ENFJ playlist ✨🌷,0fRmgkaRm9DSn0TxCjAalT,12,0.5705,0.126949883,0.604416667,0.126865325,-6.359083333,1.689463361,0.666666667,0.492365964,0.058875,0.026018704,0.2562325,0.284277221,0.161891667,0.090437024,0.415083333,0.164227923,137.6983333,32.77932532,8.39E-05,0.000218057,0,1,2,2,0,2,0,0,0,0,1,0,0,1,0,0,2,0,0,1,0,0,0,0
ENFJ,NF,the protagonist (enfj),7I3Xc0WA7BzroAMQLMHYwS,50,0.60156,0.123394367,0.6684,0.146729377,-6.29982,1.546439435,0.64,0.484873221,0.078132,0.072625324,0.2176086,0.220276221,0.226558,0.183143593,0.48347,0.254623921,120.32596,27.08272632,0.010494098,0.046726983,3,2,6,4,1,2,0,0,1,1,6,0,0,2,1,6,2,4,2,2,3,1,0,1
ENFJ,NF,Enfj Shit,4MypnucMCChk8tRcpOxnzL,11,0.610363636,0.147745912,0.676454545,0.150106205,-6.785090909,1.870044248,0.818181818,0.404519917,0.051263636,0.01717395,0.256189909,0.254261042,0.171581818,0.09918908,0.588363636,0.194804657,132.131,28.27745473,0.006555245,0.018792838,0,2,0,0,0,0,0,0,0,0,0,0,0,1,0,1,0,3,0,1,0,1,0,2
ENFJ,NF,ENFJish,6feAMQ6eo39PncqusW8PjX,50,0.63254,0.158872842,0.57112,0.136489461,-6.93324,2.206414365,0.58,0.498569382,0.095904,0.093427473,0.27217624,0.266528397,0.161702,0.109959394,0.477598,0.207668011,112.00644,24.67873516,0.015827907,0.093021722,1,4,1,4,0,4,0,0,0,2,4,4,3,3,1,2,4,3,1,1,3,1,1,3
ENFJ,NF,enfp/enfj/infj got me feeling like,5FdWBgI8M8aarYhNRcoYHm,36,0.637972222,0.096722722,0.550416667,0.15895325,-8.407972222,2.91162133,0.5,0.507092553,0.055072222,0.043941289,0.3293125,0.249721084,0.147322222,0.094354887,0.444572222,0.207662843,120.2373611,26.286732,0.018115986,0.075366626,1,2,3,0,0,3,1,0,1,1,1,5,3,1,1,5,1,2,1,0,1,2,0,1
ENFJ,NF,enfj-t,5whyNFyGmSuPtTQ5duY6jG,50,0.65788,0.108388312,0.74228,0.117429621,-4.95072,1.514283666,0.46,0.503457434,0.104928,0.080746502,0.1249456,0.133822776,0.174196,0.117336076,0.56142,0.158146934,128.28818,27.28174932,6.24E-05,0.000415424,1,2,1,3,2,4,1,0,0,2,3,3,3,1,1,1,4,4,1,0,5,2,2,4
ENFJ,NF,ENFJ,1WgIe8haFY4jUQhVBBn5jf,18,0.638555556,0.128824195,0.686888889,0.166659882,-6.401166667,2.95954367,0.5,0.514495755,0.059405556,0.061543131,0.147617556,0.223504691,0.173688889,0.097681535,0.604166667,0.170210683,129.3241111,28.48968996,0.127955689,0.275149395,0,1,1,0,0,1,2,0,1,1,1,1,0,0,1,3,2,1,0,1,1,0,0,0
ENFJ,NF,That’s the Spirit ,5NPeXgzhKcXsDn0pDGDBh1,50,0.61712,0.137080885,0.412752,0.164029507,-10.4314,2.851413792,0.84,0.37032804,0.044922,0.022919747,0.559158,0.254476364,0.176534,0.132659048,0.407872,0.212645386,107.96004,25.88969944,0.0117097,0.04286703,0,8,2,4,0,4,0,1,0,4,4,0,1,3,1,4,1,1,2,0,2,7,0,1
ENFJ,NF,That’s the Spirit ,5NPeXgzhKcXsDn0pDGDBh1,50,0.61712,0.137080885,0.412752,0.164029507,-10.4314,2.851413792,0.84,0.37032804,0.044922,0.022919747,0.559158,0.254476364,0.176534,0.132659048,0.407872,0.212645386,107.96004,25.88969944,0.0117097,0.04286703,0,8,2,4,0,4,0,1,0,4,4,0,1,3,1,4,1,1,2,0,2,7,0,1
ENFJ,NF,ENFJ 2w1,0dJFVGx83luGLpe9z4wWJw,50,0.54344,0.154515326,0.637036,0.225660752,-7.00702,2.864995135,0.58,0.498569382,0.062822,0.038165281,0.253417466,0.300380462,0.209868,0.13001273,0.427758,0.189983924,124.41358,30.11346498,0.045572864,0.138080061,0,5,1,2,0,3,2,1,3,2,5,1,1,4,1,2,2,1,1,1,0,2,5,5
ENFJ,NF,enfj (taylor's version),2P9APMRkPWBBeQZZbUhXii,17,0.584882353,0.096012292,0.585764706,0.183302526,-7.496823529,3.143978992,0.882352941,0.332105582,0.053558824,0.029922213,0.250432412,0.296129392,0.120058824,0.063251414,0.360705882,0.180255293,124.9002353,30.75199347,0.010241468,0.040169227,0,0,0,0,0,4,0,0,0,1,3,0,0,4,0,1,1,1,0,0,0,1,0,1
ENFJ,NF,Para mí ENFJ ♡,3Cc8OiVILVq3BLkjNPiEYI,23,0.479695652,0.177031696,0.549043478,0.268220648,-7.773826087,4.052876573,0.52173913,0.510753918,0.043956522,0.03449167,0.442028261,0.388783926,0.160243478,0.091456998,0.422469565,0.241089283,113.8585217,36.88874266,0.117932301,0.300411324,2,3,1,1,1,1,0,1,1,2,1,1,3,1,1,2,1,0,0,0,0,0,0,0
ENFJ,NF,On that ENFJ shit,1JKgs2oTjqozWYb87vpfCH,50,0.59896,0.148915393,0.7322,0.158339728,-5.76226,2.068973548,0.8,0.404061018,0.066366,0.039966086,0.11049206,0.172712929,0.206838,0.123797577,0.59944,0.203396683,131.39536,30.02239017,0.003309443,0.01274826,0,7,2,6,0,3,0,2,1,4,4,2,1,2,0,1,2,4,2,3,1,2,1,0
ENFJ,NF,enfj.,2KV5MLQLRqXtka6FPTYnv7,50,0.58634,0.116588166,0.66204,0.177548034,-6.31584,2.500083806,0.66,0.478518121,0.056448,0.046578638,0.18481094,0.230575747,0.14605,0.085334954,0.444068,0.189446634,117.45264,28.5079008,0.019258332,0.107418615,1,8,0,2,1,4,1,1,0,1,1,2,2,5,2,2,2,2,4,1,0,2,2,4
ENFJ,NF,ENFJ,235XUHXwvdAGGgdOEHaTod,22,0.6075,0.114962416,0.712590909,0.140686297,-5.857727273,1.486096394,0.590909091,0.50323628,0.094895455,0.104938587,0.152758727,0.211907804,0.154863636,0.101606264,0.498772727,0.192559683,119.0055,28.18161257,0.04505997,0.175554985,0,2,0,1,0,2,0,0,1,0,1,0,1,0,3,4,2,0,0,3,1,0,1,0
ENFJ,NF,enfj,4UzTa4RPPuLToZTlBfqdrr,50,0.61664,0.135042663,0.697142,0.171525259,-6.50746,2.697373917,0.66,0.478518121,0.06464,0.08135875,0.243994811,0.256295891,0.17271,0.131729302,0.65822,0.187053336,115.683,27.18208394,0.024361062,0.132808944,3,3,2,3,0,4,0,0,3,1,4,0,1,6,0,0,0,4,3,3,6,2,2,0
ENFJ,NF,M O N I C A,4e5Ah9WYfWxecPTssDL0ss,18,0.796555556,0.08807899,0.638666667,0.142436776,-6.659222222,1.823847922,0.666666667,0.48507125,0.157605556,0.114071332,0.102494444,0.132720868,0.211227778,0.174846254,0.555833333,0.22754993,128.7935556,17.97530727,0.014750664,0.052023704,1,0,0,6,0,2,1,0,0,0,0,0,2,1,1,1,0,0,0,2,1,0,0,0
ENFJ,NF,💌𝙀𝙉𝙁𝙅🥀,3P0MZtXnuh6cm9MLF5Qqxn,24,0.618333333,0.117841333,0.645666667,0.133568307,-6.308458333,2.392556973,0.833333333,0.380693494,0.066170833,0.05425858,0.17403425,0.212769931,0.189058333,0.160929758,0.463833333,0.185702115,132.7628333,29.65846805,0.004360976,0.014306741,0,3,1,1,0,3,0,0,0,2,3,0,0,4,0,3,3,0,0,1,0,0,0,0
ENFJ,NF,female rage,52ZppgtD34U2kgpeVWSLh3,45,0.530822222,0.145417469,0.634711111,0.197635066,-6.619488889,2.307319407,0.644444444,0.484090316,0.057502222,0.03926592,0.253395067,0.291027616,0.200033333,0.151188326,0.43562,0.182483979,118.5241778,30.78462838,0.044868805,0.119162354,1,7,0,2,0,1,0,1,1,1,3,0,1,3,0,5,6,3,1,0,3,2,0,4
ENFJ,NF,i am enfj girl //:),4SKtsrkLs5pfWFJCKZMoLB,50,0.54196,0.172023487,0.56036,0.188067917,-9.60456,3.751277514,0.66,0.478518121,0.069282,0.119817027,0.393869794,0.295562765,0.171784,0.131321943,0.4164,0.242063018,120.8626,31.32289303,0.229714219,0.34627655,1,4,2,2,0,6,0,2,1,3,3,4,2,5,0,3,2,0,1,0,1,4,1,3
ENFJ,NF,Fe dom!! - ENFJ and ESFJ,5l2J9ojjALxYdClAYjywby,50,0.51674,0.166464412,0.485316,0.222205083,-9.18918,3.69248817,0.74,0.443087498,0.049066,0.039307753,0.38421346,0.348060551,0.163314,0.110075753,0.394962,0.238578469,118.25976,30.3562334,0.044712052,0.146057266,0,7,1,2,0,6,0,1,4,2,3,1,2,2,0,3,2,4,1,3,0,3,1,2
ENFJ,NF,ENFJ,6uGqeRsNAiaaUESXRz4BZG,48,0.604166667,0.117945594,0.632708333,0.171591544,-6.706270833,2.563690747,0.645833333,0.483321105,0.057725,0.049145254,0.179687292,0.224994788,0.155147917,0.124596011,0.495514583,0.240073428,117.4351875,27.04401706,0.050798518,0.131313593,2,2,1,7,1,4,0,0,1,2,3,0,2,2,0,1,4,4,0,1,2,5,2,2
ENFJ,NF,"""Infp x Enfj""",5qDzZbs9MK4RtIt5UotPMS,27,0.568296296,0.148752457,0.570740741,0.203789596,-7.821074074,3.35494856,0.62962963,0.492102878,0.0592,0.085477239,0.324386296,0.310942544,0.184918519,0.108211517,0.541907407,0.260186843,116.312963,30.03461079,0.074467413,0.215246655,0,3,0,2,2,2,0,2,3,1,1,0,2,0,0,1,1,2,0,2,0,1,1,1
ENFJ,NF,Intro to RaiRay,2bP3TkVZxExASRlbnLGS4o,43,0.548232558,0.186370705,0.632909302,0.229813097,-9.055116279,5.150305179,0.348837209,0.482242822,0.069430233,0.073249039,0.245325512,0.295830375,0.225067442,0.161808234,0.350481395,0.255191304,118.9116744,26.83262974,0.384236249,0.418242676,1,2,0,0,1,1,2,2,0,0,3,4,1,2,5,2,5,2,0,0,2,1,2,5
ENFJ,NF,ENFJ,0tCyCP6owerPTWUQp9JbiC,42,0.65802381,0.141556416,0.452404762,0.184415763,-8.894619048,2.409985871,0.761904762,0.431080537,0.076266667,0.069371923,0.468525333,0.281500074,0.164657143,0.11245074,0.524190476,0.210193202,124.679619,31.28804805,0.0007358,0.001629335,0,5,1,1,0,5,1,1,2,3,3,1,3,4,0,2,1,3,0,3,0,2,0,1
ENFJ,NF,MBTI Diplomats,6gWwPrZdCytTseetM6ibNP,50,0.56564,0.13461779,0.56774,0.174755901,-6.8955,2.025053653,0.66,0.478518121,0.059638,0.04245322,0.321931,0.310983789,0.15219,0.109759485,0.411244,0.223286967,123.16052,31.36249053,0.007143385,0.040186214,2,2,0,5,0,2,1,0,1,5,1,3,0,2,2,4,2,2,3,1,3,6,0,3
ENFJ,NF,villain era,52THW5ftGpQbl6MlmyLIPd,50,0.61778,0.141334065,0.78616,0.148767502,-4.75866,2.229029565,0.48,0.50467205,0.083122,0.061471385,0.07754361,0.11083764,0.212612,0.152691769,0.4734,0.216500192,128.21436,22.00919271,0.016321169,0.045220893,1,5,3,3,0,3,1,0,4,1,1,1,0,0,2,1,4,3,2,4,4,1,3,3
ENFJ,NF,being enfj on monday,6oLZEH7I5zYDMLQ2Kw5rIO,40,0.549425,0.192499868,0.6947,0.189787628,-7.7061,3.467721796,0.75,0.43852901,0.08473,0.085970365,0.107770488,0.158605953,0.16559,0.127943433,0.442225,0.208510774,122.92945,31.06369863,0.01676778,0.042565711,1,3,1,5,1,5,1,1,2,0,2,1,0,3,0,2,1,3,1,2,1,3,0,1
ENFJ,NF,enfj's,3MIYXj00n7Ye0BD3dhqtwF,32,0.57471875,0.136568601,0.64559375,0.173677094,-7.2048125,3.341753002,0.53125,0.507007349,0.097253125,0.103197059,0.229176381,0.211921249,0.190190625,0.155487739,0.438,0.206132904,122.2237188,30.51663087,0.004034355,0.014946425,0,3,3,4,1,1,0,0,2,2,1,3,2,0,0,0,2,0,2,0,1,4,0,1
ENFJ,NF,just an enfj,7KS9q25ZzJxTAjHrw5UII4,47,0.621382979,0.117881583,0.691021277,0.177597798,-5.083744681,2.009043245,0.638297872,0.485687854,0.065265957,0.0413364,0.195297702,0.247150491,0.153521277,0.115905098,0.507617021,0.185903265,122.058,26.36388679,0.000897736,0.004323332,2,2,2,5,2,3,0,0,3,2,2,0,0,4,0,5,3,2,1,2,2,2,1,2
ENFJ,NF,ENFJ-T,0E7RW16KcWuZGL1inKRQ8w,19,0.579526316,0.12906302,0.511263158,0.186540386,-8.158578947,2.521393978,0.789473684,0.418853908,0.064889474,0.057822832,0.417874737,0.338977863,0.163568421,0.088296534,0.405015789,0.222218822,138.3932632,27.47448665,0.015446501,0.064833895,1,1,0,1,0,5,0,0,0,2,1,0,0,0,0,0,1,2,2,0,1,1,1,0
ENFJ,NF,🍂Edgar🍂,2o8hO9K20fH3gPlZACtvt2,50,0.54326,0.127725281,0.49302,0.250614195,-9.52874,3.731819121,0.68,0.471212071,0.058116,0.057361625,0.4581157,0.333953392,0.16864,0.132171089,0.391282,0.211782774,114.45922,27.71835272,0.046245549,0.165178524,1,8,2,0,0,4,1,1,5,4,3,1,0,5,0,2,1,3,0,3,2,1,2,1
ENFJ,NF,Chika lore + scattered vibes,3U0Hj4g1IfJ1PmJufvgz81,50,0.53696,0.150029788,0.6143,0.181248533,-6.94462,2.386402321,0.88,0.328260723,0.039628,0.016226233,0.28002054,0.278961208,0.170686,0.127183823,0.459316,0.238374967,124.29534,31.41156794,0.030190635,0.098004574,1,6,1,7,0,6,0,1,0,2,4,1,0,1,0,3,2,7,2,1,1,4,0,0
ENFJ,NF,enfp/enfj and infp>>>,4AdyK12n1ZuIZ8voVnY8Lf,25,0.51472,0.158735241,0.352276,0.223778006,-10.65236,4.271193509,0.96,0.2,0.045308,0.020458737,0.70434,0.254021108,0.132348,0.08226977,0.32376,0.199190192,111.94184,27.15235522,0.022122792,0.107072698,0,5,0,0,0,1,0,0,0,3,3,0,0,5,0,2,0,2,0,1,1,2,0,0
ENFJ,NF,Enfj 😇,5Hl5iZDkfWhQ3UtPUKTPyG,40,0.5818,0.12563137,0.604,0.219075564,-7.7387,2.561484978,0.65,0.483045892,0.0777825,0.098695166,0.27759225,0.307026246,0.1472175,0.142439302,0.4235275,0.230568813,123.1156,30.30867105,0.026339469,0.098296206,1,6,1,1,1,3,2,4,3,2,4,3,1,1,1,1,1,1,2,1,0,0,0,0
ENFJ,NF,ENFJ NK,58YMtn3wq8oWc1VfcEZUDn,44,0.287872727,0.140596097,0.313425,0.257454029,-16.34870455,5.824616241,0.363636364,0.4866071,0.044961364,0.019142212,0.643898409,0.344362747,0.130413636,0.057044424,0.126572727,0.099736724,106.4587727,30.98250267,0.827859091,0.178268022,6,3,0,3,9,4,0,0,1,0,1,0,3,2,0,1,6,0,2,0,3,0,0,0
ENFJ,NF,protagonist studies,7LB5gcxsZDnaC5mlOrgECD,50,0.24553,0.1350973,0.1053488,0.086120478,-22.35654,5.813212703,0.58,0.498569382,0.041546,0.007525988,0.91266,0.116265813,0.12115,0.079226558,0.138544,0.200333756,91.23254,25.01920472,0.75524538,0.267343705,5,7,2,0,6,2,0,5,1,0,1,0,2,6,0,2,4,3,2,1,1,0,0,0
ENFJ,NF,enfj,5e8Wc80A1531hfqf8SviGb,23,0.595913043,0.140014906,0.730521739,0.167712381,-5.931173913,2.628113213,0.47826087,0.510753918,0.052456522,0.025511438,0.165931043,0.226105529,0.209,0.121642573,0.522882609,0.22438856,123.6673478,28.45060975,0.032231144,0.089905094,1,1,1,0,3,3,0,0,2,0,1,1,0,1,0,2,1,0,0,3,1,0,2,0
ENFJ,NF,i want whatever the heck mirio and tamaki have going on,60Tq4DOgmXnHNebmnbgqOT,37,0.541,0.180141148,0.355127027,0.18503714,-11.82543243,4.399800889,0.864864865,0.346583497,0.073827027,0.075775574,0.616057027,0.313124324,0.155578378,0.103835295,0.351462162,0.229302437,121.8961892,28.10706986,0.048849358,0.175293111,0,6,0,4,0,1,0,1,0,3,2,1,1,5,1,1,1,1,2,1,1,5,0,0
ENFJ,NF,.꒰ ♡ ꒱ enfj ₊˚,5o2MGje4r59XCiByX3an6I,50,0.60118,0.144413337,0.6406338,0.224086711,-9.58168,5.615887254,0.48,0.50467205,0.105054,0.094666153,0.211388436,0.266788246,0.167448,0.123521617,0.47602,0.23738589,127.08026,28.3369383,0.311206499,0.393342407,1,3,0,5,0,2,1,0,2,0,1,3,1,2,4,3,3,0,2,2,4,4,5,2
ENFJ,NF,ENFJ,50GygiUcsdRxDD7CCj78dk,9,0.590555556,0.138285132,0.646888889,0.08520922,-5.769333333,1.304785615,0.666666667,0.5,0.054644444,0.022617643,0.164865556,0.185738792,0.149122222,0.070843009,0.434111111,0.168581171,136.0016667,34.1934741,0.000109044,0.000250018,0,1,1,2,0,0,0,0,0,0,1,0,0,1,0,0,2,0,0,1,0,0,0,0
ENFJ,NF,Rosanné : ENFJ,16h7CPfv4bTIK3li6t6Pm0,41,0.631634146,0.146870309,0.592536585,0.215826215,-6.36202439,3.165881256,0.731707317,0.448574979,0.059890244,0.04116782,0.35365122,0.299724021,0.160429268,0.130272143,0.487221951,0.219002465,118.0306341,26.68908841,0.030966018,0.122622587,0,4,1,1,2,5,0,3,1,5,0,2,1,3,0,3,1,3,1,0,1,2,1,1
ENFJ,NF,pov: you're an enfj-t,15CMnOVJE5XHzU8cOsAZ2Z,50,0.58606,0.133548189,0.254678,0.166794618,-13.94578,4.992917356,0.82,0.388087934,0.066454,0.061810934,0.7581386,0.284521061,0.13152,0.0689995,0.298606,0.145447984,117.93262,31.20674475,0.040222797,0.153879644,1,6,0,4,0,2,0,2,2,3,5,0,0,4,1,2,3,5,4,1,0,3,0,2
ENFJ,NF,enfj,71EIKUfNGSeKhVlRsdWPd9,27,0.575555556,0.122278161,0.720555556,0.172849497,-6.399111111,1.830552383,0.703703704,0.465321627,0.0526,0.031651759,0.151979407,0.245550954,0.215881481,0.188354806,0.531111111,0.231431886,127.1347407,30.0706548,0.002417344,0.006886026,1,4,0,3,0,1,0,2,0,1,1,1,1,3,1,2,1,1,0,1,0,0,2,1
ENFJ,NF,Enfj ,3q48Fcn2SgifZaABhQNH1V,14,0.6655,0.166261032,0.459714286,0.205057001,-10.52371429,5.277454156,0.642857143,0.497245158,0.138242857,0.189462916,0.426066429,0.365141963,0.142121429,0.100662316,0.455842857,0.221552233,114.8523571,36.17725517,0.068311761,0.220431074,1,1,0,2,0,0,0,0,1,0,1,0,0,1,2,0,1,2,1,0,0,1,0,0
ENFJ,NF,ENFJ-A,2xH0fkEZPzZAylh6Ya4vX3,23,0.66473913,0.100566223,0.757565217,0.144700891,-5.539347826,2.272020059,0.391304348,0.499010879,0.060704348,0.04654866,0.121707826,0.170099883,0.18866087,0.141095173,0.55626087,0.169001941,117.8542174,24.94381148,0.170293594,0.308763408,1,3,3,0,2,0,0,1,0,0,1,3,1,2,0,1,0,0,1,0,0,0,2,2
ENFJ,NF,ENFJ/ENFP x INFP/INFJ,441CF6iZr7vhqGcDb4OABU,50,0.5129,0.133306192,0.4180668,0.255524139,-10.9063,6.513364547,0.84,0.37032804,0.045732,0.030533504,0.5545306,0.358678274,0.144418,0.083428541,0.340056,0.20802443,113.58488,31.08719863,0.170746423,0.359065322,3,6,1,4,1,8,0,5,0,0,1,0,0,5,0,2,1,3,3,2,1,3,1,0
ENFJ,NF,r&b for ENFJs,6GdkhVkBU2ioVXWQd2CNhn,50,0.60438,0.128100549,0.43114,0.158418847,-9.22178,2.659302581,0.46,0.503457434,0.11208,0.090687528,0.430372,0.272111263,0.143298,0.076624114,0.361356,0.193328504,111.08386,28.99997375,0.035480998,0.150365748,1,5,7,5,0,1,0,1,6,2,0,4,2,4,2,1,2,1,1,1,1,1,0,2
ENFJ,NF,ENFJ-A,5HSQ65d4uc610TwikN7eGj,50,0.5282,0.120549423,0.55648,0.221888761,-8.7329,3.380537992,0.8,0.404061018,0.039458,0.015168255,0.399777038,0.34141652,0.19851,0.166035771,0.45352,0.231424095,114.26642,28.34642872,0.024481315,0.086036448,1,2,1,2,0,4,0,1,3,6,3,0,0,7,0,2,1,8,1,4,1,0,0,3
ENFJ,NF,enfj,6Xr3knWFDdPif9PSv0I2iM,41,0.538243902,0.169168079,0.542917073,0.247438623,-8.650170732,3.534676922,0.707317073,0.460646417,0.050495122,0.040484626,0.392692985,0.350347051,0.157880488,0.103378913,0.49884878,0.224858172,127.2059512,30.11525657,0.061436147,0.175860636,0,4,0,0,2,3,0,3,0,2,5,0,1,3,1,3,4,5,0,1,2,0,1,1
ENFJ,NF,main character (ENFJ),6IPX93KgoVwA4CrjDEWA3m,50,0.60112,0.149511537,0.62796,0.189258484,-6.5497,2.369135107,0.86,0.350509833,0.05864,0.038169306,0.2671044,0.270068815,0.232486,0.153166503,0.50764,0.190443924,123.48664,30.41353806,0.005422065,0.026758255,0,4,1,2,0,4,0,2,1,2,6,2,0,2,1,5,0,11,2,1,0,2,1,1
ENFJ,NF,ENFJ,6YwZNYYVkEqIBQsbGcnBDA,24,0.588583333,0.132490497,0.4137,0.217071607,-9.255166667,4.079468397,0.833333333,0.380693494,0.0482875,0.024146281,0.661116667,0.244924648,0.1659875,0.10619474,0.448966667,0.221784876,123.3770417,26.81668739,0.016878398,0.072981828,0,6,0,0,0,2,0,1,0,1,2,0,1,1,0,0,1,3,2,0,0,2,1,1
ENFJ,NF,ENFJ-HERO,7H5GHyieyXKFLsSPk34YIS,47,0.564404255,0.139450109,0.688957447,0.234833795,-6.49693617,2.707556651,0.829787234,0.379882644,0.052506383,0.038067551,0.180692749,0.281722229,0.192602128,0.150232295,0.43092766,0.188346994,119.6182128,24.78393596,0.094748425,0.213231534,0,9,2,2,0,4,0,2,0,1,5,2,2,5,0,4,0,3,1,0,1,3,1,0
ENFJ,NF,ENFJ playlist,4PayG30IMoKQlGlGUoMpy0,50,0.6251,0.12882677,0.47034,0.151292609,-8.31256,2.269586793,0.68,0.471212071,0.060168,0.046468894,0.40336,0.33011384,0.144584,0.07176268,0.414546,0.228020492,113.11118,25.87053163,0.085167344,0.2202889,3,2,3,5,1,6,0,4,0,0,7,0,1,1,0,2,0,2,2,0,3,3,1,4
ENFJ,NF,Wishlet's playlist,4Yd1T5NpVH2QvHC366wpiU,32,0.5438125,0.13527092,0.5239875,0.247061909,-8.8599375,5.180326151,0.75,0.439941345,0.061296875,0.045248828,0.464167969,0.365980408,0.15465,0.085055416,0.393121875,0.221160191,127.2485,33.6929595,0.090379413,0.243727269,0,5,0,0,0,1,0,0,0,2,4,2,1,2,2,2,1,2,2,3,0,1,1,1
ENFJ,NF,ENFJ,4GyrNCwutELBGfqNZEXq5V,50,0.58026,0.156231488,0.6564,0.215871182,-6.8032,3.14087186,0.64,0.484873221,0.062128,0.054066796,0.22577046,0.296008034,0.150214,0.096726693,0.50756,0.200823525,119.53904,28.15733441,0.009436492,0.046890242,0,5,4,3,1,4,0,0,2,2,2,1,2,3,0,5,0,6,2,0,2,0,2,4
ENFJ,NF,ENFJ,2qJRONefYQKlIgXzL1m8ns,50,0.68314,0.102324217,0.72724,0.138634825,-4.93494,1.746726693,0.7,0.46291005,0.097068,0.0976909,0.137135,0.164883182,0.1563,0.121632233,0.60052,0.180552128,120.54162,26.99868734,5.68E-06,3.35E-05,0,3,2,6,1,3,0,1,1,1,1,2,1,4,1,7,3,5,0,1,3,3,1,0
ENFJ,NF,an enfj’s anthem.,7oQBd65QEa11RQZLuER5u0,50,0.721,0.111195177,0.60132,0.130236902,-7.09216,1.665537927,0.42,0.498569382,0.17463,0.112636869,0.1709852,0.17838251,0.191572,0.140581016,0.391654,0.187919428,137.80692,29.01512928,0.003712167,0.018884031,2,5,2,4,0,4,0,0,2,0,0,6,3,1,4,3,5,3,1,0,3,0,2,0
ENFJ,NF,mon <3,0XixvXYb8AdExpz1Nox4Du,29,0.664068966,0.145148429,0.643655172,0.165848312,-6.26337931,2.53676265,0.620689655,0.493803974,0.088741379,0.068581727,0.206660621,0.211790472,0.17617931,0.105353342,0.573172414,0.180096416,118.9422414,27.50827733,0.009274569,0.031777921,1,5,1,2,1,1,0,0,2,1,1,2,2,2,0,3,1,0,2,1,0,0,1,0
ENFJ,NF,ENFJ ,0fWU6mVcZoRW51iWXLjxYb,50,0.58252,0.176458151,0.62252,0.167054585,-7.3465,2.102760637,0.7,0.46291005,0.066898,0.056876811,0.2156737,0.259381677,0.177476,0.145655196,0.50672,0.224143088,123.02966,29.87061987,0.012652777,0.069821289,0,4,1,2,1,3,1,1,3,2,3,2,1,5,0,1,1,5,4,3,1,2,0,4
ENFJ,NF,He's ENFJ for sure.,2pSU5G7BNXmUCIwk0OIgOz,31,0.655322581,0.130888346,0.673258065,0.135813099,-6.092677419,1.649021253,0.548387097,0.505879411,0.108348387,0.091140111,0.325267742,0.187790013,0.184903226,0.114387177,0.586725806,0.220828887,129.5973871,30.09776894,0.005035691,0.015274187,0,2,1,2,0,2,0,0,2,1,2,3,2,0,1,2,0,2,1,0,1,3,2,2
ENFJ,NF,ENFJ :),1g7N1PNjrmMAqzYpMLywDi,50,0.65986,0.145759098,0.6661,0.152057756,-5.60674,2.18446459,0.42,0.498569382,0.094756,0.085505043,0.2309913,0.269821484,0.165952,0.154224237,0.5645,0.205699826,116.91466,28.21197618,0.000348335,0.001741904,1,3,7,4,0,0,1,0,2,2,1,5,1,0,1,4,2,1,2,2,1,2,5,3
ENFJ,NF,makima (taylor's version),70eD6EJKRasZWD8Iizlrci,27,0.603962963,0.109131706,0.528074074,0.176109652,-8.432,2.54420772,0.777777778,0.423659273,0.077296296,0.073524849,0.340084444,0.330597601,0.152396296,0.10049934,0.306144444,0.164766591,119.3338519,29.86585365,0.006472212,0.031904508,1,3,1,0,0,5,0,1,1,3,0,0,0,4,0,1,1,2,2,0,0,0,0,2
ENFJ,NF,me  𓆏,17jeHP53K7sioOUwyBTvo5,50,0.6004,0.125408882,0.67132,0.181746902,-6.22304,2.070794888,0.54,0.503457434,0.067328,0.076418306,0.24411426,0.284700501,0.18616,0.149622593,0.533982,0.20706499,123.48664,29.06910827,0.046545481,0.181545304,1,5,0,1,0,3,2,3,3,3,6,0,1,1,0,1,4,2,0,0,2,2,5,5
ENFJ,NF,ENFJ playlist,2AzuEsajGeBZEshyLoTSij,18,0.58,0.111234781,0.652555556,0.13887202,-6.373277778,2.669010453,0.666666667,0.48507125,0.075672222,0.098660301,0.206424333,0.223133951,0.178605556,0.082042568,0.474111111,0.190316111,142.2153333,24.33153382,0.045358702,0.131507626,0,2,2,3,0,1,0,0,0,0,0,2,0,0,0,3,1,1,0,2,0,0,0,1
ENFJ,NF,me  𓆏,17jeHP53K7sioOUwyBTvo5,50,0.6004,0.125408882,0.67132,0.181746902,-6.22304,2.070794888,0.54,0.503457434,0.067328,0.076418306,0.24411426,0.284700501,0.18616,0.149622593,0.533982,0.20706499,123.48664,29.06910827,0.046545481,0.181545304,1,5,0,1,0,3,2,3,3,3,6,0,1,1,0,1,4,2,0,0,2,2,5,5
ENFJ,NF,anime enfj vibes,31wzPwZMlLHbJ2Csd3ZUir,50,0.492387755,0.107247925,0.839591837,0.173779904,-4.434020408,2.758878218,0.734693878,0.446071286,0.078789796,0.048784228,0.100541731,0.215412157,0.18427551,0.1115818,0.47977551,0.214259701,134.1747347,34.0381226,0.06374836,0.202885433,2,3,0,4,1,3,0,1,3,0,1,2,1,4,0,8,2,1,0,8,1,3,0,1
ENFJ,NF,enneagram 3 (w2) // ENFJ,5Kml6Sbvf4V4umhO9KpjqQ,50,0.60336,0.138905747,0.60222,0.196247791,-6.87484,2.638866565,0.68,0.471212071,0.088588,0.087856959,0.30709658,0.289429287,0.14684,0.108599921,0.489288,0.23703848,120.74642,27.92496181,0.013153208,0.092911933,3,5,1,1,1,4,0,2,1,4,4,3,0,2,1,3,0,3,1,0,1,5,2,3
ENFJ,NF,enfj 2w3,52kCkVwWl1l8xdgU5b091e,50,0.59804,0.120525035,0.6298,0.180263526,-6.8904,2.198369721,0.8,0.404061018,0.050236,0.02980195,0.28183284,0.272259686,0.120112,0.077222545,0.4849,0.176626465,120.09848,24.1058374,0.016334491,0.073357734,1,9,0,2,1,7,0,1,1,2,4,2,1,4,0,3,1,2,2,2,1,2,0,2
ENFJ,NF,enfj 🧸,0GqRqcOEHkbN74jTAhku5N,50,0.6165,0.11594866,0.6759,0.178356356,-6.35622,3.311393629,0.7,0.46291005,0.070676,0.05290299,0.21249102,0.260581883,0.149808,0.111195619,0.52908,0.213933696,121.29302,28.39940741,0.019768392,0.117555515,2,3,4,3,1,6,0,1,0,3,3,2,0,3,0,6,2,3,0,1,1,3,1,2
ENFJ,NF,happy moments with enfj,2Ywl7rKMsMl3t3a2KDpYpI,11,0.546909091,0.086036567,0.365454545,0.123123811,-8.982727273,2.362456564,0.909090909,0.301511345,0.032536364,0.005816059,0.693545455,0.203169074,0.134445455,0.047641649,0.327818182,0.158173208,95.35890909,28.71022637,0.016529673,0.048550433,1,0,0,0,0,2,0,0,0,2,1,0,0,0,0,0,0,2,0,3,0,0,0,0
ENFJ,NF,water is enfj,2kODPHDCF7Zq5XltOqLMy2,27,0.657185185,0.124880878,0.817407407,0.126588752,-3.856407407,1.987506348,0.518518519,0.509175077,0.06867037,0.036842657,0.092851185,0.116563994,0.221851852,0.176899953,0.549,0.217130234,118.9398148,18.78294115,0.000732297,0.003092999,1,0,1,0,2,3,0,0,0,1,1,2,2,3,0,2,2,1,0,0,0,3,0,3
ENFJ,NF,enfjs,1NdRAJtaeptJDROLIcphrT,19,0.515842105,0.164476024,0.604894737,0.170874839,-7.676631579,2.503885541,0.631578947,0.495594628,0.039878947,0.014256678,0.233720149,0.244953978,0.209647368,0.130319839,0.4321,0.229213779,134.8098947,24.02345459,0.048197837,0.089556359,0,0,0,2,0,0,0,0,1,1,0,0,2,1,1,4,1,3,0,0,2,1,0,0
ENFJ,NF,Aku//Me//Moi ♡♡♡,18ZpYjXVifz39P2CA32X4A,50,0.5448,0.176667912,0.608802,0.246592875,-7.99642,3.874854405,0.46,0.503457434,0.07975,0.085711922,0.32199386,0.350794611,0.181968,0.129851567,0.339894,0.185247509,109.94704,25.60898233,0.122097494,0.27398853,1,4,4,2,3,3,1,1,3,0,4,2,2,1,0,2,2,4,2,0,3,0,1,5
ENFJ,NF,enfj-a,7snqtFg6cD8HF6dxVM9bTW,29,0.629785714,0.114952923,0.661428571,0.170900757,-5.734928571,2.195857125,0.821428571,0.390021028,0.076625,0.065127355,0.223942214,0.233291315,0.172221429,0.100527219,0.571607143,0.174428875,126.2415714,32.17279026,0.000835197,0.002917557,0,1,1,3,0,4,1,1,0,2,3,0,0,2,0,2,1,3,0,0,0,2,0,2
ENFJ,NF,savannah’s personality in one playlist,54LfUUyX4iQ5U1ziYOpiE3,50,0.55786,0.147136617,0.50986,0.176846527,-8.48154,2.795179642,0.86,0.350509833,0.050374,0.036403211,0.4301738,0.336557623,0.13594,0.088734007,0.409714,0.234512052,114.09732,26.00891884,0.032148042,0.129912747,0,7,1,3,0,4,0,1,1,4,5,1,0,1,0,3,2,7,5,2,1,1,0,1
ENFJ,NF,𝒔𝒐𝒖𝒍,5DEX93wz2qCwMhOVJrGkHL,50,0.63408,0.146115671,0.71006,0.151143723,-5.79894,2.113274009,0.4,0.494871659,0.076952,0.053415859,0.14263232,0.202493207,0.187628,0.146794776,0.52046,0.2287826,124.59142,24.79182439,0.048192387,0.187352037,4,4,2,3,3,2,1,0,6,3,3,2,0,2,1,2,4,0,0,0,5,1,0,2
ENFJ,NF,when the funny enfj juice runs out,6HrLopbllcLHbzd1l0uP41,50,0.48536,0.138381277,0.510784,0.166931925,-7.64048,2.700287651,0.88,0.328260723,0.0337,0.008313451,0.55866554,0.269287525,0.185726,0.105947062,0.383354,0.195442336,123.0532,36.00444542,0.13551551,0.290720566,1,4,0,0,0,4,1,1,1,2,7,2,0,5,0,2,0,9,4,2,1,4,0,0
ENFJ,NF,mr. isfp,0JW6J210RSH1y0xhzXSEcE,21,0.551285714,0.142266701,0.480990476,0.261755233,-8.61052381,3.655505186,0.80952381,0.402373908,0.040714286,0.013890151,0.497791333,0.3115452,0.1383,0.059766588,0.47247619,0.257438851,112.4825714,27.94351544,0.001290075,0.003738685,0,1,1,1,0,1,0,0,1,0,1,1,0,4,0,0,1,4,1,1,0,3,0,0
ENFJ,NF,ENFJ,2twSbkXpRa6knaBztst8Ru,43,0.649465116,0.152890149,0.472,0.179914001,-8.657232558,2.705954104,0.744186047,0.441481448,0.054381395,0.060013353,0.404464419,0.325577653,0.141832558,0.094168958,0.517186047,0.233101067,114.3561163,23.25355158,0.04788812,0.124002841,0,3,1,3,0,5,0,2,2,3,2,2,1,4,1,2,1,2,3,2,1,1,2,0
ENFJ,NF,a mistyped enfj,3sfbWtjy8xhGZyC9IMFKXr,50,0.63572,0.127242503,0.57842,0.169656687,-7.15342,1.841155949,0.78,0.418451958,0.065082,0.070666372,0.314964,0.278073459,0.147622,0.086678847,0.437624,0.230330725,115.40754,32.22422215,0.019275512,0.114494902,0,6,1,2,1,4,0,0,2,2,3,2,1,7,0,8,0,0,2,3,1,2,2,1
ENFJ,NF,a kpop enfj playlist,4oL9roweiQ4gCS5i751HSB,20,0.7052,0.08932295,0.79035,0.135881247,-3.5063,1.715979607,0.65,0.489360485,0.065665,0.045111152,0.125316,0.139657236,0.190375,0.149971555,0.63365,0.174350607,120.03765,20.14691929,0.000233109,0.000859565,0,1,0,1,1,2,0,0,2,0,1,1,2,3,0,1,0,0,0,0,0,4,1,0
ENFJ,NF,ENFJ-A,3RRsaa6LnjbTufyzqQqbVn,50,0.67438,0.108792048,0.65728,0.147845899,-7.47506,2.195430908,0.38,0.490314351,0.103816,0.102735468,0.23425566,0.239181951,0.16892,0.123518083,0.52056,0.230140512,118.93316,26.22931448,0.159987829,0.287138261,3,4,3,0,3,3,0,1,3,2,3,7,1,2,1,0,3,0,2,1,4,1,0,3
ENFJ,NF,intj,4sxhWBDmOtVDkGlXGMuhCm,50,0.5857,0.140881807,0.72322,0.163329427,-5.96738,2.309199737,0.58,0.498569382,0.095894,0.093004319,0.095323014,0.140322877,0.193438,0.14249592,0.479188,0.193613364,123.20404,29.98144657,0.085810851,0.217839087,0,6,0,2,2,5,0,1,1,1,3,3,1,3,0,3,3,1,2,1,3,1,3,5
ENFJ,NF,quartz,7u6DHjtW3y4EWTfEsE2AeI,50,0.6571,0.141120624,0.80094,0.110342955,-5.82012,2.586249539,0.72,0.453557368,0.095908,0.090427508,0.08976788,0.108496917,0.210514,0.165500673,0.74254,0.189715061,130.91112,26.42780664,0.040944123,0.135246469,2,10,0,3,2,2,0,1,0,1,1,1,0,4,1,3,2,4,2,2,2,3,1,3
ENFJ,NF,mike's repression playlist,4aks7OXm0CfHScMaUc4NCb,22,0.509863636,0.126282109,0.606836364,0.242048949,-8.838181818,4.4587187,0.636363636,0.492365964,0.046395455,0.018658752,0.333798182,0.354908061,0.216981818,0.150565077,0.434022727,0.256114859,125.9031364,32.12838262,0.086129755,0.224477313,1,4,0,1,0,2,1,1,1,1,1,1,0,1,0,0,1,1,0,0,1,2,1,1
ENFJ,NF,enfj trying to become the villain,6iG7vmODsbNRBvd972ceIT,25,0.576,0.12489996,0.68568,0.147519976,-5.7178,1.700102105,0.32,0.476095229,0.083384,0.076602974,0.18720528,0.235987467,0.1973,0.158468343,0.47508,0.194452848,128.51492,28.1315929,0.023166376,0.070865278,0,2,1,0,1,2,0,0,1,0,2,1,1,1,2,0,4,0,1,0,2,0,3,1
ENFJ,NF,enfj,5CPgYaNvmnBWFjjF2jnmCa,10,0.5528,0.076656231,0.61353,0.204570955,-9.6157,3.758587532,0.8,0.421637021,0.03454,0.006990025,0.2250358,0.292031719,0.22787,0.130901796,0.542,0.225237159,117.5952,23.90846397,0.001328259,0.003042517,1,0,0,0,0,1,0,1,0,1,0,0,0,0,0,0,0,1,2,1,1,1,0,0
ENFJ,NF,ENFJ-A,3LvbhoqONTq83FYLPL2jOS,50,0.62098,0.159879098,0.57536,0.207991636,-7.72798,3.247262228,0.84,0.37032804,0.094486,0.103844051,0.442944,0.293240174,0.167074,0.119982706,0.58764,0.248368699,122.03146,30.31102958,0.027394264,0.106539054,0,4,1,3,0,4,0,0,0,3,5,1,0,8,4,3,0,3,4,2,1,3,0,1
ENFJ,NF,ꕥ Rory Gilmore Kinnie ꕥ,0P5VIZlRqMTgeCj4LzGMen,50,0.55976,0.123663559,0.487052,0.204417112,-9.50722,3.67139282,0.9,0.303045763,0.043162,0.022399343,0.540674,0.295906734,0.172766,0.156575187,0.423102,0.199291218,119.75378,26.52864089,0.005978676,0.024526756,1,12,1,3,0,7,0,0,0,6,4,1,1,4,0,0,1,3,1,5,0,0,0,0
ENFJ,NF,🎭 ENFJ Vibes,0OmgjkQtjfabFD1s19XENO,50,0.55984,0.139450432,0.60078,0.183134309,-7.10246,2.565562581,0.6,0.494871659,0.06765,0.058362706,0.245004768,0.270240821,0.170136,0.110317983,0.43006,0.221267095,121.11568,32.58220624,0.017410119,0.09171037,3,4,1,0,0,4,0,3,1,0,3,2,1,3,0,5,5,3,2,2,1,1,2,4
ENFJ,NF,enfj,6DsXgMMvnK6CopooFkptov,36,0.649083333,0.118276764,0.688055556,0.146992117,-5.622611111,1.544454657,0.694444444,0.467176592,0.064780556,0.03925413,0.1466625,0.174684598,0.162691667,0.096895058,0.551277778,0.185040785,117.4997222,26.61988952,0.001378899,0.005391539,2,4,2,3,1,0,0,1,0,1,6,1,1,1,0,7,2,2,0,0,1,0,0,1
ENFJ,NF,E.N.F.J,7tT9l15iyXITVN7gIDqw5G,50,0.66392,0.154159186,0.64408,0.14135739,-6.63402,2.859168849,0.64,0.484873221,0.101834,0.09377785,0.16294756,0.198639013,0.165252,0.137573842,0.44316,0.237310147,122.88042,28.82933353,0.017965371,0.105465902,0,2,2,4,1,5,1,1,1,1,1,0,2,5,1,3,3,0,2,6,2,2,5,0
ENFJ,NF,life as a girlboss crybaby enfj,5R39rsUrHbWs3DBhK6Uwal,50,0.58568,0.113588308,0.60764,0.169553286,-7.00864,2.43634063,0.76,0.431419111,0.05253,0.033518933,0.23675084,0.292925346,0.192612,0.14712833,0.485296,0.219717195,122.99574,30.58370957,0.033418087,0.121360378,1,5,1,3,0,4,1,1,0,3,5,2,0,3,2,5,2,4,3,1,1,1,1,1
ENFJ,NF,🌿ˏˋ𝐴𝑟𝑡ℎ𝑖𝑡! 𝐄𝐍𝐅𝐉 . •:◦,1NWBzsL6TIm3BsXgMEysrS,50,0.61016,0.131757408,0.68588,0.175791927,-6.51406,3.243589347,0.6,0.494871659,0.08269,0.085367062,0.2008212,0.274041208,0.183412,0.100213598,0.53838,0.218088064,123.74208,31.19253356,0.022945737,0.1233192,1,2,3,6,0,3,3,1,2,2,2,2,0,3,0,6,1,3,0,1,4,1,1,3
ENFJ,NF,* ENFJ/INFJ/ENFP/INFP,2BYY4YEG2MkxjOw9UaA5jY,50,0.47948,0.119896935,0.50798,0.201315215,-8.41042,3.021516197,0.52,0.50467205,0.052004,0.036335792,0.44448984,0.327998813,0.141978,0.073939275,0.23461,0.114271069,115.85116,29.87126749,0.013839655,0.043238581,2,3,1,2,0,1,0,1,1,3,2,2,2,3,1,3,6,1,2,2,5,3,2,2
ENFJ,NF,Enfj power vibe,6q7StemOo4ye8kzjfwHnq6,7,0.545714286,0.098891716,0.653,0.190192008,-6.549857143,2.671823936,0.285714286,0.487950036,0.0848,0.067680943,0.32586,0.341364202,0.141714286,0.104812474,0.430714286,0.084977868,118.2198571,36.17479575,0.009359957,0.016827224,2,0,0,0,0,0,0,0,0,0,0,1,1,0,0,1,0,0,1,0,0,0,0,1
ENFJ,NF,ʕ•́ᴥ•̀ʔっ,5nSFhs7HP8BR42YWJ90WNp,39,0.628435897,0.126266592,0.542128205,0.204495165,-8.009512821,2.913399316,0.871794872,0.338688428,0.047005128,0.025726465,0.395137692,0.317195528,0.166482051,0.126015237,0.535333333,0.224501123,117.0085385,28.8325105,0.045685449,0.144665801,1,3,0,1,0,3,0,0,1,5,5,0,0,3,0,5,0,4,2,1,1,2,0,2
ENFJ,NF,ENFJ / 1w2,0dYd2SutCAShYO3QeXmLNL,33,0.598,0.119106832,0.669939394,0.170266508,-5.450242424,1.982786613,0.757575758,0.43519414,0.069063636,0.05503187,0.227526667,0.286901744,0.158227273,0.0977872,0.519545455,0.206253347,125.6607576,33.35205607,0.009724948,0.053762309,0,7,0,2,1,2,0,0,1,3,2,1,1,3,0,2,0,3,0,0,1,1,1,2
ENFJ,NF,One Song for Every MBTI,5ng1bCMZzaUl7EcM6bR8Du,16,0.5585,0.153815907,0.72275,0.212512431,-5.5346875,3.22828063,0.6875,0.478713554,0.07046875,0.039429206,0.175511687,0.283724291,0.22528125,0.158850732,0.53470625,0.214267731,132.0555625,31.96529105,0.002625501,0.005992166,0,4,1,0,0,1,0,1,1,1,1,1,0,1,1,1,0,0,1,0,0,0,1,0
ENFJ,NF,aslan,00qjQEJOSX2bHnK1TspM2t,50,0.4928,0.124650696,0.546,0.210450731,-8.89104,3.707919153,0.74,0.443087498,0.041104,0.023608438,0.348358534,0.342649487,0.15586,0.095325192,0.367946,0.248816097,122.30778,32.93256423,0.258423581,0.315768421,1,6,1,5,0,2,0,2,3,5,3,4,0,3,1,1,0,5,1,1,1,3,2,0
ENFJ,NF,leo ♌︎ + ENFJ type beat ,76HXbarILL2PiBALUFQdK9,50,0.62,0.099006493,0.66294,0.148972455,-6.29166,2.343763166,0.64,0.484873221,0.061706,0.065602403,0.1679496,0.243865047,0.171972,0.134903346,0.512896,0.230976388,124.4555,25.74125636,0.020342145,0.082780233,2,1,3,3,0,5,3,2,2,1,2,1,2,4,0,4,0,3,3,4,0,0,1,4
ENFJ,NF,lvytmtstrn,0uYYl7WHEs1jJ8ZrWZmsim,50,0.51042,0.128181168,0.5196,0.217855316,-7.89104,3.241369413,0.92,0.274047516,0.037916,0.013031882,0.43712714,0.377307234,0.146412,0.109183072,0.343616,0.172984231,119.99188,27.94119478,0.043184296,0.17644084,3,3,0,7,0,5,0,2,1,4,6,0,0,4,0,6,0,2,1,4,0,2,0,0
ENFJ,NF,Jimin and Tooru vibes,1IelZajeHvzGnmc2Px0j4A,43,0.624581395,0.16187403,0.631534884,0.183471076,-6.689488372,2.319465388,0.674418605,0.474137324,0.065904651,0.041407682,0.215927884,0.288896155,0.178718605,0.169937789,0.51,0.237282432,123.7895349,26.65259578,0.000640116,0.003808461,1,8,1,1,0,7,0,1,3,1,2,0,0,2,0,3,2,2,1,1,2,0,2,3
ENFJ,NF,Heather Lane,4K2Cr6lqnLJuMYoVxYOHd7,20,0.5767,0.139749814,0.61495,0.143722494,-6.61165,1.904916942,0.4,0.50262469,0.06244,0.053639875,0.191821,0.250920878,0.229755,0.164242829,0.44765,0.201794913,117.89995,25.76344736,0.192167851,0.342973426,0,0,2,1,1,2,0,1,0,1,1,0,2,0,0,1,0,0,0,1,3,0,4,0
ENFJ,NF,Main charcter,6fLZismIME2B5D2zExb2Dj,45,0.533244444,0.131599626,0.638977778,0.15343706,-6.594377778,2.084115174,0.6,0.495433694,0.081691111,0.100429018,0.267108,0.244555083,0.152286667,0.091535757,0.333331111,0.181780817,115.9906889,30.21525788,0.062046718,0.164826234,1,2,2,1,0,4,0,1,2,6,1,5,0,4,0,3,3,1,2,0,1,2,1,3
ENFJ,NF,enfj af,770G9LasHz0S0fuA2gkL7o,50,0.58538,0.13139501,0.70706,0.134145886,-6.2546,2.798795995,0.5,0.505076272,0.090498,0.090936018,0.12754682,0.169041747,0.2235,0.158870958,0.54064,0.211569042,112.43022,32.88154291,0.01190277,0.058082222,2,7,4,5,2,3,0,0,4,0,0,3,0,2,1,2,0,3,0,1,2,2,3,4
ENFJ,NF,ENFJ 🍃,3tNfSZ6ZTGe5s1kAa5baaX,21,0.558142857,0.134802554,0.68452381,0.176768951,-6.202666667,2.253197779,0.619047619,0.497613352,0.070271429,0.055960693,0.15814619,0.247121268,0.168785714,0.088452096,0.411571429,0.168024275,137.1961905,30.5584917,0.010793135,0.036901679,2,0,1,2,0,1,0,1,1,1,1,0,0,0,0,3,1,0,2,1,1,1,0,2
ENFJ,NF,"enfj x infp, the star and the moon",7oUNrKZWQIkdg5JesjIoPm,50,0.4802,0.145550328,0.3201224,0.18999076,-12.03432,5.565376997,0.9,0.303045763,0.040556,0.016010687,0.70399,0.295640061,0.140998,0.091694202,0.296942,0.150513562,122.15558,33.09034868,0.100926642,0.245025704,0,5,1,1,0,2,1,4,0,3,2,1,1,9,0,4,1,3,6,4,0,2,0,0
ENFJ,NF,enfj :(:,7cbTLe0kJPCWB2T4931QMf,50,0.63434,0.140449949,0.57198,0.165691808,-7.00388,1.922003107,0.66,0.478518121,0.087724,0.071889321,0.2671729,0.271559107,0.198628,0.154395678,0.41426,0.201689983,117.9005,26.98735579,0.053202007,0.170307194,4,5,1,4,0,1,0,1,2,3,3,4,0,1,0,5,2,4,2,1,0,3,1,3
ENFJ,NF,ENFJ,1IPEuaVMg2FLdFRp17On8m,22,0.532818182,0.122694602,0.678545455,0.180259001,-5.962227273,2.554716776,0.363636364,0.492365964,0.066027273,0.077791689,0.112744091,0.196284941,0.164613636,0.147211394,0.406995455,0.210953099,126.3493182,38.32908249,0.025853647,0.120421878,1,1,1,0,0,1,0,0,3,1,1,0,1,0,2,1,2,1,2,0,2,0,1,1
ENFJ,NF,Enfj// the supporter,5XCk4WUE71D7m8CkV5g5oG,50,0.59306,0.130808851,0.6501908,0.24020912,-8.11466,5.623049658,0.66,0.478518121,0.079468,0.079603211,0.20475508,0.288461084,0.182466,0.118612128,0.533324,0.226007291,125.49534,29.25996939,0.04760318,0.144685756,1,5,2,3,0,3,1,3,1,1,3,3,1,4,1,3,1,4,1,1,3,2,1,2
ENFJ,NF,enfj: sentimental + warm,5I348bBevQR6TIk3oDfKqS,30,0.6142,0.155344201,0.317,0.097552108,-11.2941,2.945010852,0.8,0.406838102,0.048526667,0.036250108,0.822666667,0.144086979,0.171476667,0.084965359,0.546766667,0.18734344,107.6448667,19.11903708,0.002811476,0.012114773,0,0,0,3,1,4,1,2,0,1,2,0,1,1,0,3,1,1,3,2,0,2,2,0
ENFJ,NF,Diplomats (XNFX) playlist,0okJ6jk0n9UZsORWkmeNBQ,50,0.5772,0.123971524,0.62626,0.17096411,-6.68414,2.420321399,0.78,0.418451958,0.064822,0.06784215,0.23897724,0.253578062,0.167836,0.118833464,0.447752,0.205831826,125.54366,27.91050952,0.038785266,0.17159321,0,6,3,3,1,4,0,1,1,1,3,1,1,5,0,4,0,7,0,3,1,2,1,2
ENFJ,NF,enfj/infj-t enneagram 3/1w2 little academic validation perfectionist ,6zMB38KIMgXR9v2SU1R8G9,23,0.610086957,0.127893746,0.550117391,0.227501786,-8.20826087,3.339832892,0.782608696,0.421741168,0.102947826,0.120590015,0.379966522,0.31717941,0.176669565,0.162038291,0.470786957,0.242615709,125.4932174,38.33058897,0.000729099,0.0020565,0,2,1,0,0,2,0,0,2,4,3,0,0,1,0,3,1,0,0,0,0,3,1,0
ENFJ,NF,ENFJ,1NLNpXvltnmhn7RA31UO8N,44,0.533472727,0.145645987,0.616704545,0.223603426,-6.948568182,2.767349966,0.772727273,0.423915106,0.058409091,0.045889847,0.2507875,0.286199173,0.136459091,0.08399633,0.422556818,0.252866374,122.4342273,34.79811342,0.055369688,0.14817238,1,4,0,2,2,4,0,2,1,4,2,1,0,5,0,3,1,2,2,3,0,1,1,3
ENFJ,NF,ENFJ,7zVnoODmZTv8z3vCVVBQ7o,50,0.5547,0.143119081,0.58392,0.219476914,-7.83102,3.070568753,0.86,0.350509833,0.051972,0.043335681,0.37533027,0.305329321,0.173718,0.142860471,0.453112,0.256178761,121.43748,27.66340361,0.018104227,0.10319682,1,7,0,2,1,6,0,1,0,1,4,0,2,4,1,2,1,3,7,4,0,2,1,0
ENFJ,NF,Canciones con vibras a mi,5Gs7gU9vBXVHhUfxPyffLi,50,0.47484,0.128008189,0.72318,0.157098135,-7.8062,2.806117057,0.74,0.443087498,0.05996,0.038503909,0.10076206,0.172768364,0.187762,0.153025997,0.455284,0.232834863,127.36048,28.18233331,0.107627685,0.225735297,0,6,2,3,0,5,1,1,0,5,0,0,0,7,0,3,1,3,1,1,3,2,1,5
ENFJ,NF,enfj songs according to a random tiktok video,6VKRZL5bLEv2YvHJJuQjYM,19,0.565736842,0.137505492,0.705473684,0.15100639,-6.217789474,2.478509242,0.684210526,0.477566933,0.065094737,0.040389568,0.124623158,0.192170884,0.183710526,0.109095483,0.407210526,0.163824628,136.3483158,30.92556967,0.011302939,0.038655783,2,0,1,2,0,2,0,1,1,1,1,0,0,0,0,3,1,0,1,1,0,1,0,1
ENFJ,NF,enfj,3BYZu3olDCG3hvoflbrNFS,18,0.582,0.177580471,0.640444444,0.181241543,-7.963666667,4.36243754,0.611111111,0.501631326,0.056877778,0.029224558,0.228866111,0.212397445,0.181155556,0.117772888,0.521388889,0.21227511,128.1002222,33.33735442,0.039478002,0.161402982,2,0,1,1,1,1,0,1,0,1,0,1,0,2,0,2,0,1,2,0,0,0,0,2
ENFJ,NF,ENFJ 2w3,7cL0Q8m3MtPfbIDpngYXEh,24,0.589416667,0.154872154,0.600125,0.177894036,-6.768875,2.374093902,0.833333333,0.380693494,0.063495833,0.053808093,0.328897917,0.324994608,0.157229167,0.128476777,0.473720833,0.201078875,112.5456667,30.04932663,0.040929136,0.161513376,1,2,2,0,0,3,0,0,0,2,2,0,0,4,0,2,0,2,1,1,1,1,0,0
ENFJ,NF,apollonian and dionysian ideals,3FX1JBsWJfTMOhIB1YqbzQ,50,0.54116,0.156562612,0.650332,0.208453061,-7.70724,3.91073409,0.54,0.503457434,0.070336,0.08007398,0.225389259,0.322036009,0.142626,0.084325496,0.518908,0.228588597,130.2009,29.16726292,0.077888819,0.189131347,1,6,4,2,2,5,1,0,1,1,2,1,1,4,1,1,1,3,1,0,3,2,2,5
ENFJ,NF,enfj,1HuVJpFL8Hqr9s7yjqaPjS,50,0.58608,0.134065296,0.624726,0.188118164,-6.78166,3.391847023,0.66,0.478518121,0.06817,0.052532716,0.22012474,0.279643359,0.153476,0.092142236,0.46691,0.199147614,121.63294,30.67950333,0.020609895,0.083151553,5,6,2,4,0,4,0,0,1,1,7,0,1,3,0,4,2,1,0,3,4,0,1,1
ENFJ,NF,enfj so2w3,4jlZc8qUquYMOp0LQrrSqd,50,0.49736,0.147397112,0.59732,0.191882983,-8.13092,3.112553751,0.54,0.503457434,0.05016,0.054432868,0.256553308,0.301427412,0.156448,0.105557831,0.344278,0.192536215,119.18798,32.49467013,0.070524342,0.168046407,1,4,1,3,0,0,0,0,1,0,2,2,5,1,3,4,2,5,3,3,2,2,2,4
ENFJ,NF,ENFJ-T,1GvZqAPFpHdaajCafeqxeH,50,0.61468,0.134734878,0.72026,0.15501584,-6.55234,2.675984454,0.68,0.471212071,0.058794,0.04516764,0.1436164,0.185286804,0.186556,0.116997004,0.56055,0.201841514,114.53676,25.25046644,0.07136443,0.178940068,1,6,1,7,1,8,0,3,3,3,1,2,1,2,0,0,3,1,2,0,3,1,0,1
ENFJ,NF,.:+*Sophisticated*+:.,6csbCTIU8mi0VlBWlURGgg,50,0.67376,0.137408457,0.50986,0.172106874,-7.51178,2.265789877,0.68,0.471212071,0.090052,0.094048993,0.344117986,0.228968974,0.170496,0.12022563,0.46028,0.194186639,119.08562,26.7803618,0.019661822,0.08955766,2,6,5,1,1,4,1,2,1,0,3,2,0,6,0,1,0,4,1,2,2,4,2,0
ENFJ,NF,old enfj smiles,22esg1eVSRmxMIxbPAJTic,42,0.531857143,0.115774291,0.735166667,0.158025919,-5.541047619,2.135597934,0.547619048,0.503760539,0.04392619,0.024699897,0.126109463,0.214191878,0.148030952,0.095900905,0.57487619,0.231927175,122.2021905,24.47493131,0.309676376,0.329378028,1,6,5,1,1,1,2,1,1,1,2,2,3,2,0,1,1,4,1,1,2,2,1,0
ENFJ,NF,Its just the ENFJ ,4JI3MM51iYfqaZLDymnIVu,9,0.431,0.133530895,0.642111111,0.116602363,-9.378222222,1.410178249,0.555555556,0.527046277,0.060188889,0.051115933,0.256064111,0.175005311,0.201444444,0.169086332,0.517,0.168964493,135.362,32.98768378,0.06614966,0.077969319,1,1,2,0,0,1,0,0,0,0,2,0,0,0,0,0,1,1,0,0,0,0,0,0
ENFJ,NF,enfj now,0496Pm6g5qZo9ZZkP4sRy9,47,0.573702128,0.158542535,0.609976596,0.216122851,-8.474638298,3.720599697,0.723404255,0.452150786,0.068878723,0.087489018,0.334651809,0.303001348,0.175468085,0.161355903,0.52023617,0.248095519,124.7258298,33.33872889,0.097117085,0.270866636,0,4,3,4,1,6,0,0,0,2,3,2,1,2,0,4,2,3,4,1,1,1,2,1
ENFJ,NF,MBTI Types As Songs - At Their Best / Worst,1l637Lrl1Jz4OZSppxR35p,32,0.628625,0.150143104,0.6406875,0.169949601,-6.48796875,2.620862755,0.8125,0.396557769,0.075390625,0.063019149,0.234497688,0.283038161,0.173084375,0.149849613,0.522875,0.215997125,115.6322813,25.7791777,0.025064632,0.095037382,0,2,1,2,0,4,0,0,2,1,4,0,1,3,0,2,1,4,1,2,1,1,0,0
ENFJ,NF,Empresses & Goddesses | Queen Archetype | Female Power,1Km2ylvNvwIvLWAASNhe6Y,50,0.70096,0.148817099,0.62602,0.174166879,-6.59886,2.709385765,0.48,0.50467205,0.125632,0.11178873,0.18181024,0.206273393,0.199816,0.16137056,0.456988,0.225743179,126.78662,29.74421376,0.040874274,0.151215606,2,2,3,5,0,3,0,0,2,2,1,1,1,0,3,3,1,3,2,1,4,2,3,6
ENFJ,NF,ENTJ & ENFJ classical,0P7629CNbZOJqAwxuPGTYh,23,0.252086957,0.101598547,0.18703913,0.132890898,-19.053,4.874334304,0.695652174,0.470471969,0.038530435,0.010824192,0.878782609,0.102896222,0.174647826,0.159655222,0.168152174,0.122181664,103.6072609,39.03442579,0.76983913,0.208720332,1,4,0,1,1,3,0,0,2,0,1,0,1,5,0,0,0,2,0,0,1,0,1,0
ENFJ,NF,ENFJ,13GoqpNnOYP51tV9KUkLVQ,9,0.590555556,0.138285132,0.646888889,0.08520922,-5.769333333,1.304785615,0.666666667,0.5,0.054644444,0.022617643,0.164865556,0.185738792,0.149122222,0.070843009,0.434111111,0.168581171,136.0016667,34.1934741,0.000109044,0.000250018,0,1,1,2,0,0,0,0,0,0,1,0,0,1,0,0,2,0,0,1,0,0,0,0
ENFJ,NF,enfj~infj,1lBsnCG31KM4xZRp9RpDl2,50,0.290196,0.147987029,0.1657724,0.132985686,-19.93418,6.516651941,0.66,0.478518121,0.042846,0.010778175,0.9177,0.128874761,0.133434,0.088845065,0.120074,0.147362701,105.5263,36.68013246,0.881,0.10419213,0,5,2,2,2,1,0,4,4,2,6,3,0,6,1,1,2,1,4,0,0,1,0,3
ENFJ,NF,suck,5Z6kd1I44K8yyaRDzmr9Kf,21,0.592047619,0.118864409,0.708238095,0.183011449,-7.452142857,2.538394853,0.571428571,0.507092553,0.052466667,0.030588484,0.144468762,0.219180101,0.217295238,0.139990709,0.571952381,0.217160419,129.090381,22.92988689,0.189859306,0.238885674,0,2,1,2,0,2,0,0,1,0,0,0,1,2,0,2,0,0,0,1,4,1,0,2
ENFJ,NF,ENFJ - VIBE,0xGsHRR6JzwNyXKRS6fe7y,39,0.58825641,0.171404986,0.68704359,0.199739924,-6.790871795,4.189199271,0.743589744,0.44235903,0.055912821,0.042614028,0.191357897,0.24267611,0.184966667,0.110438707,0.574782051,0.257095483,126.759641,29.60321511,0.096076508,0.201019385,2,5,0,3,0,2,1,0,1,3,2,2,1,3,0,3,2,5,1,2,1,0,0,0
ENFJ,NF,Yellow,1ZnxzK20Oq3T4ibCv7uux7,26,0.553115385,0.111143628,0.644807692,0.192681295,-7.631538462,3.640301825,0.807692308,0.401918476,0.052138462,0.030382048,0.282996923,0.252373777,0.191792308,0.154561713,0.557230769,0.187060912,113.3540385,28.94214595,0.026832041,0.113067158,0,4,0,1,0,2,0,0,0,0,2,0,0,3,0,1,1,6,1,0,1,1,1,2
ENFJ,NF,infp & enfj <3,65ITJ85VA3u8OUbZCnO0ZQ,18,0.522444444,0.149481544,0.344861111,0.170848557,-11.85205556,3.430036091,0.944444444,0.23570226,0.038272222,0.009932111,0.663944444,0.327692013,0.17075,0.181974524,0.336333333,0.194981447,118.5399444,32.96214413,0.061157442,0.131311238,0,2,0,1,0,3,0,0,0,1,1,0,1,5,0,2,0,0,1,0,0,1,0,0
ENFJ,NF,poudreitte,3yM2bfDSfK6ebXMWlGMzqC,50,0.58148,0.13570184,0.59554,0.202200064,-6.79736,2.949469636,0.82,0.388087934,0.05019,0.030839898,0.4519954,0.280526412,0.190918,0.150384469,0.61226,0.21580753,117.47472,21.2724432,0.006965511,0.04778148,1,2,3,0,1,3,0,7,1,6,7,0,1,6,0,0,0,3,4,2,2,1,0,0
