mbti,function_pair,playlist_name,playlist_id,track_count,danceability_mean,danceability_stdev,energy_mean,energy_stdev,loudness_mean,loudness_stdev,mode_mean,mode_stdev,speechiness_mean,speechiness_stdev,acousticness_mean,acousticness_stdev,liveness_mean,liveness_stdev,valence_mean,valence_stdev,tempo_mean,tempo_stdev,instrumentalness_mean,instrumentalness_stdev,Cminor_count,CMajor_count,C#/Dbminor_count,C#/DbMajor_count,DMajor_count,Eminor_count,EMajor_count,Fminor_count,FMajor_count,F#/Gbminor_count,F#/GbMajor_count,GMajor_count,G#/Abminor_count,G#/AbMajor_count,Aminor_count,AMajor_count,A#/Bbminor_count,A#/BbMajor_count,Bminor_count,BMajor_count,Dminor_count,D#_EbMajor_count,Gminor_count,D#_Ebminor_count
ENTJ,NT,ENTJ 8w7 secret playlist for  world domination ,0cAx8PldSZYJFfJzLeaohV,50,0.67616,0.15673393,0.64974,0.1625031,-6.73516,2.569807794,0.54,0.503457434,0.146628,0.129724735,0.14975758,0.175284777,0.17096,0.115773972,0.55496,0.25037115,127.39678,27.80541616,0.021933782,0.120165153,2,4,1,5,4,2,2,4,1,2,3,4,5,1,2,1,1,1,4,1,0,0,0,0
ENTJ,NT,ENTJ vibes.,2sMGWHpGRVt6z8BsMfGbHd,50,0.61336,0.134155676,0.70376,0.151674404,-6.1435,2.423110383,0.56,0.501426536,0.069372,0.06646867,0.12958893,0.175321145,0.189498,0.139058872,0.490844,0.223026787,117.34024,25.54561715,0.038033425,0.103586279,3,5,1,6,1,2,0,2,2,2,1,4,3,2,5,1,0,2,1,1,2,3,1,0
ENTJ,NT,entj vibes ;),4H7bxHuT4Zu54oj03w3AVB,50,0.63884,0.13536924,0.6903,0.159572803,-6.42064,2.878085891,0.46,0.503457434,0.086628,0.090101211,0.13334892,0.165490604,0.21906,0.161956836,0.489698,0.257011012,120.71926,23.26261357,0.071070171,0.186705665,4,2,2,3,3,3,0,6,1,1,1,2,0,4,4,3,3,2,1,1,1,1,2,0
ENTJ,NT,im an ENTJ,3i2sBpBI7VKznMsvl7UH6j,50,0.63678,0.131382024,0.60217,0.174425869,-7.22602,2.695678988,0.64,0.484873221,0.130628,0.132779255,0.14407268,0.195315602,0.18552,0.113536814,0.365632,0.20016916,121.17912,28.25771332,0.090394451,0.227330967,3,5,1,4,5,2,2,2,1,3,1,8,0,3,1,1,2,2,2,0,0,0,2,0
ENTJ,NT,entj playlist,7jmnBH2b8DFCEayotoAgAd,50,0.55088,0.150382457,0.6634,0.164272173,-6.6518,2.132604664,0.48,0.50467205,0.066818,0.070107881,0.123442408,0.142688422,0.159684,0.10791686,0.420924,0.201322917,123.70438,31.32699693,0.102110393,0.220790257,1,3,1,1,3,5,1,2,1,0,2,3,3,2,4,2,1,3,5,2,1,1,3,0
ENTJ,NT,ENTJ,4t4SoQaylBIlKjx2eCqPc9,50,0.63548,0.172052465,0.650184,0.196655243,-6.712,3.368133608,0.42,0.498569382,0.126962,0.110726913,0.198464192,0.209282357,0.17634,0.130454815,0.487966,0.225189567,126.13078,29.82520996,0.031676322,0.084624892,7,3,2,3,2,5,1,4,1,0,2,2,1,2,1,4,3,0,3,1,3,0,0,0
ENTJ,NT,ENTJ songs,2MiqxSFSTyJFBMBXnBHYH4,50,0.62776,0.136237122,0.69662,0.142103425,-6.1067,2.129563645,0.46,0.503457434,0.080328,0.064117316,0.21369814,0.219535447,0.16594,0.107661778,0.51993,0.239392135,120.26322,24.1139805,0.032110789,0.129716829,3,3,0,3,1,2,1,5,2,3,3,2,1,2,3,2,3,2,4,1,1,1,2,0
ENTJ,NT,Entj 😈,0F30ijpg50ABLb5ohmtmp3,50,0.63408,0.157033708,0.67354,0.18025019,-6.81576,2.539100801,0.44,0.501426536,0.10913,0.105672606,0.14113038,0.167083126,0.178148,0.138052432,0.53052,0.231868474,127.54474,30.56014513,0.04797859,0.105706787,4,2,4,2,2,7,1,3,1,0,1,1,2,7,1,3,2,1,2,1,1,0,1,1
ENTJ,NT,ENTJ fuel,65BUPKWY6afMlz1h925xcJ,50,0.67042,0.12491811,0.64534,0.170971129,-6.58678,2.223309698,0.3,0.46291005,0.128282,0.0991688,0.17512784,0.186279185,0.180362,0.154003941,0.526068,0.18992474,122.2144,28.83412623,0.013164727,0.040348724,4,0,2,2,1,4,3,4,0,7,2,2,0,0,2,2,4,0,6,0,1,3,1,0
ENTJ,NT,entj 3w4 women,4mxMPMZY4depR7Fy3G4Qff,50,0.6261,0.145458775,0.65196,0.157529778,-6.06154,1.971499235,0.48,0.50467205,0.077408,0.067631157,0.21090758,0.224848712,0.168566,0.106453124,0.522232,0.230620152,119.60598,29.43261554,0.035074438,0.103394527,3,5,3,3,4,2,1,4,1,2,3,2,1,0,5,1,1,1,4,1,0,2,1,0
ENTJ,NT,ENTJ (PDB),0vt1vqJLzXqWWZaqPLEO8Q,50,0.59816,0.138966206,0.71006,0.151065523,-5.53254,2.073655672,0.46,0.503457434,0.08098,0.060747423,0.1775098,0.204761313,0.180308,0.125344373,0.48695,0.209142625,121.32888,29.74765163,0.015996108,0.052662884,4,4,0,2,3,4,1,2,1,1,4,3,1,0,3,2,4,2,2,0,3,1,2,1
ENTJ,NT,ENTJ,2H39kTqcL7c5Kn5TTy0pPS,50,0.58404,0.116783588,0.78446,0.122682303,-5.3937,1.848874906,0.5,0.505076272,0.072382,0.073049314,0.039210744,0.059799866,0.168732,0.124669037,0.561278,0.191087807,120.80284,29.40800768,0.028923493,0.120847842,1,6,1,1,5,4,1,0,0,2,1,2,1,0,2,7,2,1,9,0,2,1,1,0
ENTJ,NT,Entj villain ,4JqZaWxR4khytMK348Tv8i,45,0.678466667,0.140089355,0.663711111,0.17510797,-6.299733333,2.312594317,0.444444444,0.502518908,0.124522222,0.113101388,0.178651778,0.193807199,0.198344444,0.148312907,0.548913333,0.227226022,118.7390889,24.01567543,0.095243585,0.218565932,1,6,2,3,1,2,2,2,0,2,2,3,1,0,6,0,1,2,4,1,1,0,2,1
ENTJ,NT,entj >>,7bK474FI2PLFfpySqtwIfh,50,0.61312,0.135539834,0.69642,0.141477349,-5.86044,2.095917384,0.54,0.503457434,0.08978,0.083339363,0.08245054,0.104854769,0.216736,0.176886617,0.4196,0.222437742,125.08838,28.81680516,0.128735583,0.274940524,1,0,0,3,5,3,1,2,1,3,1,4,1,4,5,2,2,2,3,3,2,1,1,0
ENTJ,NT,ENTJ woman,4USApPMKL5M9xjQYWc3eLV,50,0.63066,0.131021047,0.68908,0.164463611,-5.97674,1.661423054,0.58,0.498569382,0.111796,0.099895917,0.1309104,0.16247214,0.18579,0.124396076,0.485974,0.204581637,114.89422,29.55737314,0.020622447,0.099162843,1,5,1,5,3,7,1,2,1,0,3,2,2,5,2,2,2,0,1,1,1,1,1,1
ENTJ,NT,entj,7eyC9lzwdnXveNjiR8MsVs,50,0.60334,0.159616966,0.6533,0.165001206,-6.57518,2.244754054,0.32,0.471212071,0.10558,0.103033407,0.16100576,0.182027094,0.18956,0.139310037,0.477536,0.224453299,116.15838,31.87784305,0.020549331,0.079283568,4,3,1,1,3,5,3,2,1,3,0,2,1,2,2,0,2,0,4,1,4,0,4,2
ENTJ,NT,ENTJ WORKING ON A MASTERPLAN,0z128D2fXdbnlxQTtD1nG1,50,0.2484,0.14219731,0.1514896,0.13810904,-21.07244,7.318510393,0.58,0.498569382,0.048032,0.022763159,0.866534,0.196643074,0.160108,0.171580436,0.192176,0.205313348,106.09066,33.96329504,0.61324198,0.361265365,4,2,2,1,9,1,2,1,3,1,0,6,2,2,3,0,0,1,1,3,3,0,3,0
ENTJ,NT,ENTJ supremacy,1bQ3x9JxEzTbSt3TC8A5Np,50,0.60354,0.12662192,0.67234,0.183149277,-6.50274,2.305727578,0.38,0.490314351,0.088344,0.08849363,0.19463848,0.218911168,0.205088,0.146925562,0.427006,0.208597292,114.6724,25.70491237,0.030862822,0.128352889,2,3,4,4,5,3,2,4,2,2,0,0,1,1,6,1,3,1,3,0,1,0,1,1
ENTJ,NT,ENTJ playlist,75Ewl4h3fdkYcGJ8IE41vt,50,0.62412,0.142868377,0.68208,0.152274569,-6.2304,2.115899076,0.48,0.50467205,0.099284,0.095762722,0.1454912,0.177253061,0.15966,0.133077682,0.481292,0.215806021,123.07278,27.27155789,0.0135776,0.045428658,1,2,2,2,3,0,1,4,2,3,3,2,1,1,4,3,6,1,1,3,1,1,3,0
ENTJ,NT,entj personality,0gsGfYHGfFK7Jukr84nSZN,50,0.61928,0.141912166,0.6954,0.165273181,-5.92538,2.17364262,0.44,0.501426536,0.08425,0.091506563,0.18400024,0.20315332,0.187272,0.128764717,0.485006,0.213344403,116.189,27.44680105,0.032622051,0.130040367,3,1,3,1,4,5,2,5,4,2,3,3,3,1,2,0,0,3,0,0,2,0,2,1
ENTJ,NT,ENTJ-T,2fILF9YDKi9A7rytx4Gy2U,50,0.65444,0.154243799,0.62326,0.172729801,-5.78242,1.907133142,0.5,0.505076272,0.102278,0.077248695,0.2184226,0.227246844,0.173298,0.135268226,0.458668,0.199861485,122.81946,27.48691805,0.000653835,0.003040186,2,4,0,5,1,7,0,6,4,2,0,3,1,6,0,0,2,2,3,0,1,0,1,0
ENTJ,NT,ENTJ Playlist😈💵❤️‍🔥,0Tbo6gBc7zsI8X2x04isvi,50,0.62186,0.163297651,0.6618,0.178984551,-6.1132,2.849370027,0.48,0.50467205,0.078698,0.065371836,0.16135644,0.232422847,0.176282,0.157662209,0.481632,0.240602861,121.36404,26.55742771,0.02677818,0.125433434,3,6,1,1,2,1,0,4,1,2,2,2,1,1,5,3,3,1,3,2,2,3,1,0
ENTJ,NT,Entj,2D8n0vb2Xq18zsuTo1pjFm,50,0.65406,0.139884706,0.70446,0.166275921,-5.80574,2.057412361,0.42,0.498569382,0.071776,0.055154164,0.165687116,0.199303172,0.19107,0.153873767,0.552098,0.211046137,118.33032,25.81810753,0.026508463,0.087755619,3,5,0,1,1,5,0,0,0,2,3,4,0,1,3,3,6,2,5,0,1,1,4,0
ENTJ,NT,ENTJ,3J9mocEbzSkTUgigkQbdvx,50,0.6885,0.172762459,0.64294,0.226971221,-6.80888,3.128612033,0.46,0.503457434,0.154832,0.168351453,0.16221996,0.270128619,0.163948,0.138509473,0.494894,0.257413204,122.1562,27.69853606,0.025288191,0.100033399,2,3,3,6,3,3,0,5,1,2,1,4,0,2,2,1,3,1,3,0,1,1,2,1
ENTJ,NT,dark academia / INTJ/ENTJ/ villains,3B49vVj4djxwdHzESkS4iz,41,0.29024878,0.114533347,0.214095122,0.139435288,-17.66878049,5.9074534,0.365853659,0.487652415,0.041182927,0.009306689,0.906658537,0.132722946,0.115936585,0.041218435,0.132046341,0.126918856,108.4571707,37.19255407,0.759725122,0.297834071,2,1,0,1,2,2,2,3,2,0,0,2,2,0,3,0,0,4,3,0,6,1,3,2
ENTJ,NT,lozza’s entj8w7🧠 ,2l95xOJ0ciMuuvgY3QB2rq,50,0.64268,0.135054402,0.57382,0.206097034,-8.56752,4.082824849,0.68,0.471212071,0.047466,0.045157152,0.3109368,0.30798452,0.19902,0.178843048,0.566858,0.220413545,117.47162,25.51269887,0.01773274,0.048924771,1,10,2,2,2,1,3,2,6,2,3,3,1,1,3,1,0,2,2,1,0,0,2,0
ENTJ,NT,as an entj woman,35NP7FG8eIeDSJ8wLs7v7l,38,0.651657895,0.164637567,0.6965,0.177589072,-6.153394737,3.233556142,0.447368421,0.503896623,0.093805263,0.076981198,0.088693026,0.112806395,0.237305263,0.187712271,0.539631579,0.21954996,128.8256842,27.3598846,0.037036837,0.132408415,1,1,1,4,2,7,0,2,1,2,2,3,0,2,3,1,0,0,2,1,1,0,1,1
ENTJ,NT,entj,3w9d9TDq2qsZ9BRzTGGSDi,42,0.593380952,0.130310689,0.641380952,0.15530677,-6.780404762,2.128733289,0.785714286,0.415299732,0.057445238,0.056729109,0.251817726,0.268184688,0.16992381,0.115420708,0.49252619,0.282531522,125.8537143,27.75082362,0.049730388,0.188540932,2,4,0,4,4,1,3,1,1,1,1,5,0,5,2,2,1,2,1,2,0,0,0,0
ENTJ,NT,ENTJ,0PFQYwa4OHcHm13x9JISdV,31,0.556548387,0.128002823,0.595129032,0.22154776,-7.234419355,3.873069917,0.64516129,0.486373457,0.077222581,0.094759354,0.24882441,0.310589565,0.143845161,0.110761485,0.369687097,0.200380909,120.5198065,29.84353721,0.056991222,0.220189756,3,3,0,1,4,3,0,0,1,1,0,1,1,5,0,2,2,1,1,1,0,1,0,0
ENTJ,NT,ENTJ,2rEHFARUOrgI11AGeItRdr,26,0.657538462,0.126992986,0.541846154,0.159589898,-7.2015,2.436407819,0.5,0.509901951,0.097026923,0.076685918,0.328861923,0.282499908,0.149373077,0.10046102,0.487730769,0.181005759,121.7876923,34.19373505,0.00843327,0.033273649,2,1,1,3,0,0,1,2,1,2,2,0,0,2,4,2,1,0,0,1,0,0,1,0
ENTJ,NT,pov: ur a entj,0GwEpP5PJdtCXwGK18b2Kf,50,0.60016,0.144105879,0.75212,0.145960386,-5.6026,1.756026335,0.56,0.501426536,0.077612,0.074768635,0.13538666,0.161583823,0.173932,0.144804819,0.506348,0.224266892,129.03128,27.7687745,0.025375098,0.126921156,1,5,1,3,3,4,3,2,3,0,2,3,2,0,4,4,2,0,3,2,1,0,1,1
ENTJ,NT,True ENTJ,55xXzWMzGQpbzEaqdP5uw0,50,0.59046,0.148223936,0.58538,0.178584901,-7.19678,2.745147379,0.48,0.50467205,0.090774,0.090994523,0.1744382,0.223673525,0.178204,0.119250985,0.429656,0.209370431,117.97402,30.53646204,0.077375488,0.184456178,1,3,0,1,3,6,2,3,1,2,1,5,4,1,2,0,0,3,5,3,2,1,1,0
ENTJ,NT,Entj 💀,2kF8ZXSadU5WQSje9vrF9X,42,0.644571429,0.128805231,0.70047619,0.179636793,-5.844071429,2.278202687,0.476190476,0.505486737,0.088095238,0.094535171,0.210669262,0.204792994,0.165419048,0.118753459,0.585452381,0.20191754,120.5161667,27.76787217,0.001165108,0.003843511,3,5,1,2,4,3,0,1,1,3,0,2,2,2,2,0,1,2,1,0,2,2,2,1
ENTJ,NT,ENTJ,0ievkexuMaZMfFV02gVGF7,45,0.613044444,0.158245775,0.725511111,0.155446516,-5.094422222,2.330198523,0.466666667,0.504524979,0.092446667,0.097866919,0.135017207,0.165747525,0.200457778,0.127845574,0.477866667,0.222027496,123.8940667,29.79944525,0.028265753,0.082941476,0,3,1,3,5,3,0,3,1,3,3,2,0,1,3,1,2,1,3,1,2,0,3,1
ENTJ,NT,ENTJ 8w7,04qW0t8E8PVFT2NUTTn0Wv,50,0.61196,0.141692101,0.6568,0.156586026,-6.8811,2.160131829,0.54,0.503457434,0.088472,0.072400011,0.1595346,0.177502291,0.186124,0.11020002,0.395758,0.192997046,121.25212,27.97655633,0.03031844,0.090261105,4,4,1,6,4,3,1,2,0,4,0,5,0,3,2,2,5,1,0,1,0,0,2,0
ENTJ,NT,ENTJ,6LV6fqMKwAUciUwU9DDHGs,20,0.6227,0.096484032,0.6395,0.164392822,-7.28135,2.552399661,0.5,0.512989176,0.10134,0.099356611,0.09422348,0.115345183,0.22749,0.13869955,0.464,0.192870286,125.0499,30.51680912,0.104833486,0.211075169,0,1,1,1,1,2,0,2,0,4,1,2,0,2,0,1,0,0,0,1,0,0,1,0
ENTJ,NT,Entj,1IWPllI7BJzk8lFvQAVAMw,34,0.654941176,0.173029327,0.650617647,0.172266885,-5.695970588,1.444787443,0.382352941,0.493270218,0.079176471,0.0678962,0.246499706,0.25548869,0.157047059,0.149647392,0.504938235,0.236476476,115.9923529,24.9085726,0.001632171,0.007963783,1,3,3,2,1,2,0,2,2,0,1,1,0,2,4,0,4,1,1,0,3,0,1,0
ENTJ,NT,ENTJ's vibe,0aR6psRVjY5oYCcTuH48Zg,50,0.61528,0.146467387,0.66076,0.152130658,-6.37544,2.033440857,0.52,0.50467205,0.090446,0.075222856,0.2073432,0.212515168,0.169964,0.115403586,0.49107,0.209162037,117.9986,29.79664709,0.015403152,0.051765137,4,5,0,4,1,2,1,3,2,1,3,3,1,1,4,2,3,2,2,0,2,2,1,1
ENTJ,NT,entj ¿?,2ERhfq5ElfpJS4Kpae3C9C,40,0.6847,0.165900835,0.66025,0.136925162,-6.816325,2.352725995,0.475,0.505736325,0.14078,0.119934016,0.190618,0.194818264,0.183,0.134168616,0.5726,0.210519967,117.149025,26.59192207,0.0641046,0.203980896,3,3,2,3,3,4,0,1,1,0,2,3,2,3,3,1,2,0,1,0,0,0,3,0
ENTJ,NT,Entj vibes,0a6WjeStYASSS0NELhB3Rr,50,0.63266,0.144757025,0.75542,0.150480332,-5.51536,2.141768493,0.5,0.505076272,0.088276,0.073550945,0.127874136,0.179265396,0.213402,0.184434744,0.532888,0.242747014,120.846,25.2435103,0.171713144,0.313378873,1,2,1,6,2,5,1,1,0,5,1,4,2,7,3,1,1,0,3,1,2,0,1,0
ENTJ,NT,ENTJ,0wd6t2Y2jYPsx9sSKuFssS,50,0.68978,0.123446971,0.758,0.132649146,-4.70748,2.405928216,0.38,0.490314351,0.109012,0.0825269,0.1298288,0.143521325,0.176544,0.125012145,0.545478,0.211237645,123.65156,27.2631561,0.014126827,0.07335122,3,2,1,4,1,4,1,6,0,5,3,5,1,0,2,2,2,1,3,0,2,0,1,1
ENTJ,NT,ENTJ-T,4lqpeW8M8rHbYIlv5UBnnC,50,0.5925,0.157652065,0.54696,0.175322322,-7.534,3.01970304,0.56,0.501426536,0.10516,0.112991829,0.24310224,0.26357248,0.172138,0.103905426,0.382952,0.189005994,125.7757,28.05203879,0.097642639,0.200156207,4,3,0,7,2,2,1,3,2,5,2,2,2,2,2,3,1,1,0,2,1,1,1,1
ENTJ,NT,ENTJ 🦹🏼‍♀️💜,1PijAqqS4W9XTLzrBK04jY,40,0.6115,0.161997784,0.678475,0.180134563,-6.5285,2.261623141,0.425,0.500640615,0.0978975,0.102207653,0.1459396,0.19242524,0.198715,0.134921709,0.476325,0.208173545,118.946775,25.96868365,0.033442727,0.153209819,2,3,1,2,2,4,3,0,1,1,1,1,2,1,5,2,2,1,3,0,2,0,1,0
ENTJ,NT,ENTJ 💜,3hBQ3hpXybJ1iLuhuHlSzL,37,0.609189189,0.114859295,0.705837838,0.160321987,-5.671567568,2.108949614,0.459459459,0.505227924,0.092575676,0.075255286,0.161195649,0.202647355,0.189259459,0.131364987,0.485891892,0.206752373,131.2292703,31.44534781,0.0189618,0.051846926,3,2,0,5,2,5,1,2,2,0,2,1,2,1,4,1,2,0,0,0,2,0,0,0
ENTJ,NT,ENTJ,4xUrPI1qEtpbTq7lrBPWov,12,0.649833333,0.124784056,0.713333333,0.165834711,-5.302833333,1.555758268,0.5,0.522232968,0.086741667,0.081816863,0.069591667,0.101898292,0.162416667,0.116129621,0.529833333,0.176577479,110.9231667,29.35661682,1.80E-05,2.90E-05,0,2,0,1,1,1,0,1,0,0,0,1,1,0,0,1,0,0,1,0,1,0,0,1
ENTJ,NT,Entj♟♥️,12LOtYmiUfmOBH7bE7x01Z,50,0.66648,0.143796943,0.69852,0.158504135,-6.16058,2.493831059,0.46,0.503457434,0.096052,0.085483974,0.14202366,0.164074918,0.179726,0.133335738,0.562548,0.220129616,120.55882,23.13294407,0.070380064,0.199598255,3,6,3,3,2,6,1,2,1,1,1,3,1,2,7,0,2,2,1,2,0,0,1,0
ENTJ,NT,entj olmak bir liste olsaydı,2r6miz5aCQIZgg8oQ3Flsr,50,0.63698,0.127856662,0.66172,0.16037393,-6.2079,2.160278622,0.44,0.501426536,0.125518,0.115558733,0.1720406,0.189252784,0.16848,0.115031298,0.422526,0.216064245,126.65404,29.11176555,0.007276687,0.0326428,5,3,4,3,2,3,3,1,0,1,2,2,0,5,2,1,1,0,6,0,3,1,2,0
ENTJ,NT,entj playlist,7MuJXU3SElmZaIWlcKp90v,50,0.67256,0.113861921,0.63018,0.148054001,-6.71204,2.584435232,0.46,0.503457434,0.07379,0.059665955,0.190832632,0.214335867,0.192772,0.146259133,0.487124,0.230082965,122.17824,25.12796378,0.031414091,0.107439483,2,4,1,2,2,1,1,5,3,4,2,2,0,2,1,2,3,1,2,2,0,0,4,4
ENTJ,NT,ENTJ / 6w5,6CrMGeQaHtJePfNy6ijZdT,43,0.652697674,0.139442006,0.68855814,0.176353987,-6.683348837,3.102203824,0.558139535,0.502485517,0.087227907,0.07968912,0.145731488,0.175623381,0.177560465,0.115048305,0.461169767,0.237199846,126.721,23.85428681,0.111575425,0.228740862,1,2,3,3,1,2,2,4,2,0,0,5,1,4,4,2,4,3,0,0,0,0,0,0
ENTJ,NT,Entj,6B0zJmowBoMLIKYek4dyd9,27,0.675148148,0.164957734,0.690222222,0.169051274,-5.744851852,2.746988627,0.518518519,0.509175077,0.077503704,0.07084189,0.143425148,0.207081814,0.16502963,0.126450817,0.613496296,0.206848784,122.8232222,28.47803401,0.042906814,0.128106204,3,2,2,1,1,2,0,2,0,0,3,3,0,1,1,1,0,1,1,1,0,0,2,0
ENTJ,NT,entj 감성,6d2DMgTQeTP20id41wBIQY,50,0.55528,0.164262115,0.615654,0.218918814,-8.3633,5.806018746,0.56,0.501426536,0.06437,0.06548354,0.305658472,0.315737905,0.192004,0.133414585,0.481268,0.224991764,117.10946,31.27348336,0.100972014,0.256730205,1,2,2,6,2,4,1,1,4,2,3,4,1,2,2,0,6,1,1,1,1,2,0,1
ENTJ,NT,Entj vibs,3JEt3Kf7UgjWPnv56nd8Vs,50,0.68964,0.145209597,0.69376,0.173014988,-5.93206,2.369357981,0.44,0.501426536,0.106472,0.101425109,0.16129714,0.191079237,0.175694,0.167861577,0.573448,0.211443268,126.65138,28.96718229,0.047066021,0.139352072,0,4,2,4,6,4,2,4,1,1,0,1,4,1,5,2,4,0,1,1,2,0,0,1
ENTJ,NT,ENTJ 4w3,4SWq4fUiV1ubvwk7gQ2z5E,50,0.6435,0.149415904,0.65576,0.185783455,-6.89952,2.969286159,0.46,0.503457434,0.106882,0.100078104,0.21522954,0.250594932,0.149356,0.076432927,0.520472,0.225311441,117.9532,24.73452754,0.055915735,0.155056177,2,3,2,2,4,1,1,3,3,1,1,3,5,3,5,0,2,1,5,2,0,0,0,1
ENTJ,NT,ENTJ,7IiNt6xX99WzOaESeEt63e,28,0.563821429,0.190648805,0.729535714,0.186115751,-6.373964286,2.022094138,0.607142857,0.497347461,0.090621429,0.104039079,0.156070524,0.20939704,0.16985,0.149642209,0.52825,0.214319185,127.2592143,26.03889554,0.120875327,0.269437485,1,2,0,2,2,1,1,0,0,1,3,1,0,3,2,1,2,1,1,0,2,1,1,0
ENTJ,NT,ENTPeda ENTJarras,7bhz5eK1yGKoSo7RfjIcEF,50,0.6961,0.171840606,0.70868,0.175242158,-6.044,2.211219859,0.42,0.498569382,0.101154,0.083251111,0.2070416,0.229287633,0.16723,0.118324721,0.62026,0.189044732,114.5594,27.34111777,0.000524979,0.002808815,2,3,7,1,2,2,0,2,2,2,1,2,1,2,4,2,3,1,4,2,2,3,0,0
ENTJ,NT,entj ,79G1Mwt5YwNtATtMOqIjeg,22,0.767409091,0.094639999,0.667727273,0.177994698,-6.251181818,2.752249706,0.5,0.511766316,0.1158,0.094336081,0.081187305,0.130278432,0.163072727,0.169770891,0.481759091,0.227139145,126.483,24.12793943,0.058745132,0.203479246,1,0,2,2,1,1,0,3,1,1,1,1,0,2,0,1,2,1,1,1,0,0,0,0
ENTJ,NT,Pov: you're a horny ENTJ,54x3LPoIuwEYMZMWkfwVY2,50,0.80214,0.117649082,0.67188,0.129130948,-5.47936,1.693159849,0.62,0.490314351,0.163968,0.116651367,0.105820928,0.119937638,0.201092,0.139599963,0.57686,0.185242589,126.72392,26.29453576,0.001292784,0.005999912,1,2,1,4,1,2,2,2,2,1,1,5,4,2,1,6,2,0,4,5,1,1,0,0
ENTJ,NT,entj 🫥,6usPNAhl9h5zar6xiknnFm,50,0.59304,0.139972586,0.62328,0.178096516,-7.53278,2.995461876,0.6,0.494871659,0.064674,0.072384243,0.248075,0.287735582,0.18351,0.135038731,0.489836,0.241037793,120.5128,31.90456192,0.098532528,0.231388392,2,1,2,4,3,2,2,3,4,1,3,3,0,3,2,4,2,1,2,1,0,1,4,0
ENTJ,NT,an ENTJ's mindset 👑,7LQMTE5jc8iU11AoGL5I7W,50,0.62448,0.127006868,0.69332,0.1553539,-5.63618,2.047833965,0.54,0.503457434,0.088248,0.073348848,0.11023762,0.152338157,0.186372,0.109084094,0.50844,0.205964744,119.34368,27.24422614,0.015414328,0.06976621,2,4,1,4,3,3,3,2,2,2,0,3,3,3,1,3,1,0,2,0,1,2,5,0
ENTJ,NT,entj songs,0QwgpbA5oybdbKOEdl7WZ8,50,0.69428,0.11019927,0.7261,0.140897307,-5.01264,2.140343447,0.46,0.503457434,0.126918,0.086510329,0.1407422,0.162038867,0.233592,0.183615691,0.54736,0.186950366,127.31344,29.79058794,0.023516187,0.123411103,3,2,1,5,1,4,2,2,0,2,2,5,0,2,4,0,4,0,2,2,2,2,1,2
ENTJ,NT,Entju,0wjSlZK3E9WEbga0I7zaHI,50,0.76402,0.085151124,0.68276,0.114188451,-7.44684,2.355557773,0.48,0.50467205,0.144922,0.107701982,0.11195662,0.141891366,0.196526,0.181902097,0.69028,0.188517637,112.27902,29.04401567,0.007123483,0.02842394,0,4,1,8,2,4,0,2,0,5,1,5,2,0,1,2,5,0,4,2,1,0,1,0
ENTJ,NT,ENTJ.,0TAormqwNyro0HzXASFdzm,50,0.58802,0.124087278,0.53072,0.164903564,-6.54996,2.994151162,0.84,0.37032804,0.057164,0.045123901,0.54401,0.274485587,0.17667,0.116262211,0.46374,0.177342032,119.2999,34.88474808,0.01536324,0.081922808,1,2,2,4,3,0,6,1,3,2,3,7,0,6,0,1,0,0,0,4,1,3,1,0
ENTJ,NT,ENTJ WOMAN,2yzv2fJlmCeMOV7nBrLWFS,50,0.6667,0.147893543,0.67234,0.14491836,-5.97756,2.166293808,0.52,0.50467205,0.133974,0.092027289,0.14643308,0.177363686,0.200252,0.158360587,0.496706,0.204998913,126.82224,28.72615333,0.013234252,0.058406389,2,3,3,5,4,3,2,4,1,2,0,5,0,1,3,3,2,0,2,2,1,0,2,0
ENTJ,NT,intj/entj's moment,2v8gr98FiNvjNwSqrhhdZf,50,0.61444,0.134481341,0.67464,0.190261234,-6.61436,3.789429313,0.6,0.494871659,0.092502,0.090005647,0.22524428,0.242553125,0.211548,0.17941869,0.54028,0.222242104,127.05032,31.83104384,0.072698473,0.204756181,1,6,2,3,0,2,1,3,3,0,2,7,1,1,5,2,1,2,1,2,2,1,2,0
ENTJ,NT,ENTJ - The Commanders,5XS8dJYa28x3kJvc8nt32G,50,0.66432,0.138120687,0.66478,0.156876695,-6.1607,2.036474307,0.5,0.505076272,0.125424,0.088685416,0.155413266,0.184033275,0.18126,0.111758101,0.510658,0.238807546,126.88282,29.86874638,0.025613985,0.085091976,2,3,0,7,0,1,1,4,1,0,3,1,4,2,1,4,2,1,7,2,2,0,2,0
ENTJ,NT,entj supremacy ,6fchkYcAZXCFMgkVwWuWaV,50,0.62918,0.147395579,0.6927,0.163940165,-6.26972,2.809718426,0.46,0.503457434,0.06829,0.056099563,0.12044154,0.170002899,0.166276,0.122847128,0.468762,0.211275658,122.54052,26.3931486,0.064165669,0.179607104,2,5,1,3,2,4,0,4,1,1,1,3,2,1,6,2,3,3,2,2,0,0,2,0
ENTJ,NT,ENTJ playlist,5x9qLJaivcjujKQHlgL34C,50,0.6254,0.149434444,0.67956,0.17034948,-6.60622,2.614022721,0.46,0.503457434,0.088314,0.079237841,0.119235166,0.170711005,0.169448,0.098788381,0.47541,0.23652294,122.69504,27.362484,0.033918134,0.073903674,3,3,1,5,3,2,2,5,0,2,2,4,2,1,5,0,1,2,4,1,0,0,1,1
ENTJ,NT,INTP x ENTJ.,6Ef5Yp7qakhmM99Z7GgRtS,40,0.59965,0.116610364,0.5625,0.189187737,-8.18815,3.663027692,0.525,0.505736325,0.067235,0.065546361,0.32060475,0.311051066,0.1730875,0.116302301,0.3839375,0.219526419,119.64745,27.19721297,0.058339572,0.193852168,2,2,1,3,2,4,2,3,1,3,0,2,1,1,3,1,0,6,2,1,0,0,0,0
ENTJ,NT,ENTJ // the commander,6SOX14Y8f5oq0SYT0QKIBG,23,0.573782609,0.109818427,0.636695652,0.135102464,-6.298782609,1.832540461,0.391304348,0.499010879,0.099178261,0.079750144,0.179946522,0.165352297,0.188678261,0.140170305,0.402478261,0.163502257,129.5468696,34.54590288,0.015957561,0.047013069,4,0,0,1,1,0,0,2,0,0,0,2,1,1,4,2,1,1,0,1,1,0,1,0
ENTJ,NT,ENTJ,7ujHgNHYq3hpjutxGm13V4,50,0.64372,0.176465646,0.6744,0.156577033,-5.89856,2.011265742,0.54,0.503457434,0.109478,0.091827376,0.1687098,0.218063178,0.202818,0.167008925,0.475628,0.217714953,125.35216,29.11724724,0.013292909,0.053101204,1,4,2,4,0,2,1,1,2,0,0,2,2,2,2,3,4,4,5,4,0,1,4,0
ENTJ,NT,ENTJ,4HQyntHvZDsyOJEJNYdq7b,50,0.62168,0.144893267,0.69492,0.141629416,-5.98436,2.183936259,0.52,0.50467205,0.07263,0.048473192,0.13766284,0.184987649,0.163524,0.126116245,0.542612,0.213135294,124.80464,29.33916038,0.017900332,0.052823608,1,6,0,5,2,1,2,4,1,2,2,1,1,2,3,3,4,1,2,1,3,0,3,0
ENTJ,NT,ENTJ,3c1D6eZNYAGhEthPRUfBcT,24,0.64275,0.135589294,0.765583333,0.151619064,-5.358291667,1.907050568,0.333333333,0.481543412,0.091579167,0.074416793,0.061802458,0.071503588,0.210029167,0.204537388,0.3774,0.177519216,127.46425,10.85725292,0.08527423,0.213118392,0,1,0,1,3,1,1,1,0,4,0,1,3,0,2,0,2,0,1,1,0,0,1,1
ENTJ,NT,Entj-t style,6QjJdYa9RgCyRysOPiwATk,50,0.67044,0.10568439,0.72624,0.119770624,-5.56804,1.958397627,0.5,0.505076272,0.09074,0.080082045,0.07580898,0.105131215,0.200438,0.184692818,0.544422,0.205376832,118.23576,28.05064166,0.016251574,0.110961493,1,5,2,3,3,0,2,4,0,4,1,1,2,5,2,2,1,0,7,2,1,1,1,0
ENTJ,NT,Escorpio/Slytherin/ENTJ,1uVbPjD8Sv3Nh7MZPkHHKm,50,0.60704,0.149548976,0.61844,0.172428531,-6.2667,1.900757424,0.5,0.505076272,0.088328,0.071143987,0.22602484,0.236375453,0.20084,0.138706818,0.416196,0.208395531,117.59812,30.44080534,0.022289829,0.084935682,1,6,0,2,4,4,1,4,3,2,0,2,2,3,4,2,3,0,2,1,1,1,2,0
ENTJ,NT,ENTJ,3e3qpIT3qRlRmT5mRQSWO0,50,0.63304,0.142933545,0.71274,0.160564922,-5.4469,1.977994142,0.58,0.498569382,0.084622,0.063939389,0.13679362,0.193617837,0.20208,0.169656486,0.53766,0.160278916,125.00122,27.19233354,0.022284747,0.082787359,1,3,2,4,4,4,3,0,2,1,2,4,0,1,3,1,4,2,0,3,6,0,0,0
ENTJ,NT,ENTJ vibes >>>,4JQqjm6NFPG30SFSfEkpks,34,0.689617647,0.121079492,0.734088235,0.160453971,-5.378882353,2.874885787,0.411764706,0.499554168,0.067379412,0.056764766,0.085237,0.170002936,0.205117647,0.174813527,0.582264706,0.162314567,123.0726471,22.69419116,0.066479467,0.188059996,0,3,2,2,0,3,1,2,0,0,1,2,1,1,5,2,0,0,4,2,0,0,2,1
ENTJ,NT,ENTJ Playlist (Confidence),7bOaMqzMKpuyQViM83GdGu,50,0.65638,0.144316954,0.67774,0.166970462,-6.0961,2.679053635,0.5,0.505076272,0.122494,0.100076831,0.170945308,0.178105213,0.164414,0.108164819,0.51322,0.20959546,127.0045,31.42835257,0.026755737,0.097368001,2,2,0,2,3,2,1,4,1,2,1,4,2,2,3,4,1,1,5,1,1,3,2,1
ENTJ,NT,ENTJ - A,2UAwSEreurqhHUQsgG2TU0,18,0.310444444,0.133846805,0.127758889,0.160321032,-24.34105556,7.913124782,0.611111111,0.501631326,0.046933333,0.01094865,0.935333333,0.178892672,0.101505556,0.025389842,0.150416667,0.101994004,120.2491111,35.86146516,0.916833333,0.035931716,1,1,2,1,2,1,0,0,1,0,0,2,0,1,3,0,0,1,0,0,0,2,0,0
ENTJ,NT,ENTJ music,1Z8f5hrJqM8XqEHSlfLvi0,32,0.6380625,0.154319095,0.70578125,0.164205759,-5.36775,2.095244369,0.6875,0.470929075,0.076315625,0.056538848,0.134701906,0.171394767,0.186646875,0.143158417,0.47953125,0.218736398,126.5039688,34.82208226,0.00427241,0.023855374,0,4,1,1,4,2,1,0,2,0,1,4,0,1,2,2,1,1,2,0,1,1,1,0
ENTJ,NT,ENTJ Playlist (Confidence),7bOaMqzMKpuyQViM83GdGu,50,0.65638,0.144316954,0.67774,0.166970462,-6.0961,2.679053635,0.5,0.505076272,0.122494,0.100076831,0.170945308,0.178105213,0.164414,0.108164819,0.51322,0.20959546,127.0045,31.42835257,0.026755737,0.097368001,2,2,0,2,3,2,1,4,1,2,1,4,2,2,3,4,1,1,5,1,1,3,2,1
ENTJ,NT,entj,2cm1HR0QFtVdmwlR5iQJQi,26,0.670346154,0.149611214,0.629730769,0.093207535,-6.631461538,2.105692233,0.384615385,0.496138938,0.082892308,0.073607624,0.114910769,0.139460301,0.149634615,0.083041613,0.409996154,0.21120805,112.5185385,22.41138357,0.002255228,0.006424748,2,0,5,2,0,1,0,4,2,3,1,2,0,1,1,1,0,0,0,1,0,0,0,0
ENTJ,NT,♔︎Entj♕︎,3OrXBUh7adxPsb8z8CwLTd,32,0.5319375,0.115458675,0.602,0.200960596,-8.4443125,3.4846306,0.78125,0.420013441,0.062959375,0.066208317,0.317719919,0.310059276,0.184565625,0.154413194,0.494871875,0.203849619,127.6080313,34.00019175,0.090373285,0.229947587,2,1,0,3,4,1,3,1,1,1,1,2,0,2,1,3,1,2,0,2,0,1,0,0
ENTJ,NT,Be ENTJ 😈,7sRCBijB1Cemzl56MNL4wu,50,0.62424,0.150133894,0.72282,0.150819759,-5.6795,2.091471216,0.5,0.505076272,0.084372,0.070132644,0.12473062,0.136832531,0.182324,0.15792597,0.499024,0.23508355,124.78956,28.70005059,0.032936604,0.091726775,4,0,3,1,4,5,1,2,2,1,2,2,1,2,1,6,5,2,2,2,1,1,0,0
ENTJ,NT,law school motivation,5mSnrtkGxl68f1235I532w,50,0.78738,0.138097258,0.67492,0.152085481,-5.58536,1.884753562,0.58,0.498569382,0.182524,0.110121357,0.1258824,0.153221043,0.183474,0.158767625,0.595198,0.228835163,129.63944,27.75302232,0.000434426,0.001654461,1,3,1,8,1,2,3,2,1,3,2,3,1,4,1,2,4,0,4,1,0,1,2,0
ENTJ,NT,ENTJ nutshell,6Y9FnL6emwk0NKsw87KKSx,33,0.613969697,0.129486603,0.711636364,0.17668843,-5.882606061,2.850693468,0.393939394,0.496197663,0.104839394,0.106862344,0.112667742,0.133785844,0.186845455,0.120394267,0.547881818,0.207417103,120.6936061,30.32425246,0.052621501,0.176206706,2,3,0,2,1,4,0,3,0,1,0,4,2,2,3,1,0,0,5,0,0,0,0,0
ENTJ,NT,Entj music,1EC5RG0ypBpRyTPuisRXDB,50,0.6545,0.158658953,0.68956,0.168414717,-6.72718,2.882573465,0.46,0.503457434,0.123128,0.111950319,0.19660362,0.221008096,0.18337,0.124403698,0.53846,0.21322511,122.56502,28.80600459,0.065894787,0.203283753,2,3,3,4,2,2,2,1,0,2,2,4,2,3,3,1,2,0,5,1,1,1,4,0
ENTJ,NT,entj,2CFKbJTGSuvJls8UfuSr1x,50,0.6599,0.145579525,0.72076,0.136314846,-5.11598,1.866224547,0.5,0.505076272,0.101168,0.083437721,0.15945834,0.190507182,0.20741,0.152698727,0.554132,0.219841013,126.3827,23.8522399,0.015119007,0.045854297,2,1,1,5,4,1,0,5,1,4,5,2,3,2,2,2,2,1,3,1,1,1,1,0
ENTJ,NT,Entjungferung,51gEX8yvKHYlPMI8GlmAfU,50,0.722102041,0.144338036,0.568857143,0.184085804,-10.00744898,3.73704664,0.530612245,0.504233776,0.216818367,0.235575263,0.311664714,0.286583085,0.201485714,0.144036843,0.560428571,0.25439012,118.0662245,30.43731194,0.194116493,0.327268437,4,2,1,6,2,4,0,0,1,3,0,4,0,4,3,4,3,0,1,0,2,3,1,1
ENTJ,NT,ENTJ,6CdqPlqzEy9Z9brDopg7Um,50,0.4851,0.114459377,0.86864,0.141034626,-5.24544,1.892882093,0.52,0.50467205,0.082706,0.060190156,0.039839532,0.12133184,0.240188,0.181254163,0.36529,0.188032996,125.01962,25.73678332,0.089399381,0.2001851,1,4,3,2,3,3,0,0,0,3,3,3,1,3,4,3,5,2,0,3,2,0,1,1
ENTJ,NT,ENTJ,2k2mbgQ6F6QpuPHoY1xzn4,15,0.590933333,0.134350537,0.708866667,0.148697616,-6.158666667,2.509398182,0.533333333,0.516397779,0.086646667,0.076823656,0.208380667,0.220294345,0.1946,0.156571148,0.457926667,0.22238858,125.8659333,26.28566326,0.054050635,0.137608286,2,0,1,2,0,0,1,0,0,0,2,1,0,0,2,2,0,0,0,0,1,0,1,0
ENTJ,NT,entj,02CZwqmdhpnn6vKqDh4NDe,37,0.620635135,0.188866158,0.678459459,0.21312654,-9.007810811,4.883351438,0.621621622,0.491672393,0.084413514,0.070018736,0.2274374,0.263264146,0.165854054,0.175448629,0.404713514,0.246221023,115.2169459,23.08946946,0.556903351,0.376284882,1,3,1,2,3,2,0,1,1,2,2,3,2,6,1,1,1,0,2,2,0,0,1,0
ENTJ,NT,entj,40A4cg8ICAMIvmyXvemfbC,13,0.619307692,0.148567821,0.647692308,0.175007326,-7.172692308,2.802038079,0.307692308,0.480384461,0.066969231,0.070588342,0.256318538,0.189334125,0.166292308,0.164362888,0.558692308,0.189105079,118.655,17.39728231,0.011235187,0.022740914,3,2,0,0,0,0,0,0,0,2,1,1,1,0,1,0,0,0,0,0,0,0,2,0
ENTJ,NT,entj,5Nrkd0k0pFsKQ4rxnVbsHk,20,0.62915,0.137331054,0.6973,0.110719228,-6.647,1.889344581,0.45,0.510417786,0.08063,0.07261789,0.20818545,0.204083903,0.20922,0.14971503,0.508995,0.213216027,129.4329,28.78823241,0.026179149,0.080484174,2,2,0,0,1,1,1,0,0,0,2,1,0,1,3,1,0,0,1,0,2,0,1,1
ENTJ,NT,ENTJ,0I9wNgOgbFjTv7lSDxGcUX,50,0.57832,0.162504561,0.67196,0.161560245,-6.47598,2.452711873,0.36,0.484873221,0.13398,0.112089276,0.1737706,0.195987382,0.206172,0.157124512,0.475734,0.237774552,123.45602,34.53754499,0.049737369,0.11773995,3,0,3,4,3,4,1,2,0,0,0,4,4,2,5,3,2,0,3,0,3,1,2,1
ENTJ,NT,ENTJ Type Beat,3iPecI1LUBQI28aNbw7FAw,20,0.65275,0.110043951,0.72295,0.164591192,-6.2957,2.467397672,0.65,0.489360485,0.149735,0.109906196,0.1316917,0.137227247,0.277005,0.184235469,0.350475,0.21984489,113.92545,26.10904475,0.32040363,0.389568382,0,0,1,3,2,2,0,0,0,0,0,1,1,2,2,3,0,1,1,1,0,0,0,0
ENTJ,NT,ENTJ,4WiZbdlDoquOzR2X6gxZOx,50,0.65526,0.138324052,0.75248,0.177979045,-5.16544,2.530840097,0.52,0.50467205,0.12422,0.112479805,0.08992916,0.135720998,0.233324,0.206967667,0.55938,0.204523726,129.28012,25.16128126,0.009582352,0.030342337,1,4,2,7,4,5,0,1,0,2,1,3,3,2,3,1,1,2,3,2,1,0,0,2
ENTJ,NT,Ohren Entjungferer  ,6ohqW9udsDOlDhjr3LRZTR,50,0.60756,0.134122722,0.78696,0.175460439,-6.43538,3.77105911,0.72,0.453557368,0.138022,0.145656234,0.105102245,0.144201958,0.195192,0.116528738,0.404998,0.224178239,141.67948,29.73070568,0.297076752,0.38849524,1,4,1,7,4,3,0,0,1,1,1,5,1,5,4,3,1,3,1,3,1,0,0,0
ENTJ,NT,ENTJ energy🪩,3iyP98CGzupM7QZ4VPZHd0,50,0.61124,0.136303167,0.69844,0.140897728,-5.76696,1.802467662,0.44,0.501426536,0.114192,0.097151651,0.2081835,0.223749415,0.161442,0.112933168,0.492346,0.20692052,123.73042,28.70076851,0.007991784,0.037058215,5,3,2,4,3,1,1,4,0,2,3,1,1,2,3,1,3,2,3,0,1,2,2,1
ENTJ,NT,entj,1BzOKNeDnCMUtui4thhbkE,26,0.586807692,0.176360317,0.758307692,0.187860112,-5.902961538,4.164320895,0.653846154,0.485164524,0.170496154,0.147333976,0.110446242,0.18141457,0.298284615,0.180258287,0.3865,0.24112066,127.9266923,26.20069629,0.183814573,0.322417657,0,3,0,3,3,4,0,0,1,1,1,0,0,2,1,1,2,2,0,0,1,1,0,0
ENTJ,NT,ENTJ,6uVknd3TqJSPCLQmTAkshT,50,0.63136,0.156047711,0.7332,0.143125747,-5.7599,1.922104939,0.42,0.498569382,0.104786,0.08379395,0.116504176,0.165976781,0.20488,0.16321478,0.49646,0.192074838,121.44566,25.74058813,0.007157272,0.031216156,1,3,4,2,1,4,1,4,2,2,2,5,1,0,5,3,3,0,3,1,0,1,2,0
ENTJ,NT,ENTJ,0vzwXo2KvIcctf3v0c5rFN,13,0.597692308,0.111117344,0.662846154,0.161036666,-6.758461538,2.674236203,0.307692308,0.480384461,0.1043,0.086156737,0.178148462,0.168051164,0.174607692,0.164189156,0.463,0.17522224,131.4694615,27.80523814,0.022360925,0.062138543,1,0,1,0,0,2,1,1,0,0,0,1,0,0,2,1,2,0,0,0,0,1,0,0
ENTJ,NT,Entj,2Zufde6EfY2HGbqENvSAJH,19,0.658157895,0.133516234,0.752105263,0.140886832,-5.076105263,1.691768992,0.368421053,0.495594628,0.089205263,0.095245767,0.199120368,0.21684018,0.166557895,0.119423213,0.588842105,0.234459962,120.6464211,24.31224356,0.036122068,0.116676561,2,2,1,1,1,1,0,2,0,0,1,1,1,0,2,1,1,0,0,0,2,0,0,0
ENTJ,NT,ENTJ,4QhQ9D8D0FWHYnSGvTXbbf,16,0.685,0.146083994,0.6418125,0.181525102,-6.7945625,2.459988021,0.6875,0.478713554,0.14719375,0.14093867,0.113003913,0.167354764,0.17331875,0.130422678,0.4415,0.173707801,117.2381875,27.400503,0.071341301,0.240443973,1,4,1,1,2,0,0,0,1,1,0,1,0,1,1,1,0,0,1,0,0,0,0,0
ENTJ,NT,ENTJ,5dZUtxglnQ0CZdyUe9TKO1,50,0.62156,0.150666297,0.71784,0.152868539,-6.00858,2.383561587,0.38,0.490314351,0.114254,0.090883242,0.11223566,0.148568794,0.219426,0.172793419,0.526832,0.21042554,124.10796,26.85430258,0.031375899,0.098020965,2,3,0,3,2,3,2,2,0,4,2,1,1,2,7,2,6,1,3,0,1,1,2,0
ENTJ,NT,entj>>>,6EvKh9l7eAFnEtqvyu61UL,19,0.605526316,0.133551641,0.734105263,0.151914045,-5.322684211,2.479767889,0.578947368,0.507257274,0.111268421,0.074038106,0.069979895,0.110513638,0.236342105,0.209986953,0.426631579,0.211402778,122.1128421,33.18963088,0.033350108,0.095159238,0,2,0,2,2,1,1,2,0,0,0,3,1,0,1,1,2,0,1,0,0,0,0,0
ENTJ,NT,ENTJ,3PxTzNLeFhSZAEflsYGfNq,13,0.625538462,0.174853089,0.843076923,0.127014082,-5.715769231,2.593618295,0.769230769,0.43852901,0.192153846,0.162783008,0.098167731,0.13746851,0.267553846,0.135321424,0.309861538,0.187092533,128.7004615,30.62324222,0.209571294,0.382726175,0,1,1,2,2,1,1,0,0,0,0,0,0,2,0,0,0,0,1,2,0,0,0,0
ENTJ,NT,ENTJ 🦊,7IroVToQiwgrYJYJfc23o5,23,0.664608696,0.105124056,0.774304348,0.109565022,-4.766869565,1.991224961,0.47826087,0.510753918,0.104026087,0.079166012,0.12271913,0.138363462,0.20106087,0.179855482,0.521382609,0.221708826,131.085913,25.01622861,0.006702407,0.023100782,2,2,1,0,2,3,0,0,0,3,2,2,1,1,2,1,0,0,0,1,0,0,0,0
ENTJ,NT,entj 8w7,7zfSl7K639GupPtKAq5dud,50,0.70174,0.109691182,0.65872,0.130600034,-6.60032,2.060356146,0.4,0.494871659,0.112596,0.08570304,0.15920076,0.153794312,0.208096,0.122058619,0.540324,0.20972281,118.6807,24.43623908,0.018111408,0.092788153,0,2,2,3,3,2,0,3,4,1,1,5,2,1,2,1,4,0,8,0,2,0,3,1
ENTJ,NT,ENTJ/ENTP,5AGGn1EYyXiDlNwxgL6jsi,31,0.677741935,0.136181733,0.699225806,0.140282741,-5.190129032,1.845557996,0.741935484,0.444802723,0.071519355,0.053516349,0.080917548,0.112515993,0.202012903,0.133710924,0.577067742,0.194640307,122.9600645,27.04867233,0.021251996,0.117251142,0,6,0,2,2,4,0,2,0,2,1,4,0,3,0,2,0,0,0,3,0,0,0,0
ENTJ,NT,The ENTJ energy,0oPRNQadRupLJc8zmN0EKd,50,0.63534,0.139063135,0.7649,0.150574038,-5.8684,2.701581275,0.44,0.501426536,0.085062,0.061382697,0.114557908,0.164635908,0.219036,0.196094222,0.520846,0.225455746,127.08754,25.99225417,0.103458792,0.269051705,1,2,3,3,2,3,0,2,0,6,3,3,3,4,6,2,0,1,1,2,2,0,0,1
ENTJ,NT,entj god complex.,4k93JYCZLfQPC3nkar2a2g,50,0.64182,0.149533518,0.55138,0.202427401,-8.52088,3.491574451,0.38,0.490314351,0.100814,0.094004079,0.336945,0.305267824,0.171414,0.165828178,0.478416,0.228961613,114.93264,24.79014377,0.073574535,0.224399747,1,2,4,1,2,3,1,2,2,1,1,2,2,4,3,2,3,0,4,1,2,1,5,1
ENTJ,NT,Entj 2,13Ty4ERlH1l5MLlKolevBN,15,0,0,0,0,0,0,0,0,0,0,0,0,0,0,0,0,0,0,0,0,0,0,0,0,0,0,0,0,0,0,0,0,0,0,0,0,0,0,0,0,0,0,0,0
ENTJ,NT,ENTJ💜,4bHj7YpttVnuNbvKgvFOp2,45,0.656222222,0.134568484,0.688511111,0.145580597,-6.021111111,1.804563335,0.466666667,0.504524979,0.106408889,0.09197256,0.160626444,0.178377264,0.152408889,0.100725802,0.550444444,0.214991179,119.2724,30.29612075,0.0251038,0.10049958,1,6,2,1,3,4,0,1,1,3,1,2,4,2,2,2,2,1,2,1,2,1,1,0
ENTJ,NT,ENTJ>>,4HJhnZR4pD3MOWymo7NxiN,50,0.61072,0.141346447,0.70602,0.144615111,-5.77532,2.121934355,0.54,0.503457434,0.095716,0.074931804,0.181184248,0.212334639,0.188672,0.147273265,0.498512,0.197875938,114.68948,28.12603763,0.017387309,0.053154512,3,4,1,4,7,4,1,1,2,0,3,3,1,1,4,1,2,1,3,0,2,0,2,0
ENTJ,NT,ENTJ💜,4bHj7YpttVnuNbvKgvFOp2,45,0.656222222,0.134568484,0.688511111,0.145580597,-6.021111111,1.804563335,0.466666667,0.504524979,0.106408889,0.09197256,0.160626444,0.178377264,0.152408889,0.100725802,0.550444444,0.214991179,119.2724,30.29612075,0.0251038,0.10049958,1,6,2,1,3,4,0,1,1,3,1,2,4,2,2,2,2,1,2,1,2,1,1,0
ENTJ,NT,ENTJ>>,4HJhnZR4pD3MOWymo7NxiN,50,0.61072,0.141346447,0.70602,0.144615111,-5.77532,2.121934355,0.54,0.503457434,0.095716,0.074931804,0.181184248,0.212334639,0.188672,0.147273265,0.498512,0.197875938,114.68948,28.12603763,0.017387309,0.053154512,3,4,1,4,7,4,1,1,2,0,3,3,1,1,4,1,2,1,3,0,2,0,2,0
ENTJ,NT,muy entj,3MRVBktJPwOZwHDW9wjeGe,36,0.662916667,0.149947681,0.647416667,0.161581713,-6.756666667,3.054168926,0.416666667,0.5,0.128108333,0.108360582,0.164922778,0.166675497,0.172188889,0.138899628,0.486669444,0.195745526,124.5045,30.41246,0.020657979,0.057573122,1,1,2,1,1,0,0,0,2,0,1,1,3,5,5,2,3,0,3,1,1,0,3,0
ENTJ,NT,entj/intj,6jFJxVVQJFMDAbWfAX7YGA,31,0.590096774,0.164653243,0.644225806,0.167369394,-6.541193548,2.587025852,0.290322581,0.461414375,0.066777419,0.063528239,0.176120645,0.217040369,0.166990323,0.099833513,0.429729032,0.23573211,128.7792581,31.52853633,0.015000787,0.047359715,4,2,1,2,2,4,0,1,0,2,1,1,1,0,4,0,2,0,0,1,1,0,1,1
ENTJ,NT,entj,2ZVcI8feLHvLcLvv84iiyD,50,0.62624,0.151605363,0.69268,0.172014646,-6.21914,2.622192057,0.44,0.501426536,0.070984,0.064234546,0.1492795,0.190653866,0.17279,0.104192991,0.533084,0.235275353,124.92178,24.38766573,0.052291102,0.157314803,2,5,2,1,1,1,1,6,2,1,2,4,1,2,9,3,3,1,3,0,0,0,0,0
ENTJ,NT,ENTJ 1w2,0jJOCVWuwfdXN3QJImDvLn,14,0.521071429,0.159678747,0.499785714,0.169981528,-8.441071429,3.626315665,0.714285714,0.468807231,0.038228571,0.01778121,0.478271429,0.357804817,0.12375,0.111066049,0.4371,0.252624568,120.4388571,27.60221068,0.057992029,0.206175036,0,2,1,0,1,1,0,0,2,0,0,1,0,1,1,2,1,1,0,0,0,0,0,0
ENTJ,NT,[feeling: girlboss💋(entj)],5VJuhhoQh1yLw9pMJNeTF3,50,0.605,0.141891882,0.61554,0.162571706,-7.01862,2.509261513,0.44,0.501426536,0.075016,0.085531344,0.28194192,0.257764023,0.167422,0.142790508,0.444982,0.253390234,123.8203,25.28516756,0.02496078,0.134184633,5,2,3,6,2,3,0,2,3,1,1,2,0,2,4,1,2,2,1,1,3,0,4,0
ENTJ,NT,my ENTJ ,0e8GFdp2CZ9fcxk8hmAWVA,35,0.700057143,0.097609951,0.613371429,0.158346249,-8.465628571,2.735164917,0.371428571,0.490240894,0.104411429,0.080300776,0.267408,0.238423309,0.139,0.064952562,0.487571429,0.235761645,114.1220857,22.63798125,0.02826732,0.159240838,0,2,1,3,3,6,0,0,1,4,0,2,2,2,1,0,2,0,1,0,0,0,3,2
ENTJ,NT,ENTJ,5mIrW0I16TNCoEEx0jYWoV,29,0.657034483,0.146241845,0.660448276,0.146515135,-6.258896552,2.517794122,0.448275862,0.506120179,0.082368966,0.063397911,0.112652931,0.138928723,0.202958621,0.187993116,0.491827586,0.181837461,119.4254138,28.88734778,0.068025095,0.204995613,2,4,1,3,2,4,0,2,0,0,1,2,1,1,2,0,3,0,1,0,0,0,0,0
ENTJ,NT,ENTJ vibes,5r2JW07OnOEf3WHB123aZ7,50,0.65556,0.132936713,0.6635,0.152050777,-6.14912,2.255424813,0.5,0.505076272,0.109102,0.100245453,0.192661,0.211917,0.193646,0.165041179,0.533658,0.226826211,124.32186,29.54247182,0.036491192,0.130203808,3,5,2,6,2,2,2,4,1,1,2,2,3,2,4,0,1,3,3,0,0,0,2,0
ENTJ,NT,ENTJ,6VzNYapBfHyQZI7EzHjXJZ,18,0.667,0.116522151,0.804166667,0.118216775,-3.821444444,1.562418006,0.388888889,0.501631326,0.100294444,0.071364561,0.066852778,0.065850038,0.202127778,0.123778207,0.448222222,0.16879558,123.4574444,20.97754777,0.000349296,0.001009651,0,0,1,0,1,5,0,1,0,1,0,1,0,2,0,1,3,0,0,2,0,0,0,0
ENTJ,NT,ENTJ ,1vI4Vj335xjHo3eo5V9Clh,22,0.584772727,0.170147816,0.600227273,0.20972452,-7.545545455,3.841868552,0.5,0.511766316,0.140127273,0.160455905,0.214337318,0.263109919,0.228268182,0.154666041,0.445963636,0.235877794,130.3868182,28.79093072,0.068365162,0.155672731,0,2,0,2,1,1,1,2,2,0,0,1,3,1,2,0,2,1,0,0,0,0,1,0
ENTJ,NT,♤ THE ENTJ 8W7 DRUNKEN'S GROOVE ♤,5iWlwpus4BHpyoRRA8K73u,50,0.5624,0.207263413,0.64654,0.182762052,-7.66392,3.464366125,0.36,0.484873221,0.100372,0.083028527,0.186676122,0.273630725,0.146,0.112114537,0.40144,0.231750266,119.17372,30.23430638,0.191342317,0.323885602,0,1,4,0,7,3,0,3,3,6,1,2,0,0,3,1,5,1,4,2,1,0,3,0
ENTJ,NT,ENTJ Confort,3Wcky1fxm8LhnqDjNuED8h,50,0.52544,0.162128717,0.540882,0.254428656,-8.0048,3.779756892,0.6,0.494871659,0.078536,0.083388334,0.4290388,0.345542309,0.179646,0.118850364,0.405652,0.228038828,119.44986,31.22775325,0.023614649,0.129512589,0,5,2,1,3,4,0,2,4,0,3,6,1,0,3,1,2,3,1,2,2,2,3,0
ENTJ,NT,entj ( kpop’s version ),5dilaUzEXo9d2elhAEoho8,30,0.7428,0.07825176,0.765,0.091667315,-3.971733333,1.61391896,0.4,0.498272879,0.083623333,0.04374047,0.120925,0.142236262,0.169356667,0.134719798,0.5827,0.167229586,125.3712333,24.65476393,0.000226481,0.000713808,0,2,2,2,2,4,1,0,0,2,0,1,1,2,2,1,2,0,2,1,1,0,1,1
ENTJ,NT,ENTJ,7vbcPtQITbTwOIYRga4qH6,50,0.69926,0.139033076,0.73806,0.140031835,-4.43234,2.173450324,0.54,0.503457434,0.106502,0.07614958,0.1167738,0.118798672,0.165334,0.11587387,0.55866,0.208591448,123.19606,29.05270745,0.000191898,0.000845804,2,5,3,4,1,2,0,2,2,3,1,6,1,5,1,1,3,0,4,1,0,1,0,2
ENTJ,NT,ENTJ's,0yXAnX36n1E1ntSz8RZQF7,50,0.69382,0.118296185,0.7747,0.14312835,-5.38514,2.154469034,0.54,0.503457434,0.098506,0.075700728,0.0819773,0.12385227,0.208634,0.17631091,0.62312,0.196794997,122.51338,20.6015885,0.021184611,0.077470773,2,2,3,0,7,0,2,4,0,2,3,6,0,3,0,2,4,0,5,1,2,1,1,0
ENTJ,NT,fucked up entj behavior,5nLGptNpbNBDxZmk6oxHmh,50,0.50206,0.142745443,0.597306,0.230224336,-8.55366,3.817396477,0.6,0.494871659,0.056902,0.046067349,0.28832674,0.322206251,0.187934,0.144362514,0.38115,0.198799373,123.38292,31.43605165,0.057378076,0.166649687,0,6,2,4,1,5,2,2,1,3,4,3,1,1,2,5,3,1,2,2,0,0,0,0
ENTJ,NT,proof that im entj,1QEJwV62tJHPrMLQx6Verc,27,0.652703704,0.120319707,0.655481481,0.130235399,-6.605,1.789259731,0.333333333,0.480384461,0.111785185,0.084602949,0.15006,0.186650037,0.174937037,0.135792356,0.437666667,0.179361045,133.6593704,30.78864659,0.015238459,0.045660677,4,2,1,2,0,0,1,2,0,4,0,1,1,0,1,0,0,0,1,1,1,2,3,0
ENTJ,NT,ENTJ,15PNpYvJJlIZk3Wq3fPDPi,50,0.69486,0.152817753,0.70508,0.159070879,-5.72012,2.706716933,0.42,0.498569382,0.136214,0.103558756,0.2133502,0.188046944,0.209062,0.174320251,0.56874,0.18558114,124.49844,22.38261443,0.007547097,0.032866968,2,3,2,4,4,2,1,2,0,1,1,3,3,2,3,1,4,2,4,0,0,0,4,2
ENTJ,NT,ENTJ,20Y8sTp4bqckSDBgNhK1Mk,48,0.6525625,0.111492755,0.7741875,0.142878561,-5.237916667,2.005024092,0.5625,0.501328024,0.155541667,0.107845312,0.1120625,0.141658656,0.232147917,0.195637423,0.498475,0.224697045,124.96775,31.58683289,0.004718102,0.031595765,2,2,3,4,6,7,1,0,1,0,1,2,2,3,0,4,5,1,2,2,0,0,0,0
ENTJ,NT,entj (1w2) ,6PbJsFMlCnJ4gpoFb38g5l,21,0.594142857,0.117715031,0.727095238,0.15751727,-5.636095238,2.130546899,0.571428571,0.507092553,0.0402,0.014049413,0.211945114,0.211215142,0.165042857,0.128612128,0.543285714,0.238445202,119.4818095,20.03127823,0.041917495,0.185227488,0,6,1,0,3,1,0,1,0,0,1,0,0,1,2,0,2,1,0,0,1,0,1,0
ENTJ,NT,ENTJ,6OdU0xbKKl4woEw1strEsk,50,0.62924,0.139431142,0.63478,0.156530794,-6.62016,2.740535352,0.44,0.501426536,0.068316,0.05932715,0.14921738,0.190393476,0.162176,0.126456501,0.456804,0.214212125,120.88648,26.99230731,0.031261657,0.068703533,3,1,1,2,4,5,1,4,1,1,2,5,1,1,4,0,2,2,4,2,1,1,2,0
ENTJ,NT,ENTJ vibes,5xULSHstMVW4InHgxhrxWw,11,0.706,0.12556353,0.775454545,0.094240505,-5.696363636,2.655633795,0.636363636,0.504524979,0.089763636,0.068000372,0.191832727,0.170656041,0.225418182,0.190494393,0.691363636,0.170925289,115.6443636,18.89307214,0.001268292,0.002263546,0,2,1,0,0,0,0,1,0,0,2,2,0,1,0,0,2,0,0,0,0,0,0,0
ENTJ,NT,Entj,6e9KmqDSgnoDk4p0cSwIju,18,0.553388889,0.171987051,0.617666667,0.184014066,-6.559388889,2.163991414,0.555555556,0.511309993,0.084777778,0.115784503,0.305509556,0.255011425,0.162072222,0.086602403,0.443255556,0.242211913,114.3414444,26.56607937,0.057423491,0.196438124,1,3,0,2,0,0,0,1,1,0,2,1,2,0,1,0,2,1,1,0,0,0,0,0
ENTJ,NT,entj,06quD5qnhoPXWeZCegS0UJ,25,0.50768,0.137711571,0.49496,0.234894565,-8.16036,2.813149597,0.8,0.40824829,0.032684,0.007205477,0.4814416,0.327250686,0.182708,0.120204624,0.34592,0.208875944,118.42632,25.0402544,0.039740762,0.140064456,0,2,0,0,4,0,2,1,2,0,2,4,2,1,2,1,0,0,0,0,0,2,0,0
ENTJ,NT,ENTJ vibes 👑🔥,3TvjTx3c5zGm2K5F7CQf9I,50,0.61818,0.128922329,0.74992,0.140420046,-5.3612,2.021933465,0.44,0.501426536,0.101908,0.090626434,0.08631738,0.122498003,0.198696,0.159577606,0.5364,0.206552657,135.2593,31.51383724,0.005889063,0.031434417,2,1,0,3,1,4,1,2,0,3,3,3,0,4,6,2,4,2,3,2,1,0,3,0
ENTJ,NT,ENTJ-T,25phbBIeOJnSkdiLE4NZ8n,50,0.66414,0.108050066,0.7111,0.156151058,-5.71944,2.255002848,0.52,0.50467205,0.105344,0.089670292,0.15037572,0.184523193,0.193972,0.159174233,0.56404,0.221696976,127.52248,24.67346548,0.012553935,0.04556367,2,2,0,6,2,7,1,4,1,1,3,4,2,4,2,0,3,1,2,2,1,0,0,0
ENTJ,NT,ENTJ,6PBApVzxw884EZ6S0IaybR,44,0.621068182,0.14866732,0.631181818,0.1463046,-6.802454545,3.142085128,0.545454545,0.503686201,0.079381818,0.069015655,0.159343045,0.171777797,0.176809091,0.153207679,0.481690909,0.227432646,117.35275,29.34295029,0.061161561,0.169656926,1,4,2,3,2,4,1,3,3,1,1,3,0,3,1,2,2,1,4,0,2,1,0,0
ENTJ,NT,ENTJ,62qgse75F0tZI94V6uTFDe,50,0.67994,0.144081951,0.72094,0.128303437,-5.19438,1.508551365,0.46,0.503457434,0.106348,0.08698612,0.1059384,0.117522511,0.164818,0.131258753,0.5324,0.225795193,125.39288,28.04001946,0.005565855,0.026135001,3,6,0,2,1,4,1,3,3,1,2,3,0,0,5,2,6,0,3,1,1,2,1,0
ENTJ,NT,mean bitch ENTJ anthems !,56fvP02ukfoPKoQR2GMRUR,50,0.59738,0.123736041,0.77822,0.151400171,-5.34526,1.881675662,0.5,0.505076272,0.108022,0.075268093,0.07901037,0.123078493,0.169152,0.135752569,0.50562,0.179810432,122.50166,31.13116182,0.023141486,0.136009321,2,0,3,3,0,1,3,1,3,3,1,5,1,5,3,2,4,2,5,1,1,0,1,0
ENTJ,NT,entp x entj,5FsOrTdDKU5ol32REZ9qRl,50,0.60196,0.120717914,0.66632,0.16014629,-6.09634,2.214421356,0.44,0.501426536,0.073074,0.065430895,0.17203329,0.214037011,0.18332,0.17052674,0.478696,0.255974957,119.93508,24.9747036,0.027554943,0.105839957,3,5,2,2,1,6,2,1,2,3,2,2,1,3,3,0,0,2,4,1,1,0,3,1
ENTJ,NT,entj,0caJdB3c3mHYmgL0A44lze,36,0.604055556,0.164268586,0.639027778,0.14862426,-6.311,1.995158526,0.444444444,0.503952631,0.087777778,0.071836867,0.1947825,0.218407356,0.195227778,0.141697133,0.390386111,0.205965681,127.3690833,28.93831247,0.022791846,0.061001749,3,3,0,2,2,2,1,1,2,0,2,2,2,0,2,2,2,0,4,0,2,0,2,0
ENTJ,NT,ENTJ,6oiPz7QfR6igb2WEKnVlEW,50,0.63126,0.153635775,0.68488,0.157929413,-5.84574,2.038397908,0.42,0.498569382,0.088534,0.078857781,0.1613919,0.184699059,0.188858,0.116307301,0.490354,0.220059353,118.46806,29.31628612,0.026847915,0.122836046,1,2,2,3,2,8,1,2,0,0,3,3,2,4,1,1,5,1,4,0,0,1,3,1
ENTJ,NT,ENTJ-T,1UUaCobuhRxjKkog40jfnG,50,0.68222,0.118698949,0.73716,0.135693436,-5.1307,2.303276887,0.48,0.50467205,0.09337,0.080837396,0.1570341,0.175638418,0.174448,0.117379048,0.57816,0.197693574,125.51334,24.36717939,0.008958646,0.03755353,3,5,2,2,3,4,2,6,0,1,5,3,0,1,3,2,3,1,2,0,1,0,0,1
ENTJ,NT,Entj vibes,2s4YTcU0VD73mpJXc8Gzzq,13,0.635,0.138276896,0.678769231,0.149209112,-6.911538462,2.673353375,0.384615385,0.506369684,0.062646154,0.062842085,0.256984615,0.220174722,0.152869231,0.086749605,0.557615385,0.180648618,117.5860769,17.7621738,0.000706377,0.001366279,1,2,0,0,0,0,0,1,1,0,0,0,0,0,3,2,0,0,0,0,2,0,1,0
ENTJ,NT,ENTJ,6oiPz7QfR6igb2WEKnVlEW,50,0.63126,0.153635775,0.68488,0.157929413,-5.84574,2.038397908,0.42,0.498569382,0.088534,0.078857781,0.1613919,0.184699059,0.188858,0.116307301,0.490354,0.220059353,118.46806,29.31628612,0.026847915,0.122836046,1,2,2,3,2,8,1,2,0,0,3,3,2,4,1,1,5,1,4,0,0,1,3,1
ENTJ,NT,"Depresi ENTJ, tapi gak depresi depresi amat sih.",5qo7RtED35Wz2oojQr3X57,50,0.55944,0.10303777,0.83636,0.108119126,-4.23226,1.187599496,0.76,0.431419111,0.073786,0.04845462,0.03487062,0.086649985,0.29022,0.215439959,0.5666,0.1727121,142.06704,34.63255607,0.00062438,0.002271682,2,4,1,2,4,2,4,3,3,2,2,8,0,5,1,1,1,0,0,4,0,1,0,0
ENTJ,NT,ENTJ,5Rt8JBtOZWhDeoIKKNkswp,50,0.6553,0.1807995,0.73966,0.168145662,-6.58178,2.703261102,0.56,0.501426536,0.110538,0.082154148,0.1590356,0.209799276,0.188242,0.121055209,0.52323,0.248447213,120.03786,26.03608728,0.086137569,0.228440814,3,3,2,6,3,2,0,3,0,3,2,5,0,3,5,3,3,1,0,1,1,1,0,0
ENTJ,NT,Feeling ENTJ?,6AX59eJPLqrKwNp6EcZR6P,50,0.59876,0.147143212,0.60582,0.142053984,-6.01202,1.841192332,0.5,0.505076272,0.070924,0.055383854,0.1990534,0.199585684,0.159776,0.108460525,0.390338,0.187060108,116.22244,32.52888632,0.00678124,0.033282121,2,6,1,3,2,2,1,2,0,4,2,3,0,4,3,2,1,2,3,0,2,0,3,2
ENTJ,NT,ENTJ💍,4pxDGeduOuxBYn55vSf5kM,34,0.632764706,0.148287203,0.725941176,0.192771641,-6.397617647,3.053623461,0.529411765,0.506640397,0.074558824,0.048072087,0.177965647,0.219719281,0.227958824,0.191584459,0.613435294,0.253822976,132.8191765,29.9507916,0.049954969,0.180701509,0,4,1,1,1,2,2,1,0,2,3,2,1,2,4,0,1,2,2,0,0,1,2,0
ENTJ,NT,"I m ENTJ , world should kneel",6RXLJEvadLMHJin6cCM22n,50,0.66668,0.168392331,0.72644,0.145229327,-5.26612,2.031066229,0.44,0.501426536,0.095486,0.084403806,0.133090468,0.150228866,0.188466,0.15797485,0.542618,0.254335088,125.24526,30.01515278,0.022960882,0.100751772,2,9,2,1,0,3,2,5,1,5,1,1,0,3,4,1,2,1,2,1,0,1,3,0
ENTJ,NT,ENTJ,4wtiikEi5SY3eR4hgzfFw8,28,0.651821429,0.100062963,0.697678571,0.175307572,-6.701142857,3.458883696,0.357142857,0.487950036,0.104382143,0.091760433,0.187672621,0.245369077,0.240232143,0.198017461,0.650392857,0.188307145,115.0619643,26.73364523,0.00012325,0.000372959,2,1,1,4,1,5,1,0,1,0,1,1,1,0,0,0,2,0,2,0,3,0,1,1
ENTJ,NT,ENTJ,5LjE1cGgl9SCJcUukc1xaa,41,0.537463415,0.131567112,0.668829268,0.189010437,-6.633878049,2.630145293,0.463414634,0.504854483,0.089336585,0.110100953,0.191950902,0.267165055,0.201741463,0.144386393,0.444419512,0.209163441,121.239439,35.33925018,0.006522756,0.01868419,3,3,1,3,1,1,1,4,3,4,0,4,0,2,3,0,1,1,3,0,2,1,0,0
ENTJ,NT,Entjungferung von Deutschrap,3fOJd4Vz7RzD2ZyDGj3YB7,50,0.73716,0.107987974,0.69144,0.116596664,-6.41164,1.770054706,0.56,0.501426536,0.333468,0.118302268,0.2147814,0.166006824,0.152142,0.11287939,0.46216,0.158214832,112.32796,28.24592041,0.008928045,0.04421142,0,2,3,11,7,3,0,0,0,3,3,2,1,1,0,1,9,0,2,1,0,0,1,0
ENTJ,NT,entj playlist 💅🏼😽,2fbTVaEpwOH1t3SQiKWkot,50,0.6194,0.145033142,0.56796,0.153884526,-7.29182,2.482781214,0.38,0.490314351,0.099042,0.102435378,0.15332718,0.17346371,0.186336,0.140436012,0.345828,0.200704796,120.9614,30.03908201,0.08032678,0.218856808,1,2,4,1,1,4,1,2,1,4,2,2,1,6,2,1,5,0,4,2,1,0,2,1
ENTJ,NT,entj supremacy,2r9rFhilN79ZeAa1T37Ahz,37,0.600918919,0.113989127,0.668351351,0.163994108,-6.636486486,2.548112511,0.405405405,0.497742652,0.095259459,0.077691453,0.162155405,0.192683791,0.154381081,0.117836624,0.472916216,0.190460797,125.8175135,36.04567078,0.011728442,0.04281572,2,2,0,0,1,2,1,2,1,1,2,4,0,0,3,2,3,0,2,1,4,1,3,0
ENTJ,NT,Freddy wert entjungfert,01wF37BmZyADwPzHJz6vjM,50,0.67746,0.158772229,0.68406,0.214486041,-6.93804,3.094138764,0.7,0.46291005,0.131262,0.116605072,0.2395069,0.314797754,0.280288,0.230200715,0.58326,0.265236852,126.74264,25.61356698,0.0972617,0.224421269,1,4,0,3,3,3,1,1,4,3,4,7,0,4,0,3,0,0,2,0,3,2,2,0
ENTJ,NT,— entj • intj —,7iD90rzUvSAO4ZyyveGiQg,50,0.5255,0.166172304,0.62292,0.18264439,-7.62536,2.954122438,0.52,0.50467205,0.070012,0.072932691,0.298235018,0.308500167,0.234224,0.188891413,0.41905,0.244731089,125.97246,29.3953063,0.06840334,0.157042271,2,3,0,3,1,6,1,0,4,2,0,4,2,2,4,3,1,4,0,0,7,1,0,0
ENTJ,NT,ENTJ💜,7GMmZyiN26Jx1KKh5xJgBs,31,0.650322581,0.140148585,0.683580645,0.158155361,-6.026806452,2.347783315,0.483870968,0.508000508,0.093706452,0.069886331,0.208497097,0.224838437,0.164583871,0.10752675,0.513674194,0.217203877,127.8130968,25.84046428,0.009510425,0.040841153,3,3,1,2,0,3,1,1,0,1,3,2,0,2,3,1,2,0,1,0,0,1,1,0
ENTJ,NT,An ~ENTJ's~ POV,0hoj9LPv5Pu8CtHhxzRByd,50,0.63078,0.144057853,0.7456,0.154111277,-5.59506,2.156244206,0.42,0.498569382,0.085784,0.054329976,0.08984026,0.142851426,0.18106,0.140696612,0.465766,0.199781153,130.5559,31.27211072,0.037541509,0.136117335,2,3,1,3,2,6,1,3,1,3,1,3,1,1,5,2,2,2,1,1,2,1,3,0
ENTJ,NT,ENTJ & PREFE,6F4ucb442XGlcsNvFH7m6z,50,0.6478,0.148438814,0.70066,0.130206995,-5.7123,2.041468841,0.48,0.50467205,0.08325,0.087695338,0.17017264,0.200169225,0.192642,0.135333268,0.50384,0.205793969,119.81308,26.16254348,0.077429104,0.211803102,1,5,2,2,1,4,2,2,1,1,2,3,1,3,6,2,1,0,2,1,1,2,5,0
ENTJ,NT,An ~ENTJ's~ POV,0hoj9LPv5Pu8CtHhxzRByd,50,0.63078,0.144057853,0.7456,0.154111277,-5.59506,2.156244206,0.42,0.498569382,0.085784,0.054329976,0.08984026,0.142851426,0.18106,0.140696612,0.465766,0.199781153,130.5559,31.27211072,0.037541509,0.136117335,2,3,1,3,2,6,1,3,1,3,1,3,1,1,5,2,2,2,1,1,2,1,3,0
ENTJ,NT,ENTJ & PREFE,6F4ucb442XGlcsNvFH7m6z,50,0.6478,0.148438814,0.70066,0.130206995,-5.7123,2.041468841,0.48,0.50467205,0.08325,0.087695338,0.17017264,0.200169225,0.192642,0.135333268,0.50384,0.205793969,119.81308,26.16254348,0.077429104,0.211803102,1,5,2,2,1,4,2,2,1,1,2,3,1,3,6,2,1,0,2,1,1,2,5,0
ENTJ,NT,Entj vibes ❤️‍🔥,4KExW8Tq3PUEl0BXl4eqNP,49,0.694653061,0.104877816,0.680469388,0.133555404,-5.870489796,1.968578782,0.510204082,0.505076272,0.097336735,0.083494218,0.151516796,0.178972077,0.166887755,0.1244057,0.427836735,0.195550862,123.742,26.25149348,0.005659994,0.031447784,2,2,2,5,4,1,2,3,2,2,1,2,1,3,3,1,4,0,3,2,2,1,1,0
ENTJ,NT,ENTJ INTENSIFIES,469ilpM4WpkGK9NmKdE5CJ,50,0.56038,0.165731636,0.81306,0.148800704,-5.75782,2.53699581,0.64,0.484873221,0.10453,0.077042822,0.080545108,0.148995817,0.259108,0.183389494,0.53638,0.201099923,125.80506,28.48808795,0.035093295,0.147186591,3,2,2,4,7,4,2,2,1,2,1,4,2,4,1,3,0,1,2,1,0,2,0,0
ENTJ,NT,ENTJ,0uSG89SVnMq5v71qqku0Jv,4,0.4825,0.174984761,0.59225,0.057418783,-7.63975,0.771270543,0.75,0.5,0.10895,0.112024179,0.1683,0.130225804,0.246,0.109899955,0.263925,0.196654238,149.84375,43.58339816,0.000389712,0.000760251,0,1,0,0,0,0,0,0,0,0,0,1,0,0,0,0,0,0,0,0,1,1,0,0
ENTJ,NT,entj ,4fxxYrxjrEK5xdJ1UkRsuf,33,0.625030303,0.146119276,0.61530303,0.17935396,-7.844787879,3.366512436,0.606060606,0.496197663,0.081939394,0.078987155,0.265428182,0.261941201,0.199042424,0.146242226,0.455818182,0.214478066,117.321303,27.30148167,0.029896047,0.06297142,0,5,1,2,4,0,2,2,0,1,1,3,0,1,3,0,0,1,2,1,1,0,3,0
ENTJ,NT,"estj, entj, intj, istj, istp",6Q4l73KN7JDLOebGK4jkBl,33,0.629,0.151752471,0.678272727,0.156150623,-6.378,3.06762407,0.606060606,0.496197663,0.08510303,0.079852972,0.144079364,0.177678334,0.218081818,0.159427708,0.529666667,0.23501086,126.5639697,27.51059058,0.098734635,0.231491649,1,4,0,2,2,1,2,1,3,2,1,1,1,1,5,3,1,0,0,0,0,1,1,0
ENTJ,NT,ENTJ!,6OgrceGcCQWeuEmtjurmGQ,19,0.670526316,0.100464681,0.716210526,0.114409877,-5.366736842,1.128205893,0.526315789,0.512989176,0.101010526,0.080310681,0.171188421,0.202723565,0.177731579,0.103366683,0.579315789,0.18452463,125.1942105,24.22583347,0.002498597,0.010631865,2,4,1,0,0,0,0,0,0,1,2,1,0,1,1,0,2,1,1,0,1,1,0,0
ENTJ,NT,Silly ENTJ,2EqOhezVHpWlbJA2GVwoM8,50,0.68094,0.11675448,0.765,0.125727434,-4.74404,2.195488565,0.32,0.471212071,0.09432,0.068552503,0.1474052,0.185908764,0.17188,0.121320902,0.547032,0.190011799,126.22708,22.77572147,0.006123718,0.030862731,1,2,1,3,2,5,0,4,1,3,1,3,0,1,5,2,7,0,5,0,0,1,1,2
ENTJ,NT,ENTJ,5tzn8aMXFVl2BTFxzC40I6,50,0.64496,0.170092407,0.50372,0.149158324,-8.7479,2.608310308,0.68,0.471212071,0.088866,0.072461127,0.3667486,0.282578494,0.16465,0.143189274,0.350584,0.175843812,116.46458,29.17078359,0.07403728,0.198890671,3,10,0,4,4,3,2,2,2,2,2,0,2,3,0,4,1,1,1,1,1,1,1,0
ENTJ,NT,entj gal,7ku7io54pljHCS01OotcWR,14,0.617714286,0.087297395,0.652428571,0.113371218,-6.212142857,1.757380256,0.571428571,0.513552591,0.070364286,0.079225759,0.169396429,0.159569303,0.209728571,0.113680696,0.434721429,0.246407,119.1225,29.20360777,0.012392602,0.045087262,2,0,0,2,1,1,0,0,1,0,0,1,0,2,0,0,1,1,1,0,0,0,1,0
ENTJ,NT,entj women. ,4ZolFlVoZwFrZQl90vC0cH,50,0.75192,0.132969053,0.66392,0.140328454,-6.23948,2.402963844,0.56,0.501426536,0.174586,0.120872145,0.13643996,0.171722173,0.21531,0.156661687,0.54644,0.205081881,125.87374,29.50899887,0.007296874,0.032794092,1,5,2,3,1,3,1,3,1,0,4,2,3,2,2,3,5,1,2,4,0,1,1,0
ENTJ,NT, ENTJ,3LGWcgM9bRv3gacXJIyqAi,50,0.64498,0.129524167,0.7305,0.14493056,-5.49082,1.883614694,0.5,0.505076272,0.08947,0.061307569,0.1237784,0.161185061,0.170408,0.139754988,0.49776,0.207057279,125.6325,28.6011698,0.006381685,0.031885366,3,5,3,3,5,2,0,2,5,0,1,4,1,0,4,1,5,1,2,0,1,0,2,0
ENTJ,NT,INTJ || ENTJ,6eicOq5v93djBn0mQgESGx,40,0.626,0.123417158,0.68825,0.165713802,-6.0575,1.893736775,0.3,0.464095481,0.0697725,0.060698325,0.170601175,0.189925504,0.1947425,0.167809645,0.430475,0.22700996,126.0137,23.51910421,0.023011378,0.052140306,2,3,1,4,0,3,0,2,0,0,2,1,1,1,4,0,5,0,3,1,3,0,3,1
ENTJ,NT,ENTJ // I'll be god // god complex playlist,5676no50aPyXAGhkF8JkM3,50,0.70082,0.139301419,0.71096,0.152187848,-5.74024,2.990668566,0.58,0.498569382,0.171182,0.159980233,0.098750416,0.145841141,0.212244,0.166246445,0.532986,0.204346988,122.63148,28.53131553,0.007793821,0.047903399,0,5,1,2,7,1,1,1,0,3,1,4,2,2,5,3,3,1,2,2,0,1,3,0
ENTJ,NT,my mbti is ENTJ and i'm a libra,30CAdltiWA6DpWoaaeziVI,47,0.641893617,0.15941404,0.634787234,0.173739802,-6.726340426,2.741020314,0.319148936,0.471186429,0.103708511,0.099802056,0.189845085,0.224517886,0.200248936,0.169370173,0.457380851,0.225071621,117.3210851,30.84988362,0.059032087,0.189170911,5,1,3,1,1,3,0,4,1,2,0,3,4,2,3,3,3,2,2,1,1,0,2,0
ENTJ,NT,entj // the commander ,2L6Dxf2WAqoIQX50Zg4wFR,41,0.582780488,0.144984743,0.670926829,0.191775831,-6.707,2.615075267,0.512195122,0.506060827,0.080146341,0.082161113,0.208655951,0.253385928,0.201807317,0.15774513,0.485229268,0.238383882,122.8883171,27.97764356,0.059450781,0.192926886,0,4,2,1,4,2,3,3,2,2,1,1,1,1,4,2,2,1,3,1,1,0,0,0
ENTJ,NT,entj ⭐,3mvqqX5NTINezqtci6H4LB,37,0.640432432,0.145329805,0.702216216,0.159105335,-6.290675676,2.604171931,0.432432432,0.502247202,0.089683784,0.066298289,0.212240459,0.204067506,0.209678378,0.167213697,0.575132432,0.238858603,126.3334054,29.2518827,0.015000372,0.047021218,4,3,1,2,1,2,3,1,0,3,2,1,1,1,4,1,3,1,1,0,1,1,0,0
ENTJ,NT,i don’t need a man i’m an entj ,3UNekFrlMUOxbZKz8UNSmJ,50,0.67536,0.126562199,0.7028,0.147153398,-5.36684,2.044641821,0.52,0.50467205,0.134664,0.116044724,0.11247078,0.143237185,0.189808,0.120386317,0.60556,0.180843619,127.2755,29.73545414,0.000250619,0.001030865,4,6,6,3,1,2,0,4,4,1,2,4,0,2,0,1,0,0,3,1,1,2,3,0
ENTJ,NT,Entj,2adxQyJUDbnpWAjcqCTGcm,50,0.63254,0.134015566,0.65536,0.17481124,-6.26528,2.575725078,0.44,0.501426536,0.09824,0.096863474,0.1852472,0.199087892,0.187934,0.148702844,0.505066,0.208353063,120.1495,30.19761024,0.039036916,0.096515219,1,2,3,3,3,6,2,2,2,1,0,4,4,3,4,1,1,1,2,0,1,1,0,3
ENTJ,NT,entj,6s4eXqq24ibMt3cZukiHCo,34,0.680470588,0.123357877,0.680382353,0.169480135,-5.7335,2.232930623,0.441176471,0.503994737,0.123305882,0.133125398,0.168242647,0.19269513,0.169135294,0.136640299,0.509973529,0.201263463,125.0716176,31.18379856,0.010321277,0.042720095,1,1,1,1,3,1,1,2,0,1,3,1,2,2,2,1,3,0,3,1,2,1,1,0
ENTJ,NT,Entj  8w9 ,7ln76BZeBUYJpzVzcwhTnZ,50,0.6789,0.140333313,0.70318,0.160749608,-5.74288,2.510365374,0.54,0.503457434,0.079056,0.067782739,0.15112658,0.173312324,0.179552,0.119092429,0.580938,0.237098448,124.19276,25.86800871,0.02864684,0.08776002,1,5,2,3,2,4,2,3,3,3,1,4,0,2,2,3,2,1,3,1,1,0,2,0
ENTJ,NT,entj woman energy,5OVokpcsJ3Z4SMeHfb16u1,44,0.655727273,0.152105588,0.720090909,0.140962772,-5.541931818,2.101248271,0.386363636,0.492544843,0.069343182,0.049904031,0.120103205,0.158554079,0.180954545,0.127944951,0.506545455,0.2179228,120.3494318,25.24657341,0.047119808,0.158936907,2,3,4,2,3,4,1,3,2,1,1,4,4,0,3,1,1,0,2,0,2,0,1,0
ENTJ,NT,Entj songs🤭,5JWuHADs551NjqeLiBYrEJ,13,0.666692308,0.107977146,0.721153846,0.111847252,-6.312615385,1.717996825,0.307692308,0.480384461,0.063676923,0.060964883,0.262393846,0.21971139,0.129661538,0.080790589,0.631615385,0.176838692,121.0494615,20.65323996,0.000612968,0.001304966,1,2,0,0,0,0,0,1,0,1,1,0,0,0,3,0,1,1,0,0,2,0,0,0
ENTJ,NT,entj/p,1QCguQjrxYOPnGHRZYQUhX,7,0.609428571,0.065020143,0.683,0.13682836,-5.284714286,1.8787288,0.571428571,0.534522484,0.099557143,0.095812384,0.155981429,0.181464958,0.1604,0.065989519,0.527285714,0.186423992,143.5718571,33.70193321,0.048298621,0.127746303,0,0,0,0,1,0,0,0,0,0,3,0,1,0,1,0,0,0,0,0,0,0,1,0
ENTJ,NT,entj core,3o7jjQ9yvytPMaMVtXg2Bk,50,0.65268,0.162244643,0.59908,0.17687201,-7.4147,3.21593634,0.42,0.498569382,0.107544,0.091666372,0.24263502,0.270675598,0.216506,0.158740758,0.468802,0.226574196,116.2292,30.4822379,0.060580183,0.189327504,4,2,3,7,2,0,0,0,0,4,1,2,2,3,6,3,1,0,2,1,1,0,6,0
ENTJ,NT,Entje engels playlist,2Vb32G9mnTtXIVaetucGpI,50,0.7366,0.114621827,0.61304,0.112797264,-6.94282,2.442175692,0.36,0.484873221,0.159754,0.104445913,0.2279134,0.192815524,0.130972,0.091764626,0.59844,0.198125827,107.7142,23.95304767,0.001833543,0.004609789,4,2,3,1,4,6,0,1,2,1,5,3,2,1,4,0,5,0,2,0,1,0,2,1
ENTJ,NT,entp/entj,0woY7BjGZ9F4qr8syyKG9t,50,0.64166,0.139273422,0.71032,0.134288365,-6.05164,2.463272129,0.48,0.50467205,0.075872,0.065114549,0.10894226,0.145949457,0.183908,0.133955554,0.519772,0.227853157,120.57042,24.71962762,0.070002204,0.184403252,2,3,5,2,2,4,1,3,1,2,1,6,1,4,5,2,1,0,1,1,1,1,1,0
ENTJ,NT,ENTJ,6NIQJy7eLOPkS77PpslgzI,16,0.6135625,0.126988697,0.651,0.131525409,-6.8876875,1.983791109,0.25,0.447213595,0.084175,0.080592576,0.207102463,0.214719897,0.14214375,0.088732136,0.5185625,0.195877162,113.74175,26.55179896,0.059906081,0.214906246,2,1,0,0,0,4,0,0,0,1,1,1,0,0,2,0,1,1,0,0,2,0,0,0
ENTJ,NT,ENTJ  😈,30uJk7VYfx1wQvaEODqCVR,38,0.693710526,0.136305283,0.711,0.16753007,-5.683736842,2.705643458,0.394736842,0.495355383,0.090905263,0.06519789,0.142504474,0.169226916,0.179526316,0.132322147,0.593105263,0.21506552,121.0786579,23.36441873,0.014625328,0.088700196,1,4,3,4,0,6,0,1,0,1,1,2,1,1,2,1,4,0,1,1,1,1,1,1
ENTJ,NT,ENTJ,3hBCSWs3iSt4eh929YRqQZ,50,0.6458,0.153577475,0.67008,0.140455504,-5.57872,1.782907875,0.52,0.50467205,0.087568,0.074450557,0.1885574,0.20163334,0.196818,0.161505097,0.513058,0.222368312,122.92842,27.94697764,0.010665753,0.043589814,2,4,1,4,1,4,1,2,1,2,3,3,0,0,4,2,4,3,0,2,2,2,2,1
ENTJ,NT,ENTJ SIGMA,1Azyz5oEdqNmZoSMW34BkQ,50,0.5336,0.16007103,0.71874,0.168690008,-6.61914,2.529284444,0.68,0.471212071,0.070532,0.067264171,0.12916192,0.194819809,0.181138,0.14415568,0.505736,0.24674622,123.84418,30.52700205,0.164853197,0.301882789,1,7,1,2,3,0,3,2,2,1,1,3,1,2,2,5,3,1,2,4,0,1,3,0
ENTJ,NT,ENTJ,4NuTGSR8gl8VFTeGOGJVPl,50,0.7532,0.113371522,0.68204,0.136032403,-6.63028,2.665511224,0.48,0.50467205,0.153682,0.106552738,0.2602464,0.190399478,0.14204,0.072377813,0.580164,0.240373538,116.38368,20.62623592,0.032902153,0.15375504,2,6,0,4,2,0,2,1,2,5,3,2,0,2,2,1,5,0,7,0,1,0,1,2
ENTJ,NT,estj + entj songs ,5HiXIiwZzfkLK5aQC8Ezd0,50,0.6157,0.129841544,0.6158,0.180528024,-7.08822,2.491947303,0.56,0.501426536,0.094714,0.083246354,0.2571368,0.240742989,0.19305,0.163122752,0.440894,0.226336632,113.1446,27.21536307,0.005445986,0.029505738,2,6,0,3,3,5,2,1,2,2,2,5,2,1,2,3,3,1,3,0,2,0,0,0
ENTJ,NT,entj,7oDqzPkDMcLGApKJRPGzJS,37,0.673891892,0.143534313,0.744432432,0.138703028,-5.572351351,1.948379501,0.486486486,0.50671171,0.073132432,0.050954512,0.074707946,0.116105638,0.252432432,0.201761732,0.526075676,0.216324244,122.2207838,23.93160292,0.035296912,0.134139139,1,2,1,6,3,2,0,3,0,2,1,3,1,0,2,1,1,1,3,1,0,0,3,0
ENTJ,NT,entj type beat,54OvCgBQar7iomZ9LZsZqb,23,0.556782609,0.136980409,0.681608696,0.211165971,-6.552565217,2.860901762,0.565217391,0.506869802,0.06796087,0.060111009,0.223434522,0.252128084,0.158517391,0.104182932,0.474873913,0.254243928,125.097913,21.89868824,0.010688265,0.027354109,1,4,0,0,0,0,1,3,4,0,0,1,0,0,3,3,1,0,1,0,0,0,0,1
ENTJ,NT,ENTJ,2pOCgCUBqMdKKLCReycTZK,15,0.705733333,0.124844742,0.633,0.196578592,-8.2952,2.885796033,0.533333333,0.516397779,0.101893333,0.079289807,0.207074867,0.191755824,0.14368,0.100386789,0.5218,0.264629984,126.7523333,19.81146792,0.012084421,0.023752014,1,0,2,0,1,0,2,1,0,0,0,2,0,0,1,1,0,0,0,2,2,0,0,0
ENTJ,NT,entj !!!,76vHVLqbPVfETR4Vw5MkRv,50,0.66288,0.083064922,0.84534,0.08395519,-3.09098,1.151855424,0.36,0.484873221,0.091962,0.07720379,0.10496174,0.100120232,0.173772,0.127351713,0.56518,0.183811426,128.70812,24.2765046,0.002199829,0.010691607,0,0,6,2,3,3,1,7,1,4,0,4,2,2,0,3,1,1,3,1,2,0,2,2
ENTJ,NT,intj/entj,2yLahOphRMUIg1iSotOJhO,10,0.6598,0.114791405,0.7024,0.169452845,-6.0746,3.095390846,0.7,0.483045892,0.06522,0.060093608,0.15842,0.170081647,0.149,0.135668215,0.6118,0.264523387,118.0404,24.23955976,0.013116496,0.027085078,0,1,1,1,0,0,0,0,1,0,0,2,1,1,1,1,0,0,0,0,0,0,0,0
ENTJ,NT,ENTJ 8w7,4mDkMZVAQXOluzSBbqgVfs,50,0.66716,0.14691777,0.6236,0.192499669,-8.73656,4.218557061,0.64,0.484873221,0.156442,0.114061715,0.17354336,0.240739553,0.257274,0.188430308,0.462036,0.252770254,126.84596,28.07975527,0.313111517,0.376615882,3,3,1,11,3,0,0,2,0,0,1,3,1,4,2,3,3,2,1,2,0,0,5,0
ENTJ,NT,ENTJ,7cnZmm1aNXAwvQfYfcRYWm,36,0.648805556,0.137186384,0.581,0.202028852,-7.678,3.870287439,0.638888889,0.487136108,0.098405556,0.10541716,0.312616389,0.334599493,0.169883333,0.115175534,0.573416667,0.195277879,119.6551667,36.52991584,0.086105578,0.25655177,0,2,2,4,0,0,1,1,4,0,0,3,0,4,1,0,3,1,3,3,1,1,1,1
ENTJ,NT,entj energy,0ZHqm7S4hzr46eU6xAEDbE,30,0.657166667,0.164948076,0.634233333,0.140538787,-6.249933333,1.838734421,0.633333333,0.490132518,0.160183333,0.129697314,0.1858721,0.217985385,0.19523,0.145427053,0.385203333,0.146616221,120.2413,29.96989386,0.037300748,0.086063619,2,1,1,3,4,2,1,0,1,0,2,1,2,2,0,2,2,1,0,0,1,1,1,0
ENTJ,NT,ENTJ,034CIFqu2kCJfgFsRJ0gvL,22,0.633181818,0.15817219,0.654318182,0.1591649,-6.617590909,2.132658896,0.454545455,0.509647191,0.086177273,0.090893522,0.263543182,0.218846369,0.134268182,0.09834645,0.576636364,0.238489003,121.4350455,31.06082799,0.006198418,0.027667408,1,4,1,1,1,0,0,3,0,0,0,2,2,0,0,0,2,1,2,1,0,0,1,0
ENTJ,NT,ENTJ | KPOP,4W7zXXH1r6IEwPME4RTsXG,50,0.69416,0.102288978,0.82212,0.094923952,-3.30164,1.582250371,0.44,0.501426536,0.108482,0.075132801,0.09935524,0.129051247,0.221268,0.16202598,0.58444,0.189100897,122.74918,25.79328867,0.000473426,0.002013664,0,0,1,5,5,5,0,2,1,3,1,3,3,3,1,2,3,1,4,1,2,0,2,2
ENTJ,NT,my entj mood,7qiVtCQH9Ag0QKnLPd72Uj,38,0.604289474,0.142559027,0.594523684,0.18035988,-7.652026316,3.326255955,0.421052632,0.500355492,0.082481579,0.074190656,0.170694421,0.188632633,0.205702632,0.159839233,0.44945,0.188498445,128.3060263,39.41420254,0.084042238,0.188545436,1,0,0,3,6,4,1,3,1,0,2,2,0,0,1,0,1,0,5,0,3,1,4,0
ENTJ,NT,𝐄𝐍𝐓𝐉,4VJ4mBy2fTAOXBygrewHE1,50,0.6059,0.137233489,0.70392,0.130214084,-5.80792,1.964016614,0.4,0.494871659,0.095046,0.09717871,0.12371672,0.145888128,0.17354,0.145620289,0.472148,0.20870851,121.83772,34.92162602,0.028657317,0.129495814,3,1,2,3,2,3,3,1,0,3,1,2,2,3,2,2,5,0,2,2,3,1,2,2
ENTJ,NT,Entj,3Sn9xtevHe8wjQhchrPOfP,11,0.627454545,0.114691206,0.649636364,0.154389943,-6.887727273,2.161764515,0.363636364,0.504524979,0.103909091,0.070658636,0.184458182,0.177286537,0.1302,0.0604582,0.431727273,0.136845965,126.7722727,24.801686,0.026770142,0.067057876,1,0,0,0,1,0,1,0,0,0,1,0,0,0,3,1,1,0,1,0,0,0,1,0
ENTJ,NT,entj.,4yGpGpO5deQs3b3EOUJGyI,50,0.54638,0.131943385,0.79702,0.163045191,-5.72796,2.689955276,0.46,0.503457434,0.07078,0.050187538,0.135788134,0.205973475,0.210364,0.169011988,0.50203,0.195674981,124.04572,30.43945623,0.029778953,0.11523514,3,3,2,4,2,4,2,1,2,2,1,3,1,2,3,4,2,0,2,0,1,0,6,0
ENTJ,NT,Entj 🎧,3xB0B2WRZFqf8FPbyJGKn3,9,0.67,0.175422347,0.714777778,0.228763403,-5.156444444,1.874989207,0.222222222,0.440958552,0.142344444,0.084324909,0.128244444,0.19425796,0.165677778,0.108468426,0.599888889,0.210710373,113.2307778,21.39360069,0.022212223,0.046545147,1,1,0,0,0,0,0,0,0,1,0,1,2,0,0,0,0,0,3,0,0,0,0,0
ENTJ,NT,ENTJ-A,12gDg5rKNGh8osx5MVc9TD,50,0.7774,0.11766764,0.68628,0.133890305,-5.6825,1.628795777,0.58,0.498569382,0.181932,0.109896074,0.09920958,0.122885206,0.218278,0.152426277,0.56529,0.202832043,128.36836,26.31569571,0.003428052,0.018547097,1,0,2,6,3,0,2,3,1,2,1,5,1,5,4,2,2,1,3,2,1,1,1,1
ENTJ,NT,ENTJ: para recordar quien soy,5USHFQBPYYQDdIJYnTqt2V,8,0.74,0.077455978,0.727,0.168511975,-5.147,3.529546187,0.875,0.353553391,0.05985,0.027819366,0.109957375,0.161633923,0.1520375,0.083651043,0.54675,0.267440113,124.167375,22.156956,0.523,0.385530432,0,3,0,0,1,0,0,0,0,0,0,1,0,1,0,1,0,0,0,0,0,0,1,0
ENTJ,NT,ENTJ,5OoW7sNm826iCOBJi6Aeih,50,0.62658,0.160607786,0.67022,0.180503976,-6.19834,2.989941591,0.48,0.50467205,0.079468,0.065077487,0.15523978,0.232278598,0.18305,0.158228395,0.473972,0.2389507,120.22478,25.99008737,0.026666438,0.125454325,3,5,1,1,3,1,0,4,1,2,2,2,1,1,4,3,4,1,3,2,2,3,1,0
ENTJ,NT,ENTJ,7bmP2zcudk7W19obqJXwWZ,27,0.778444444,0.076407477,0.609222222,0.107898932,-6.715925926,1.685093787,0.37037037,0.492102878,0.138222222,0.090707112,0.176223407,0.131794564,0.175977778,0.156964568,0.481111111,0.205077721,120.2348889,26.61522996,0.027384379,0.142217824,3,3,1,2,0,2,0,3,0,0,1,2,0,0,1,0,2,0,2,2,0,0,3,0
ENTJ,NT,kpop songs that are ENTJ,5CvpzJq0NmzxRyeRRaDVsX,50,0.69372,0.095793366,0.82254,0.101112427,-3.57152,1.500732151,0.42,0.498569382,0.114936,0.076759239,0.0803008,0.091012084,0.232742,0.172073709,0.58154,0.177520129,124.27188,25.13973591,0.000174664,0.000747572,2,0,1,3,5,6,0,3,0,4,2,5,2,3,0,1,3,0,5,2,0,0,2,1
ENTJ,NT,entj  mf,28JV3B7jDSj0WsY4W4MdvD,43,0.61627907,0.127607345,0.789837209,0.107963382,-4.716860465,1.712919891,0.441860465,0.502485517,0.158906977,0.129312288,0.094673628,0.129369592,0.239397674,0.171329042,0.469023256,0.21536862,134.4483256,30.92113988,0.007328573,0.036721491,0,1,3,5,5,4,2,2,1,1,1,1,2,1,1,2,4,0,4,0,1,0,1,1
ENTJ,NT,Entj woman,4KXhC0J8uGz5O833q0KYKX,19,0.742947368,0.149104167,0.690315789,0.200717063,-6.040052632,3.488072334,0.421052632,0.507257274,0.110005263,0.082917278,0.182794526,0.225091446,0.155157895,0.088485927,0.620421053,0.265031511,128.6487368,28.46722159,0.012238313,0.050120258,0,0,2,0,2,3,2,1,0,0,3,1,0,0,0,0,1,0,2,0,0,0,2,0
ENTJ,NT,ENTJ (Kpop),6l6VNiQ1OQm6FNKYNFMQN3,50,0.69322,0.087929538,0.83084,0.092774988,-3.9809,1.495820071,0.42,0.498569382,0.09912,0.070402496,0.08391784,0.103437549,0.215894,0.16062374,0.57026,0.206377978,121.33252,21.63254794,0.003475818,0.022669275,1,0,3,5,2,4,0,2,0,4,3,6,1,2,1,0,3,0,4,3,2,0,2,2
ENTJ,NT,ENTJ,4bZLMJ10g2GngibRydjJyf,50,0.55892,0.117110595,0.78154,0.115067364,-4.97618,1.601073284,0.44,0.501426536,0.079936,0.057095844,0.08307604,0.114860899,0.20689,0.145699046,0.4919,0.185298463,118.6791,31.15592499,0.004936633,0.030985979,0,3,4,0,4,6,2,2,2,2,2,1,1,4,3,0,0,1,3,2,3,1,2,2
ENTJ,NT,entj,1f3cotFMUZ0Zn29MgNsNQO,27,0.675666667,0.164341343,0.704111111,0.129088024,-5.584074074,1.642670128,0.592592593,0.500711744,0.084525926,0.067783499,0.171941481,0.20538854,0.177062963,0.131043578,0.576918519,0.184078104,125.2661852,27.81327282,0.021249905,0.097323312,1,2,0,3,1,0,0,1,0,1,3,3,0,1,3,1,1,1,2,1,2,0,0,0
ENTJ,NT,ENTJ,7aN4KT1hyLEtYI8PiYjA8q,21,0.592428571,0.146600672,0.645380952,0.166415587,-7.639285714,2.264519202,0.238095238,0.43643578,0.126909524,0.105688253,0.211638952,0.185421068,0.137138095,0.087907761,0.384547619,0.207004825,126.6619048,31.53468937,0.078546527,0.206683045,3,0,1,1,0,1,1,0,0,2,0,1,0,1,2,1,2,0,1,0,1,0,3,0
ENTJ,NT,KPOP ENTJ THINGS!,2sKiFwD5m5ek5vPZsMBNXs,23,0.666043478,0.105935863,0.823,0.113231862,-3.12026087,1.472736884,0.217391304,0.421741168,0.104126087,0.075103385,0.074607826,0.081731308,0.262765217,0.213515119,0.56326087,0.160645634,132.0785217,22.65487093,6.79E-05,0.000221786,0,1,3,0,1,6,0,2,0,2,0,2,0,0,0,0,3,0,1,1,0,0,0,1
ENTJ,NT,infj entj vibes,0OBcChQ6f0dRk2ldoBkQCG,50,0.55476,0.139773514,0.62304,0.17469892,-6.48526,2.237917361,0.38,0.490314351,0.089848,0.084915803,0.211998472,0.229865484,0.200318,0.148845561,0.38498,0.193202009,123.3539,30.04465214,0.050250094,0.123648302,3,4,5,2,2,3,0,0,1,4,3,0,0,3,4,0,3,1,3,2,3,1,3,0
ENTJ,NT,ENTJ,6Fe5ZE38feE5svYtqYUxJq,15,0.6668,0.143172823,0.747133333,0.146271209,-5.198533333,1.650989611,0.6,0.507092553,0.141506667,0.145965199,0.15279,0.161438267,0.18388,0.147536398,0.548926667,0.247005918,128.8270667,35.05288785,0.000215426,0.000755176,1,3,0,0,0,0,0,1,1,0,2,2,1,0,1,1,1,0,1,0,0,0,0,0
ENTJ,NT,My ENTJ's ass,0u07LOghitjlZyXljr0tNk,50,0.61116,0.120626656,0.65612,0.130713371,-5.7232,1.640462329,0.38,0.490314351,0.083312,0.069378452,0.17485652,0.181140246,0.194724,0.149189367,0.44562,0.164420056,125.44648,33.46932176,0.003349334,0.01716657,4,5,3,2,5,2,0,2,0,1,4,1,1,0,5,1,4,1,1,0,3,0,4,1
ENTJ,NT,𝘌𝘕𝘛𝘑,1P4vq8xfmXygMVDD82IvFf,50,0.44578,0.171355852,0.45977,0.271541731,-10.15386,5.005460072,0.3,0.46291005,0.0442,0.022731682,0.4968954,0.352955054,0.204312,0.188965426,0.308348,0.217865026,119.58304,38.0019833,0.058762771,0.16860664,2,1,3,5,1,5,1,2,1,2,1,1,0,2,3,0,2,1,7,0,3,1,3,3
ENTJ,NT,ENTJ,4RfPhTOmxkoFa6mCj1AToc,50,0.69074,0.118540927,0.77024,0.144335714,-5.15958,1.72535907,0.48,0.50467205,0.120184,0.089391376,0.1489056,0.145113987,0.20465,0.125590215,0.56458,0.190529883,126.16402,24.26192772,0.000234396,0.00066561,0,2,1,1,2,9,0,0,1,1,2,4,0,7,5,2,8,0,1,1,1,2,0,0
ENTJ,NT,ENTJ reminder,1GxhPveCeMPuANtfsVufFT,33,0.659909091,0.116882784,0.776212121,0.149670003,-4.973030303,2.024712379,0.333333333,0.478713554,0.086387879,0.072830809,0.076008364,0.109158597,0.194687879,0.151915566,0.552909091,0.214412477,129.494,27.33709091,0.0189343,0.066784518,2,1,2,0,2,1,2,1,0,1,0,1,0,1,1,3,2,0,8,0,2,1,2,0
ENTJ,NT,Entj vibes,6aabzYAoi2N2lUHVwfIdWh,50,0.67624,0.134601689,0.6379,0.166352864,-6.55054,2.519699449,0.36,0.484873221,0.123906,0.097884341,0.16995964,0.172146197,0.16165,0.097501033,0.467606,0.210324453,118.25618,29.55219452,0.018135203,0.071745419,3,3,4,1,5,6,1,3,0,1,1,3,3,2,1,1,4,0,5,1,2,0,0,0
ENTJ,NT,ENTJ VIBEZZ,0Pb2qdWBncMgLsgFeXhZCf,23,0.697086957,0.116210981,0.741130435,0.203346168,-5.923826087,3.379480039,0.782608696,0.421741168,0.103608696,0.090354181,0.129916391,0.177928426,0.236021739,0.19238065,0.524313043,0.237726503,120.8778696,16.7784881,0.30087457,0.394088097,0,2,0,5,0,0,0,0,0,1,1,3,0,1,0,2,2,2,0,2,1,0,1,0
ENTJ,NT,"high achiever, don’t you see?",6eTDbfS4dIdRHU9UNAfall,50,0.69634,0.117743687,0.69472,0.138693031,-5.84638,1.971016747,0.48,0.50467205,0.10549,0.061885122,0.1074789,0.130158064,0.151272,0.10454803,0.544548,0.23843391,124.10722,30.02509685,0.011823694,0.051612289,5,5,2,4,4,3,1,4,0,2,1,2,0,2,1,2,2,1,5,1,1,1,1,0
ENTJ,NT,ENTJ,22oTJe8aAoXKEcgUBD9qfQ,50,0.69676,0.176644525,0.74864,0.146771342,-5.90246,2.034693972,0.56,0.501426536,0.144818,0.103563376,0.08870098,0.147480734,0.17923,0.151138762,0.6031,0.224949269,125.1055,28.73313432,0.032067894,0.150825852,1,3,3,9,1,3,1,2,0,2,2,3,3,2,1,3,4,2,1,1,1,1,1,0
ENTJ,NT,ENTJ vibes,00yQgcqxt0YmtzaTvkRPCY,25,0.63456,0.138298614,0.69516,0.173048086,-5.88244,2.472097896,0.4,0.5,0.057148,0.047643023,0.12154116,0.156902765,0.14858,0.095930761,0.58468,0.183221114,119.31696,30.80304081,0.043927164,0.121390652,2,3,0,0,0,3,0,1,0,2,0,3,0,1,3,1,0,1,1,0,3,1,0,0
ENTJ,NT,who is entj?,0wCDSmpHWIXzO67XLIUMCZ,50,0.59484,0.158204899,0.68326,0.153202921,-6.39224,2.496213676,0.3,0.46291005,0.091278,0.092452866,0.17929968,0.221402214,0.191644,0.118659264,0.434522,0.209961718,116.54724,25.60784223,0.081660623,0.200772504,2,0,3,3,2,3,0,4,1,2,0,1,4,4,9,1,2,2,2,0,1,1,3,0
ENTJ,NT,entj-a,44veHz5sljtVjgpHcvohdF,50,0.72778,0.136001694,0.7149,0.123546447,-5.1975,1.504005241,0.62,0.490314351,0.121368,0.094218858,0.08721286,0.101936408,0.157022,0.094741156,0.54152,0.202478645,131.99772,23.64997686,0.003369663,0.01720524,1,3,2,8,3,4,0,3,4,1,1,4,0,3,2,1,1,1,4,2,0,1,1,0
ENTJ,NT,Canciones ENTJ🦍🏢🧑‍✈️💥🦯💜,5uqfmP3ELpNQlISB6xQYLn,12,0.693583333,0.136336121,0.623666667,0.190058045,-6.504916667,3.932983264,0.583333333,0.514928651,0.0809,0.072471938,0.225665583,0.300639042,0.229775,0.142282958,0.611083333,0.216529846,112.0195,25.18381592,0.022945434,0.038205193,1,3,0,1,1,0,0,0,0,0,0,1,1,0,0,0,1,0,0,0,1,1,1,0
ENTJ,NT,ENTJ vibe,1szdLop5uZRGwwJUdXE3eE,30,0.614533333,0.123745215,0.728333333,0.146262714,-5.194733333,1.654490148,0.433333333,0.504006933,0.09751,0.10322757,0.074156167,0.086368582,0.218173333,0.184502483,0.511333333,0.192905075,128.6443667,27.79813253,0.071041969,0.207598181,2,1,2,0,3,2,0,1,0,0,0,4,0,0,5,2,1,1,1,2,1,0,2,0
ENTJ,NT,ENTJ-8w9-835,6dP9ywRi9gcRGzKuiVTHRq,50,0.6118,0.155624614,0.678256,0.176268149,-6.01988,2.290139071,0.4,0.494871659,0.146394,0.125513521,0.15042588,0.192815911,0.202328,0.161628169,0.419828,0.182647183,120.2357,29.0524964,0.013611547,0.069078878,2,2,3,7,5,3,0,3,0,1,0,1,2,2,2,2,9,1,3,0,1,0,1,0
ENTJ,NT,🔱❤️‍🔥ENTJ❤️‍🔥🔱,5kHtCF5v0icv9A83U1pzXz,50,0.61232,0.148014677,0.77446,0.182797782,-5.31558,3.45752021,0.66,0.478518121,0.13304,0.129337885,0.097106486,0.162290803,0.231918,0.194463098,0.393608,0.251077376,127.80746,30.42087182,0.332568254,0.372998863,1,2,1,4,4,5,3,1,0,2,1,7,2,5,2,3,0,2,2,2,1,0,0,0
ENTJ,NT,ENTJ 3w4 supremacy,0wFAvfdZat1aGaXX4q0mwY,30,0.595666667,0.126663914,0.670466667,0.194086851,-6.627633333,3.225839281,0.466666667,0.507416263,0.0563,0.060186022,0.224158333,0.253794584,0.205783333,0.138397379,0.524766667,0.225265312,125.9147,24.66296468,0.081864759,0.176843001,0,6,1,0,1,0,0,2,4,3,1,0,1,0,3,2,2,0,3,0,0,0,1,0
ENTJ,NT,Entj’s Mood ❤️‍🔥,4H2lavC7L42uJ1OFJexmcO,19,0.683421053,0.100005731,0.679210526,0.188516306,-5.291,2.949404629,0.526315789,0.512989176,0.143868421,0.12258118,0.174210526,0.143312688,0.190278947,0.144765702,0.494157895,0.182543226,126.4725263,28.94957973,0.023515138,0.059796404,0,2,1,2,1,3,1,2,2,1,0,0,1,2,0,0,0,0,0,0,0,0,0,1
ENTJ,NT,entj kpop songs,4WdWmmfPYXcbr92VPGk8jx,50,0.68684,0.101491602,0.81544,0.103553626,-3.55004,1.816073708,0.42,0.498569382,0.10727,0.075008985,0.1214614,0.143279497,0.225842,0.167434917,0.57374,0.199856153,128.97964,25.67189865,0.003434799,0.022623006,1,3,1,6,2,6,1,3,0,2,0,2,4,2,1,3,1,0,5,2,1,0,1,3
ENTJ,NT,Topla kendini kızım sen entj 8w7 836 so/sx’sin,33CffZ29pc0cCTaj5OnK5b,50,0.60686,0.13412985,0.72774,0.147341449,-5.32924,1.948016999,0.4,0.494871659,0.082476,0.071176411,0.09288266,0.146652559,0.186656,0.135488004,0.40611,0.19730728,121.2005,27.92569164,0.025879786,0.094097999,1,0,0,2,7,6,3,5,4,3,0,2,1,0,0,2,1,0,7,0,2,0,3,1
ENTJ,NT,ENTJ vibes,6E1Dw6doXsvSAnU0LXGsC2,50,0.66952,0.145627599,0.73082,0.144578725,-5.57612,2.872304192,0.48,0.50467205,0.139072,0.098177226,0.1438192,0.183241029,0.147094,0.094023218,0.399198,0.217858378,138.2481,25.64693514,0.107225117,0.285330421,1,2,0,2,5,6,1,3,1,3,1,4,0,4,3,2,6,1,3,1,0,0,1,0
ENTJ,NT,ENTJ,512zYc6zItVSJjiSu6XbdO,29,0.648275862,0.136034632,0.650862069,0.165637238,-6.298103448,1.947777549,0.448275862,0.506120179,0.080051724,0.069427298,0.213693793,0.256626205,0.165568966,0.089765274,0.567806897,0.240263061,117.4466207,21.94660501,0.005992251,0.022548014,1,2,0,3,2,1,0,2,0,1,2,1,1,1,3,0,2,1,2,0,1,1,2,0
ENTJ,NT,POV: you’re an istj ,2AxqeM4iZrKp93SHznEJpl,50,0.63074,0.138956726,0.68818,0.169321056,-7.0192,3.403806681,0.58,0.498569382,0.089074,0.091059395,0.1547273,0.198818238,0.218076,0.152763656,0.516272,0.233472312,126.9971,31.12269602,0.18105595,0.306965826,3,4,1,1,2,2,2,1,2,3,3,2,2,6,3,3,2,1,3,3,0,0,1,0
ENTJ,NT,ENTJ,6v1iNL1RaSjCyTIDiQMsKR,43,0.663860465,0.135642138,0.672906977,0.141893624,-5.637372093,2.222835459,0.488372093,0.505780539,0.096448837,0.067926232,0.191369767,0.18830245,0.21382093,0.183429255,0.495060465,0.22293139,120.2366744,27.16587076,0.018057112,0.055457281,3,4,2,1,2,4,1,2,1,3,2,3,1,2,1,1,3,0,2,2,1,2,0,0
ENTJ,NT,lana ENTJ💋,2SlxjxrvE8gpnF91TY4HZN,13,0.436230769,0.155829048,0.537615385,0.110257682,-8.352538462,1.854653814,0.307692308,0.480384461,0.0373,0.007871679,0.331330769,0.201047479,0.181146154,0.115912773,0.230738462,0.175689255,113.1663846,20.12335983,0.007839543,0.020025435,1,2,3,0,0,0,0,1,2,0,0,0,0,0,0,0,1,0,2,0,0,0,1,0
ENTJ,NT,ENTJ songs there are actually good songs too,1yoJgBppQYEOm3EXwBUEGV,50,0.49458,0.157010735,0.76966,0.182382488,-6.76088,2.841355128,0.64,0.484873221,0.075658,0.065182679,0.137895363,0.220797863,0.23579,0.21236998,0.53306,0.206859847,127.99516,26.43191106,0.084419492,0.215823112,0,3,2,3,6,3,4,0,0,1,2,4,0,1,5,5,2,2,1,2,1,0,3,0
ENTJ,NT,ENTJ,17eRE8rY7CpnVcg9J3NILp,40,0.5993,0.122178558,0.721375,0.163905177,-5.560425,2.065903377,0.45,0.503831474,0.0922525,0.072407908,0.14924755,0.199281459,0.1862375,0.128874548,0.47375,0.207553608,132.616675,31.13328718,0.017687792,0.050024469,3,2,0,5,2,5,1,2,2,0,2,1,2,2,5,1,3,0,0,0,2,0,0,0
ENTJ,NT,entj…,10ORKkfhOeej1U6o6ZL7KI,23,0.662478261,0.114908212,0.628304348,0.151839459,-7.001347826,2.832781842,0.434782609,0.506869802,0.085352174,0.075908784,0.243135957,0.208340675,0.169682609,0.100963678,0.572913043,0.20192616,117.3727826,24.59258475,0.011643523,0.030878403,2,4,0,0,0,2,0,1,0,1,1,1,1,1,2,0,1,1,0,0,1,2,2,0
ENTJ,NT,Bad Guy | ENTJ,6GDf2IiS7sPSo4YGRVjesh,50,0.61226,0.121158154,0.63972,0.174822013,-7.4105,3.023310149,0.36,0.484873221,0.088392,0.081992232,0.214543404,0.237853908,0.17348,0.145791454,0.370496,0.180958037,124.365,28.94200933,0.07228909,0.198979729,5,5,1,2,2,2,0,3,0,4,0,1,0,5,3,2,6,0,1,1,2,0,5,0
ENTJ,NT,ENTJ,2wHVjPEy3HjFKCrqWSoBv8,50,0.561,0.144385397,0.667,0.177124193,-5.97708,1.886477247,0.44,0.501426536,0.087502,0.082208392,0.17152439,0.171652941,0.184136,0.115072465,0.40453,0.213855994,117.99012,32.59642183,0.021636998,0.099862497,4,3,1,4,4,7,1,1,0,2,0,4,1,2,4,4,3,0,2,0,0,0,3,0
ENTJ,NT,ENTJ,3rLQPQNGAU6VZaKbGTqyna,35,0.564314286,0.164103047,0.566771429,0.169344599,-8.711428571,2.505767785,0.457142857,0.505432671,0.184085714,0.181895169,0.378114286,0.263028402,0.368388571,0.290914353,0.409934286,0.200864158,123.2565429,34.35533095,0.000104027,0.000442522,4,2,2,2,1,2,0,1,1,1,2,2,0,5,2,0,2,0,1,0,0,1,2,2
ENTJ,NT,ENTJ,08HZsGozHVmqnwCtOScqs9,50,0.6195,0.138358046,0.6667,0.154435939,-6.03826,2.150360272,0.42,0.498569382,0.097706,0.089435955,0.1578414,0.168673559,0.171312,0.136419471,0.497842,0.241409272,128.12508,30.30413512,0.010016518,0.040486273,3,1,2,2,3,5,2,0,2,2,2,7,1,0,2,1,4,0,4,0,2,1,2,2
ENTJ,NT,entj energy,2vusnF4BZSQFLHxAJSXgoJ,37,0.777810811,0.16523146,0.657324324,0.134016179,-6.262135135,2.073200252,0.702702703,0.463373192,0.196278378,0.13783549,0.137486378,0.168125395,0.169162162,0.118852052,0.480364865,0.240136207,129.4625405,25.72997648,0.047693032,0.180597309,1,5,2,7,4,2,0,1,1,0,1,3,2,4,0,0,2,0,1,1,0,0,0,0
ENTJ,NT,ENTJOY!,3Qr4eAx3MRe6maNa15kc1C,50,0.64974,0.101258975,0.7201,0.17654545,-7.0293,2.539304679,0.64,0.484873221,0.052156,0.03452189,0.3006742,0.238466729,0.188406,0.109457856,0.7235,0.164382487,125.27688,28.12363838,0.015437414,0.052250996,0,6,5,2,6,3,6,0,2,2,1,4,0,2,2,3,0,0,3,0,2,0,0,1
ENTJ,NT,ENTJ – The Jukeboxer (FTVC),3HhL9Ur9mt7jqW6aRxhgPW,34,0.608676471,0.12222005,0.702058824,0.174968905,-6.004823529,2.643879822,0.588235294,0.499554168,0.093488235,0.081045205,0.169642353,0.210835398,0.151276471,0.123746097,0.520676471,0.21784269,126.0377647,34.36390259,0.030997712,0.133809913,2,1,0,4,3,3,0,1,1,0,0,3,1,1,4,3,0,2,2,0,1,2,0,0
ENTJ,NT,May x Jethro<33,2x89QY39CeKOgtM0Nv2oXh,50,0.65402,0.118790244,0.60052,0.208430602,-7.22748,3.336198718,0.64,0.484873221,0.060886,0.075765848,0.334660702,0.330642123,0.13592,0.130689456,0.581516,0.248278626,115.82712,27.55848104,0.066577257,0.174637546,4,4,1,2,6,1,2,0,1,4,3,4,0,3,0,2,1,1,2,2,3,2,1,1
ENTJ,NT,ENTJ,653F79Sv9cy0J6PJl8gcK9,15,0.614666667,0.126351362,0.6826,0.12720164,-6.801066667,2.459159829,0.466666667,0.516397779,0.088046667,0.082724645,0.157222667,0.169915665,0.206766667,0.182565052,0.5012,0.213066455,119.5261333,27.52080183,0.005455381,0.017949729,2,1,2,0,1,0,1,1,0,0,2,1,0,0,3,1,0,0,0,0,0,0,0,0
ENTJ,NT,Zu diesen Songs wurde ich entjungfert,4gGcPqMFClVGrg8b6Xnn5t,50,0.62922,0.113790586,0.86756,0.112031184,-5.67534,2.05132569,0.42,0.498569382,0.088738,0.080110724,0.041156954,0.085917825,0.244838,0.133923668,0.504866,0.241514862,132.75024,18.05647119,0.205965175,0.308142482,3,4,0,4,2,4,0,3,0,4,1,5,2,2,1,0,1,2,7,1,1,0,3,0
ENTJ,NT,ENTJ 👿👑,1z8XBXLvsTW7iDPCAmGJeL,35,0.63,0.152392103,0.639681429,0.224213919,-6.798257143,3.579770584,0.485714286,0.507092553,0.112208571,0.104849448,0.228351229,0.276677405,0.172342857,0.124563663,0.495025714,0.248967644,122.1355143,27.86729023,0.039740742,0.177846379,3,5,1,1,0,2,0,7,2,1,3,2,0,1,1,1,1,1,1,1,0,0,0,1
ENTJ,NT,ℯ𝓃𝓉𝒿~,1S6ztnpDQkfjcMCrbLFgL6,35,0.6202,0.13430733,0.686371429,0.171121575,-6.611,2.684392921,0.4,0.497050122,0.070994286,0.062959109,0.132478114,0.180762292,0.192817143,0.148736505,0.530971429,0.206231806,131.5959429,26.57768853,0.14144777,0.283814081,2,5,1,1,2,3,0,4,3,0,0,2,3,1,6,0,1,0,1,0,0,0,0,0
ENTJ,NT,ENTJ-A,3unaYCGVgbyBTz9Xb8Gkch,16,0.51375,0.126230213,0.8743125,0.064094429,-5.126375,2.128585661,0.375,0.5,0.10898125,0.05704,0.012857644,0.02075194,0.23553125,0.191227072,0.553875,0.207039086,143.1806875,31.23678849,0.005568294,0.016219325,0,1,2,2,1,1,0,1,0,1,1,0,0,0,1,0,0,0,2,1,1,0,1,0
ENTJ,NT,Reggie ENTJ Mode,29zCtqxaJYoRlzGXhTRlGD,12,0.716333333,0.159238719,0.697333333,0.101554583,-5.511,1.474684989,0.333333333,0.492365964,0.075841667,0.066096437,0.208715,0.199636057,0.167483333,0.142178542,0.591075,0.269539901,114.12625,21.49251784,0.009072777,0.024236098,2,0,1,1,0,0,1,2,0,0,0,0,0,0,1,0,0,0,2,1,0,1,0,0
ENTJ,NT,She don’t wanna be saved,3zoBANB5te1iw2CvyPFSfk,33,0.588787879,0.124154077,0.650636364,0.172335758,-8.041515152,3.823676643,0.575757576,0.501890366,0.074724242,0.06360962,0.146512924,0.199791395,0.189069697,0.138229622,0.352066667,0.205524077,119.8053333,28.92555154,0.142702295,0.26826501,1,1,1,0,5,0,0,1,1,1,2,2,0,3,5,1,1,3,2,1,0,0,1,1
ENTJ,NT,I = ENTJ x ISTP,4kfm7679RxDbMOYdasK4f4,32,0.57453125,0.113941407,0.76765625,0.120690382,-4.90715625,1.293915541,0.28125,0.456803409,0.0961625,0.109275343,0.074861563,0.106854831,0.184434375,0.130899951,0.55034375,0.176924735,126.3418438,31.92973495,0.004224345,0.015542026,1,0,6,0,1,2,1,3,0,2,0,2,1,1,1,3,1,1,4,0,2,0,0,0
ENTJ,NT,EmBrAcE yOuR iNnEr EnTj,3usHtf7KBaq1uX0pmPjrBO,24,0.629166667,0.121789793,0.709125,0.176070221,-5.55975,2.304199705,0.708333333,0.464305621,0.147070833,0.127869538,0.217853042,0.222620057,0.173175,0.184011005,0.539458333,0.198908976,123.537375,31.88384046,0.012076731,0.046313279,3,4,2,0,2,0,1,0,0,0,2,1,0,2,0,2,0,1,1,0,0,2,1,0
ENTJ,NT,entj.,72nRUb2YCSTIGSmNjLLtT2,50,0.6325,0.133820509,0.73448,0.13595426,-5.64488,2.41283854,0.5,0.505076272,0.104246,0.083016016,0.1422497,0.171711132,0.177296,0.127990816,0.5114,0.210720145,126.94108,28.57582931,0.024484174,0.094764292,3,3,0,5,4,4,2,3,0,2,3,3,1,1,1,2,4,1,1,0,3,1,2,1
ENTJ,NT,# ENTJ PRIDE !,4rQCzJsm36SZNE6Ev708ws,50,0.6009,0.1510782,0.67926,0.160623252,-5.75024,2.038349388,0.44,0.501426536,0.102604,0.091802656,0.1171565,0.128278845,0.16482,0.111958602,0.457178,0.230875639,130.59548,33.6015458,0.03795026,0.175722914,2,2,2,4,3,4,1,5,0,2,1,5,1,3,3,3,5,0,3,0,0,0,1,0
ENTJ,NT,ENTJ VIBES,6VxkcyDhT60PFVu0VL6Iwd,50,0.68622,0.159190079,0.66342,0.181747649,-6.74504,2.904906792,0.46,0.503457434,0.182506,0.186042294,0.2732236,0.291836261,0.236906,0.173093247,0.60802,0.167481768,120.84802,32.07890581,0.016442837,0.065346125,3,6,2,0,5,2,1,4,2,2,1,3,0,2,4,1,4,1,4,1,1,0,1,0
ENTJ,NT,ENTJESQUE,0vN7akWhclZi0VNVadox3q,17,0.531411765,0.17704486,0.702941176,0.231830615,-6.826882353,2.804798809,0.647058824,0.492592183,0.092488235,0.078449394,0.206883859,0.220956019,0.191947059,0.107388024,0.506470588,0.257472114,130.3792353,36.12294909,0.037500288,0.131081062,0,2,1,0,5,0,1,0,0,1,1,1,1,0,0,0,0,0,1,1,0,0,2,0
ENTJ,NT,"📜🪄📖 MBTI ""entj-t""🦉🧙💴",3TAHHo4vkP8qk6etIYlAwz,50,0.70892,0.154504453,0.67778,0.161147326,-6.0459,2.36439476,0.52,0.50467205,0.110912,0.084942652,0.15196928,0.169925797,0.193814,0.138147407,0.48895,0.235168421,131.8524,24.95647083,0.027295964,0.128279383,0,3,4,4,2,3,1,4,0,1,0,3,1,3,5,4,2,1,2,5,2,0,0,0
ENTJ,NT,ENTJ ,2cwl23k2iehngXpvSelHyq,20,0.6664,0.12132271,0.74495,0.161005876,-6.1354,2.717137976,0.55,0.510417786,0.124195,0.092296003,0.0817295,0.151137603,0.183205,0.091568844,0.54575,0.19916031,134.6307,18.89416464,0.002811114,0.010452948,1,4,1,0,1,0,0,1,0,0,0,2,0,1,2,0,1,2,2,0,0,1,1,0
ENTJ,NT,Mix Playlist,4LGSLEOq5zx7meJPvT4omh,50,0.72462,0.118871374,0.6744,0.141019321,-6.14784,1.822926637,0.52,0.50467205,0.157236,0.124624192,0.1858824,0.184719642,0.154078,0.091246225,0.56594,0.210985096,119.69242,27.31370096,0.00122345,0.004778569,1,1,3,6,3,3,0,2,3,1,2,0,1,2,1,3,2,1,6,4,2,1,2,0
ENTJ,NT,ENTJ,33mwHj1UDsG8hRU3hYX5d1,10,0.666,0.106345349,0.715,0.140934973,-6.2055,1.891930305,0.2,0.421637021,0.10696,0.095339897,0.28237,0.17068858,0.12206,0.07888356,0.639,0.208214633,106.0656,14.98775915,0.007524995,0.021905913,2,2,0,0,0,0,0,0,0,2,0,0,0,0,2,0,2,0,0,0,0,0,0,0
ENTJ,NT,ENTJ,5ihjtNn6vtrRjfw8W7leTB,50,0.6906,0.124099532,0.80188,0.116810791,-4.44458,1.762753865,0.52,0.50467205,0.158764,0.101169649,0.12434778,0.1386953,0.236166,0.159268676,0.56524,0.187841831,125.29544,32.62479516,0.000605839,0.004113461,1,4,2,4,5,4,1,0,0,3,1,3,2,2,4,1,5,0,0,5,1,0,0,2
ENTJ,NT,ENTJ vibes ,5Ip1sopkJlELsYKiJcW1Ek,48,0.676229167,0.147700133,0.691020833,0.166934882,-5.561083333,2.06849137,0.5,0.505291153,0.111252083,0.100568395,0.107237042,0.137434429,0.1959625,0.164324634,0.55275,0.207530311,126.735375,28.13264455,0.02439167,0.125212063,2,4,2,3,4,4,1,3,2,2,1,3,0,1,3,2,4,0,3,2,0,1,0,1
ENTJ,NT,my anthem,44eJEk9KPCWUqk9JCXS2L9,50,0.62616,0.166352019,0.5967,0.148339001,-8.10924,2.639664872,0.42,0.498569382,0.105596,0.090474971,0.2421154,0.247795032,0.181666,0.127252511,0.50268,0.200713975,118.64464,31.8205562,0.116807345,0.285785703,3,3,2,1,0,2,1,2,3,4,1,4,3,4,4,0,0,1,1,3,3,0,4,1
ENTJ,NT,entjeptea,2lZQyZjFvC853ZuhFV0uTm,50,0.55282,0.128542964,0.6207,0.187050277,-7.85784,2.679763562,0.88,0.328260723,0.037844,0.019969867,0.24630038,0.275079736,0.150724,0.084242114,0.49468,0.23719246,126.0978,26.21444115,0.028355407,0.095199981,0,5,0,2,11,3,5,1,3,0,3,6,0,2,1,6,1,0,0,1,0,0,0,0
ENTJ,NT,ENTJ,7DeUPGd05i8YgWuvrJxsmR,33,0.631666667,0.152936806,0.657787879,0.168264999,-6.573727273,2.715496171,0.575757576,0.501890366,0.085175758,0.088747074,0.125923739,0.157403301,0.166139394,0.11369699,0.456687879,0.225603723,116.265303,24.48496048,0.045587895,0.166051105,0,3,1,2,5,2,0,1,4,0,1,1,2,2,3,0,1,0,2,1,0,0,2,0
ENTJ,NT,my anthem,44eJEk9KPCWUqk9JCXS2L9,50,0.62616,0.166352019,0.5967,0.148339001,-8.10924,2.639664872,0.42,0.498569382,0.105596,0.090474971,0.2421154,0.247795032,0.181666,0.127252511,0.50268,0.200713975,118.64464,31.8205562,0.116807345,0.285785703,3,3,2,1,0,2,1,2,3,4,1,4,3,4,4,0,0,1,1,3,3,0,4,1
ENTJ,NT,ENTJ,0VRtKlHsns8LtIGQ7s6Vhe,23,0.689478261,0.111655668,0.638304348,0.167177487,-6.467173913,2.965089676,0.652173913,0.486984754,0.092630435,0.071212144,0.206132609,0.209381002,0.203726087,0.140807584,0.577478261,0.186601391,116.4748261,24.86397287,0.019095904,0.050902944,1,4,1,1,1,1,1,1,1,0,1,2,0,1,1,0,1,1,0,0,1,2,1,0
ENTJ,NT,entj,6zsHEfGrm1ajTBHLAZvDdv,11,0.666,0.142848871,0.626636364,0.156416286,-6.748909091,1.917472788,0.454545455,0.522232968,0.1359,0.114008096,0.115998545,0.100980673,0.125227273,0.058797246,0.511909091,0.211483075,140.0692727,42.36893572,0.013107959,0.043081492,1,0,0,1,1,0,0,1,0,0,0,1,1,1,0,0,1,1,1,0,0,0,1,0
ENTJ,NT,ENTJ vibes <3,6fxzTPENLFvBNVWbKXQSrN,10,0.6759,0.164889492,0.6737,0.173357723,-5.6537,1.667132405,0.5,0.527046277,0.11588,0.094145948,0.208615,0.211946198,0.21877,0.171487855,0.5722,0.203153363,122.4548,30.99943469,0.016265711,0.041245255,1,1,0,0,2,0,0,0,0,1,0,1,1,1,0,0,0,0,2,0,0,0,0,0
ENTJ,NT,rus iti ve entj bi de drill,0dbCJTCfVfNq83bN1R6QaZ,32,0.77203125,0.09147906,0.7836875,0.164393791,-6.72421875,3.062591995,0.5625,0.504016129,0.17824375,0.093109166,0.12459875,0.131639752,0.17446875,0.125104693,0.6269375,0.193304696,132.8854375,25.06917493,0.072474851,0.205039737,0,2,1,4,1,3,0,0,0,0,2,3,0,2,0,1,6,1,3,1,0,1,0,1
ENTJ,NT,• entj •,0VvAzzVddJNDcx8g6f3Ycm,24,0.697125,0.096745885,0.813958333,0.086298511,-3.485208333,1.171062802,0.333333333,0.481543412,0.104858333,0.074198951,0.07838,0.079513165,0.223595833,0.179742307,0.597541667,0.163352108,121.5595833,24.51242348,0.000218406,0.000688414,0,0,0,1,2,3,0,1,0,2,1,2,2,1,0,0,4,0,0,1,1,0,2,1
ENTJ,NT,las mil personalidades de una entj✨,3k8noTaDz9tEpgCsMJqBWC,50,0.60114,0.16254381,0.65344,0.168222054,-6.383,2.129232611,0.6,0.494871659,0.067622,0.054970041,0.189381,0.22706971,0.170592,0.139029333,0.40708,0.243079785,121.93572,30.18915081,0.004267879,0.019371825,1,4,2,2,4,5,4,1,3,1,0,6,0,3,2,1,5,0,2,0,0,3,0,1
ENTJ,NT,entj,2TfSKETBpz8MJDrz8EVnBW,44,0.557909091,0.135802836,0.564245455,0.182911313,-8.350454545,3.39124056,0.522727273,0.505257768,0.115859091,0.108583048,0.312389091,0.255366899,0.172188636,0.145649414,0.330093182,0.185381458,125.8488182,31.12019694,0.072766023,0.211388551,3,4,1,7,1,2,0,4,0,0,2,2,2,3,3,2,1,1,3,1,1,0,1,0
ENTJ,NT,Entjungfert,6vwWalGRSoRgmBn2h9bhE5,50,0.72668,0.110606388,0.7065,0.139121478,-5.89724,1.738022528,0.52,0.50467205,0.09434,0.075966322,0.12641542,0.173701588,0.185294,0.150717872,0.521486,0.192524946,119.6724,20.99360357,0.004054037,0.015754354,2,6,0,4,3,4,1,1,1,3,4,2,1,3,1,0,3,0,5,2,2,0,2,0
ENTJ,NT,Roy Entj Vibes 💜,08eARrrU7xgs0TQ28ZmluP,12,0.670583333,0.153037404,0.65975,0.187993774,-5.901833333,2.64132122,0.583333333,0.514928651,0.082791667,0.100465312,0.254650417,0.267571398,0.149975,0.066529749,0.597325,0.287194635,119.2203333,19.38409408,0.000431098,0.001012854,1,2,1,2,0,0,0,0,0,0,0,1,1,2,1,0,1,0,0,0,0,0,0,0
ENTJ,NT,intj/entj,4cYdV972V5lfnvBt7ebk1S,18,0.586055556,0.113505881,0.783277778,0.120613532,-6.043166667,2.373704037,0.666666667,0.48507125,0.055327778,0.029914993,0.0742043,0.156608642,0.173505556,0.104312367,0.373088889,0.204268546,126.9129444,27.66212559,0.133305722,0.25069722,0,2,1,3,0,1,0,1,1,0,2,1,0,1,2,1,0,0,0,1,0,0,1,0
ENTJ,NT,Entj,5IoG6IouVRG0qEZxjBJGyt,15,0.624,0.131483839,0.645133333,0.152246448,-6.640266667,2.419684055,0.4,0.507092553,0.092626667,0.068095746,0.216198667,0.198175382,0.22192,0.18540279,0.4992,0.209998027,117.1939333,34.23398609,0.000383621,0.001312105,1,0,1,1,1,2,0,0,0,0,1,0,0,3,0,0,1,0,2,0,1,0,1,0
ENTJ,NT,entj,5bMJDKU2228OgZC7gLib3p,50,0.73684,0.116722829,0.73288,0.144690188,-4.90578,2.059034342,0.58,0.498569382,0.137302,0.090409717,0.11237344,0.108515377,0.189956,0.176447325,0.56016,0.18986003,125.13902,27.09808616,0.005620028,0.037617844,1,4,3,7,5,1,0,4,0,1,1,2,0,3,2,3,3,0,5,4,0,0,0,1
ENTJ,NT,vagina,7imJ0YE2QrlyR7OMIfyXuD,50,0.552,0.142131586,0.571238,0.239621367,-9.3799,5.341415238,0.74,0.443087498,0.15668,0.173145309,0.399474248,0.344102055,0.20203,0.182543362,0.34048,0.193049479,122.83166,29.22076807,0.12216637,0.282540114,0,7,1,4,3,3,1,2,0,1,1,8,0,5,0,3,1,3,2,2,1,0,2,0
ENTJ,NT,ENTJ,3o2n4jlRzNA3D0k5ky8uov,34,0.689029412,0.123200867,0.657029412,0.186415548,-6.016441176,1.937844057,0.441176471,0.503994737,0.122817647,0.109487803,0.167907588,0.21127653,0.138038235,0.097185989,0.504244118,0.233252449,121.5644412,23.37858989,0.035348438,0.163607345,1,4,3,3,1,3,0,2,2,0,2,3,1,0,2,0,2,0,1,0,1,0,1,2
ENTJ,NT,ENTJ JAMS📈,37uNlGVmk1YHezQNbu9nze,50,0.60188,0.14145074,0.69054,0.177433311,-6.0564,2.304374084,0.48,0.50467205,0.098358,0.080135457,0.225340486,0.227970287,0.189568,0.125300537,0.47824,0.214161785,124.14764,28.58486418,0.022112785,0.060348844,2,6,1,4,2,5,1,0,2,2,3,1,1,2,3,0,4,1,5,0,0,2,3,0
ENTJ,NT,Entj 💜,1GJk7EOBapHpKFJ5k4qKO2,24,0.640125,0.123069197,0.652833333,0.144235516,-6.610625,2.291878417,0.458333333,0.508977378,0.105708333,0.085480335,0.239474167,0.187431983,0.1818875,0.13919863,0.485791667,0.185625846,126.844125,20.03242135,0.012288855,0.046262868,2,1,0,0,0,2,1,2,0,0,1,1,0,1,3,2,1,2,0,0,2,2,1,0
