mbti,function_pair,playlist_name,playlist_id,track_count,danceability_mean,danceability_stdev,energy_mean,energy_stdev,loudness_mean,loudness_stdev,mode_mean,mode_stdev,speechiness_mean,speechiness_stdev,acousticness_mean,acousticness_stdev,liveness_mean,liveness_stdev,valence_mean,valence_stdev,tempo_mean,tempo_stdev,instrumentalness_mean,instrumentalness_stdev,Cminor_count,CMajor_count,C#/Dbminor_count,C#/DbMajor_count,DMajor_count,Eminor_count,EMajor_count,Fminor_count,FMajor_count,F#/Gbminor_count,F#/GbMajor_count,GMajor_count,G#/AbMajor_count,Aminor_count,AMajor_count,A#/Bbminor_count,A#/BbMajor_count,Bminor_count,BMajor_count,Dminor_count,D#_Ebminor_count,D#_EbMajor_count,Gminor_count,G#/Abminor_count
INTP,NT,"INTP playlist (for intps, by an intp)",54YCS9D2dr1AisRScAx8gl,50,0.5857,0.123122181,0.5464,0.195950327,-8.07526,3.349413642,0.72,0.453557368,0.061458,0.045123848,0.31411022,0.281179513,0.178204,0.112029333,0.424752,0.222784323,122.05726,25.85888638,0.037784531,0.131623381,1,4,1,3,5,5,2,1,7,3,2,5,3,1,2,1,1,1,2,0,0,0,0,0
INTP,NT,Intp 😎,7a1NapcyZ2e8Bmox6V0MSH,50,0.56314,0.151430325,0.64688,0.214275775,-7.82996,3.61114323,0.58,0.498569382,0.085022,0.084508039,0.208496358,0.243454086,0.15803,0.110222758,0.48855,0.244547401,117.69496,30.0019562,0.093063938,0.242113211,1,4,1,1,6,1,3,1,2,5,1,4,3,2,2,1,1,3,1,3,1,1,1,1
INTP,NT,intp songs,5EfNQZ8IDMbCgdbBYy8pXO,50,0.53598,0.105503553,0.637996,0.194520721,-8.4439,3.283274524,0.58,0.498569382,0.045036,0.03457946,0.2069404,0.252572345,0.172044,0.109830718,0.3909,0.233747372,130.26218,32.72222624,0.410150344,0.379596005,3,5,0,4,2,3,0,2,3,0,2,3,4,4,4,2,0,4,2,0,0,0,1,2
INTP,NT,pov: you’re an intp,7GkfEvfJTmsiQi8cR352Fx,50,0.62094,0.125012066,0.64802,0.183510161,-6.70486,3.044992644,0.62,0.490314351,0.092752,0.078930039,0.20386442,0.237208076,0.211902,0.145613654,0.540372,0.22120076,121.26564,30.23527465,0.038935892,0.123803195,1,7,0,1,6,3,4,3,1,1,1,2,6,4,1,0,0,3,1,1,0,1,2,1
INTP,NT,intp/fyodor kinnie,5WVU9be3r7dV9G8HiXX6hF,50,0.54736,0.133261253,0.646766,0.211172758,-7.40412,2.869883306,0.5,0.505076272,0.064168,0.060270656,0.21871828,0.263076381,0.20247,0.14420516,0.358688,0.189251851,122.5529,28.78307907,0.122770039,0.251934338,4,1,2,3,4,5,1,1,0,1,0,2,5,3,2,2,0,4,5,0,0,2,3,0
INTP,NT,chaotic intp,3phBu4WSDfIafADiZLYH9X,50,0.55744,0.115411802,0.69364,0.167107904,-6.63086,2.46941872,0.36,0.484873221,0.0854,0.072419949,0.14181992,0.21709516,0.235784,0.160932437,0.493736,0.220986089,131.14996,30.71601701,0.057518382,0.178605486,0,2,2,1,3,5,1,5,0,3,1,2,2,2,4,4,1,5,0,1,0,1,3,2
INTP,NT,an (accurate) intp playlist,3HtnLWV9cNxuk1m1ZzX0Ld,50,0.58888,0.151988136,0.59836,0.196091478,-8.45104,3.37851855,0.72,0.453557368,0.082498,0.072026017,0.27993098,0.300928911,0.179868,0.121009127,0.48362,0.240266934,119.81268,30.34026927,0.113135694,0.232646045,0,4,1,3,5,3,2,4,4,1,4,2,1,0,3,1,2,1,4,0,0,2,3,0
INTP,NT,INTP 4w5 5w4 5w6 with mentally ill,4scKgpaIvVdECAhcmnHmhu,50,0.57232,0.137593076,0.578744,0.198622921,-7.9702,4.17749059,0.62,0.490314351,0.068336,0.074711941,0.2957512,0.329357483,0.174502,0.168061007,0.461162,0.20356229,121.3103,28.42451161,0.101859113,0.227109761,0,5,1,6,1,3,3,2,3,2,2,2,0,1,5,0,1,5,1,2,0,2,1,2
INTP,NT,"intp, the nihilist",6jaiF5P1zAD2D7DqNkTVDO,50,0.58144,0.130261771,0.647218,0.218226985,-7.36426,3.248175524,0.62,0.490314351,0.05577,0.047608725,0.19889637,0.25399682,0.169248,0.114536545,0.413102,0.23138193,120.51866,24.67831719,0.182683412,0.324487812,0,6,1,2,4,2,4,2,3,2,1,3,0,5,5,0,1,2,1,3,1,1,0,1
INTP,NT,INTP,13lqCIVUWYY6Ac3gq1WcNx,50,0.67568,0.167485661,0.65902,0.142565773,-5.7367,2.345536597,0.46,0.503457434,0.121242,0.086721172,0.23290244,0.203294156,0.200422,0.167227216,0.553216,0.202966963,119.94858,31.48986715,0.009464539,0.043130967,4,5,5,3,1,1,0,1,0,2,3,4,3,1,2,4,1,1,0,3,1,1,3,1
INTP,NT,INTP music taste i guess ( by an INTP-T),0HFpgzWoMgTC0vg9BsdgMB,50,0.56544,0.128013258,0.6419,0.180917193,-6.77558,2.562739113,0.58,0.498569382,0.066552,0.079816267,0.25281802,0.262064263,0.170986,0.110475789,0.52082,0.196905415,128.74728,29.6331118,0.070912805,0.199787412,2,8,0,2,3,3,3,1,4,3,0,1,2,5,2,3,2,1,1,0,0,1,0,3
INTP,NT,INTP vibes,0ZRMpq1J4wBaGXg5lefLSy,50,0.54356,0.145805736,0.66804,0.159227851,-6.30412,2.311390258,0.72,0.453557368,0.046454,0.027692718,0.174080832,0.205363878,0.158212,0.089905355,0.47262,0.194083181,129.84026,32.26786801,0.10315509,0.236999097,0,7,0,4,3,2,0,1,3,2,3,1,4,3,3,1,4,2,1,0,0,3,1,2
INTP,NT,INTP Chaos,1so09OI5xQ3clXJTl0Xydp,50,0.61186,0.160503164,0.66006,0.204560096,-6.91378,3.248417029,0.7,0.46291005,0.091654,0.114251334,0.20935167,0.271067623,0.16644,0.119989464,0.487786,0.237668196,128.35384,28.40472015,0.045545964,0.157685533,2,3,2,3,4,2,2,3,6,0,1,4,3,0,2,1,2,2,2,0,1,3,2,0
INTP,NT,INTP,2pzsKjtsfD1EeEsKz4ujTP,50,0.63672,0.144330833,0.600742,0.214906277,-7.51872,3.042573086,0.58,0.498569382,0.102666,0.097705423,0.2751146,0.280725678,0.171336,0.111566936,0.505132,0.239985917,125.76956,26.34443747,0.080937826,0.219434882,1,4,4,4,3,3,1,2,1,2,2,4,2,0,3,2,4,4,1,0,1,0,1,1
INTP,NT,INTP-T,28Gs8ghiKW5a232jwsj14A,50,0.55462,0.155310471,0.494248,0.202491415,-9.7724,3.929201212,0.62,0.490314351,0.07362,0.104129588,0.42378088,0.288097862,0.18316,0.142354967,0.496178,0.264656024,119.51144,30.3039404,0.098234711,0.233171826,3,4,1,3,1,3,2,2,5,0,1,5,1,2,2,0,3,4,2,2,2,2,0,0
INTP,NT,"intp, the deeply misunderstood.",16bswOIWhA24PLeijMdlqy,50,0.54974,0.124075818,0.5271,0.165218254,-8.40528,2.869017353,0.72,0.453557368,0.058598,0.060417843,0.32731894,0.284813695,0.180404,0.120613894,0.412726,0.22076617,120.3802,28.64241184,0.081827545,0.194430992,1,9,0,2,3,2,3,3,3,1,3,1,1,3,5,1,3,0,3,1,0,0,0,2
INTP,NT,INTP 5w4 music,4tMSHlIrcPLFqtBLrPL7rA,46,0.511173913,0.189304376,0.613021739,0.218052235,-9.726543478,4.511103165,0.565217391,0.501206274,0.056517391,0.047512797,0.209110032,0.303096476,0.160336957,0.120689586,0.40506087,0.239075616,128.429913,30.41893647,0.170043457,0.278187822,3,5,1,1,3,3,1,1,3,2,4,4,1,3,4,0,0,2,0,3,0,0,1,1
INTP,NT,intp x entp playlist bc i want,6TNWxC7RKabVSsFsRllb4S,50,0.55352,0.14682535,0.579632,0.213158293,-8.59648,5.973949503,0.44,0.501426536,0.049122,0.027825039,0.21790196,0.309309136,0.1971,0.122640195,0.382772,0.218652634,123.82376,33.91625891,0.175086015,0.303184653,2,2,1,4,2,4,3,1,0,5,1,1,2,4,2,3,2,2,1,1,0,2,5,0
INTP,NT,intp5w4.exe,55QsLMV33TDaLjXLLxC9ol,50,0.61144,0.123988176,0.639,0.178573371,-7.22278,2.29216149,0.4,0.494871659,0.082208,0.075937788,0.208518,0.243156373,0.170534,0.10280876,0.38273,0.193701831,128.4796,32.75674291,0.051431418,0.134366207,2,0,1,3,3,4,0,2,1,1,1,6,2,1,1,4,2,6,1,4,0,0,2,3
INTP,NT,Intp playlist,24UlkFhfF7P9VjaYvoBtml,39,0.553179487,0.156785283,0.579120513,0.214272436,-8.379282051,4.841940085,0.692307692,0.4675719,0.048664103,0.037063179,0.286372872,0.310390494,0.175992308,0.101174316,0.454287179,0.237287624,129.1805385,32.85034215,0.162192554,0.289575526,1,6,0,0,1,3,4,1,3,2,0,3,3,0,5,1,1,2,1,0,0,0,0,2
INTP,NT,INTP 5w4 true neutral,7LCVMRrxAXqiNtnjU5dxzz,50,0.55836,0.117047306,0.59294,0.192256356,-7.42834,3.383743547,0.78,0.418451958,0.06222,0.059173363,0.276498096,0.282765865,0.168516,0.103165825,0.415734,0.212529871,118.15786,29.19970655,0.097592741,0.249413734,0,10,0,4,3,3,3,2,5,1,1,3,2,2,4,1,0,1,2,0,0,2,1,0
INTP,NT,Mad Scientist (intp playlist),1EDBt7jbEtsTrNVmFpX9iJ,50,0.62492,0.109573541,0.72544,0.169924973,-6.62944,2.952264583,0.58,0.498569382,0.110836,0.098003102,0.19206477,0.228743569,0.166316,0.114003368,0.52664,0.24921534,125.73034,25.47382378,0.225544952,0.353115716,0,1,2,6,4,1,1,1,3,3,1,4,1,4,3,2,1,3,1,1,0,3,1,3
INTP,NT,INTP's mind,1bYaIxcp8p6TwrZ1613PYv,19,0.567736842,0.126057237,0.410473684,0.180806947,-9.527789474,4.004243812,0.736842105,0.452413928,0.078252632,0.094914589,0.473989474,0.302432852,0.190310526,0.188662052,0.360747368,0.186427321,114.1445263,29.47948071,0.049793549,0.216784201,1,0,1,0,4,0,1,0,0,1,0,3,0,0,0,1,1,0,2,1,0,3,0,0
INTP,NT,INTP (PDB),2S0MGQFgAQSPt6HZHkijVJ,50,0.59308,0.158097469,0.66298,0.197825886,-6.6145,3.194185938,0.58,0.498569382,0.079112,0.088141979,0.162249408,0.235809873,0.157528,0.109181633,0.44851,0.249359842,123.3962,29.85924233,0.075936695,0.207203466,2,6,2,4,1,0,1,1,2,1,5,2,3,4,3,1,1,2,0,2,0,1,2,4
INTP,NT,intp ,6riKRzKin8NiG8FY7o3aEv,50,0.55778,0.121099772,0.61694,0.182421402,-7.81038,2.455901637,0.6,0.494871659,0.070724,0.069980034,0.225451006,0.256033245,0.165586,0.10508371,0.402238,0.214803972,121.43504,27.81969107,0.174735496,0.324200382,2,3,4,5,2,2,3,1,0,1,1,1,7,5,1,1,3,0,3,1,0,1,2,1
INTP,NT,INTP songs,55tWFSrWv5N132X6zHIO5v,50,0.54526,0.160887311,0.59162,0.214613073,-8.61502,3.796218583,0.64,0.484873221,0.064022,0.062862446,0.264237478,0.296903265,0.166824,0.1167754,0.423684,0.250881708,122.46896,32.18907947,0.134867998,0.277022526,2,4,0,2,2,1,2,2,4,4,5,1,2,3,7,1,0,1,1,1,0,2,0,3
INTP,NT,Intp,5fGuJCj7U1RtlzlwjDKWvh,50,0.55146,0.135979922,0.62162,0.218312254,-8.41612,3.331228239,0.7,0.46291005,0.064246,0.056676642,0.213822088,0.292798615,0.182464,0.126762229,0.45553,0.24307812,121.44606,32.6476545,0.155279693,0.286856278,1,4,0,2,3,3,3,2,2,1,4,2,2,3,8,0,3,2,1,0,0,1,1,2
INTP,NT,Intp,0vVN23MoWZAAh0bqynJoLa,50,0.61838,0.147105805,0.58592,0.170100911,-7.25384,2.603423416,0.46,0.503457434,0.082138,0.070135105,0.2257512,0.209030462,0.203558,0.178651268,0.374346,0.212815658,130.11102,28.39444821,0.031778076,0.101140584,3,2,4,5,3,3,1,3,1,3,1,3,2,4,2,1,3,1,0,1,0,0,2,2
INTP,NT,ISTP songs ://,0nESJh03HtCUwKB0Km5pHR,50,0.64622,0.165729838,0.66584,0.177221337,-6.38334,2.320650398,0.5,0.505076272,0.106846,0.092113478,0.1673433,0.198336902,0.192318,0.131158474,0.48668,0.194869652,121.80674,28.44900392,0.052391766,0.142019873,2,4,1,2,3,7,1,3,2,2,2,4,3,0,2,1,0,5,2,1,1,0,1,1
INTP,NT,INTP,21F6wTD7L5oUrZIOR0U3pO,50,0.61842,0.138067876,0.54552,0.164195533,-7.76346,3.129217136,0.56,0.501426536,0.100168,0.099616717,0.24191282,0.278553544,0.13772,0.075321003,0.33868,0.193505964,125.32738,27.66770107,0.01781036,0.0491371,2,8,2,3,1,5,2,6,1,0,1,4,4,0,1,1,3,2,0,0,1,0,1,2
INTP,NT,Lofi for INTPs 🤖,1h9faJ70ZZ4Rll97XL9xTn,43,0.656023256,0.103923389,0.268861395,0.140823038,-14.54118605,6.003010226,0.604651163,0.494711791,0.079662791,0.088447351,0.741597674,0.235045402,0.155116279,0.137231549,0.28067907,0.169352017,105.2342326,33.43318174,0.814604651,0.189063625,0,3,1,1,2,2,0,1,2,1,2,5,3,1,3,1,3,4,2,2,1,0,1,2
INTP,NT,intp 🧬,21XGC1Lh1OeIHevh6cw6pP,50,0.57452,0.167823916,0.602446,0.244141919,-8.90042,4.935368051,0.56,0.501426536,0.082122,0.082758102,0.27989806,0.351334448,0.194062,0.142394185,0.429422,0.25647888,123.1701,30.32204452,0.256425477,0.358970888,2,1,1,3,5,4,1,1,2,1,3,4,3,4,2,2,1,3,2,0,1,1,1,2
INTP,NT,INTP 7w8,3j0CIgZG8BlgBJPKEBDLmB,50,0.5169,0.126339557,0.69428,0.18032805,-7.21862,2.554225622,0.58,0.498569382,0.049652,0.043261428,0.183755951,0.266649788,0.18416,0.136761234,0.3995,0.217756983,129.35096,22.5555424,0.1473212,0.266353237,4,3,1,2,4,1,2,1,5,0,2,3,2,7,1,0,2,3,1,1,0,2,1,2
INTP,NT,an intp's home,2T5xtBZN7LOrDMTN4nt6Cs,50,0.60936,0.117073282,0.422474,0.186959835,-9.88388,4.480764424,0.64,0.484873221,0.046732,0.024988973,0.5557936,0.28967592,0.145024,0.089336506,0.376784,0.208553537,111.458,26.10465073,0.064003787,0.190605022,1,6,0,4,4,1,4,1,1,2,1,4,2,2,1,2,1,2,1,2,1,3,4,0
INTP,NT,-Intp Vibes-,2UtE1uqYUQ0HP7PfCGpJmx,50,0.5471,0.152938196,0.60952,0.243275944,-8.52914,4.722598822,0.64,0.484873221,0.068198,0.064664672,0.298839648,0.35397594,0.192606,0.151613036,0.452768,0.241244557,121.1632,35.2371402,0.214570744,0.319493203,3,1,1,2,4,2,2,2,2,2,7,0,4,2,6,1,1,1,1,0,0,2,2,2
INTP,NT,INTP,6eOZGG0OJgudvSHtI1R1BM,34,0.553705882,0.163474311,0.559961765,0.18473198,-8.263823529,3.838042845,0.705882353,0.46249729,0.086385294,0.130584597,0.310717676,0.29034821,0.175685294,0.099979289,0.412438235,0.196771817,129.5287647,30.19192552,0.039959027,0.11211186,0,3,3,1,1,1,1,0,5,2,0,3,3,1,3,2,2,1,1,0,0,1,0,0
INTP,NT,Intp (: 🦔,6mmRWYBIeP9i4t4PZXmeR8,50,0.56718,0.10819987,0.57228,0.221148675,-8.13848,4.282338662,0.68,0.471212071,0.062838,0.054923003,0.321538,0.310430296,0.171618,0.104106799,0.45655,0.231632047,121.21794,24.99724804,0.049030132,0.156936411,3,7,1,5,5,4,3,2,4,1,2,3,2,0,1,3,0,0,1,0,1,1,0,1
INTP,NT,INTPness,4Biv9oIKs5hgWatuP39iwl,50,0.5241,0.154942419,0.71156,0.183625413,-6.56562,3.432447963,0.68,0.471212071,0.090568,0.085307691,0.172712178,0.237526183,0.204384,0.162633742,0.464792,0.224985652,123.32824,30.42076253,0.01049516,0.040847164,3,1,1,6,5,0,1,1,2,2,5,1,0,2,6,0,1,2,3,1,2,3,1,1
INTP,NT,INTP,3FzKo0x62TX2WSOK4MKScM,50,0.59416,0.126074704,0.73644,0.151941337,-6.58882,2.285117348,0.7,0.46291005,0.065868,0.059084369,0.241009678,0.277992278,0.177086,0.129127431,0.601638,0.236558939,125.16338,35.79948327,0.281700871,0.386192024,1,3,3,3,2,2,0,1,4,1,6,3,1,3,4,0,4,2,3,0,0,2,1,1
INTP,NT,intp 5w4,5QaFjgYsGHfIbcefcTp90c,50,0.589,0.15914414,0.59258,0.220948151,-8.52248,3.821902087,0.76,0.431419111,0.079596,0.097208396,0.410732288,0.35078517,0.216202,0.159450765,0.530316,0.252642546,115.72464,28.80578799,0.118809048,0.260938268,1,5,0,3,4,1,4,2,2,1,4,5,3,3,3,1,2,2,2,0,0,1,0,1
INTP,NT,Xoxo - INTP,05LwueVtwL8jE9T84Yf3Zg,50,0.6858,0.142388087,0.80162,0.140844521,-4.03946,2.224056619,0.58,0.498569382,0.108422,0.079553066,0.11426772,0.191827612,0.177744,0.139940957,0.60562,0.177268837,125.0565,28.2444819,0.01302703,0.091055477,2,3,3,5,4,1,3,2,2,1,2,2,3,2,5,2,0,2,0,2,3,0,1,0
INTP,NT,intp stuff,4KY8HSJtPxAo8UxzVp5uOw,50,0.63016,0.132225127,0.58444,0.184396773,-7.43498,2.73256551,0.74,0.443087498,0.069496,0.059151383,0.3507206,0.283368054,0.141876,0.113180163,0.560074,0.239878482,120.72956,33.18802278,0.038792094,0.146367946,0,8,1,2,3,2,2,1,2,2,3,7,2,0,7,1,0,1,1,1,0,0,2,2
INTP,NT,INTP ME,2Mt2qwmpx4lLdToGxUghiX,50,0.5643,0.145410783,0.53142,0.190849881,-7.8767,2.912831018,0.58,0.498569382,0.08001,0.083315739,0.390126,0.304686677,0.168994,0.108663742,0.384198,0.193742194,128.84694,32.87056176,0.041925814,0.134902536,2,5,1,0,2,5,2,1,6,3,2,6,1,4,2,1,1,1,1,0,0,1,1,2
INTP,NT, INTP,3rFGh7XU6uDXPcZ9a1iCkF,34,0.569205882,0.139987181,0.662794118,0.197897858,-7.374882353,3.586368948,0.617647059,0.493270218,0.065229412,0.067348436,0.247724294,0.297251876,0.180132353,0.130407257,0.496382353,0.240848502,113.8356765,32.74145021,0.193081069,0.335016198,2,1,0,2,2,3,3,1,1,1,4,1,2,1,2,1,0,0,0,0,0,3,2,2
INTP,NT,INTP,0esXEzKtOieiQO9MV6TTfZ,50,0.61572,0.116016544,0.7298,0.162759996,-6.48628,2.74803746,0.54,0.503457434,0.106002,0.085727288,0.19291026,0.236926787,0.164634,0.113355818,0.50722,0.251269636,129.04282,25.92352404,0.252019725,0.360890315,0,1,3,5,4,1,1,0,3,3,1,3,1,6,3,2,1,3,1,0,0,3,1,4
INTP,NT,isfp x intp,72vk0HNNwnOF6vY2eml6NR,50,0.55542,0.15407447,0.585876,0.210210491,-7.91286,3.175985761,0.64,0.484873221,0.056534,0.041233989,0.24896872,0.310732787,0.174498,0.12841888,0.406514,0.244314414,129.08308,26.86589182,0.122350829,0.26198877,3,1,0,1,5,2,4,3,3,1,3,4,2,0,5,3,2,4,2,0,1,0,0,1
INTP,NT,INTP,1tXuPjAbvIATk1E7uMJdDA,50,0.5351,0.130986874,0.66816,0.138665117,-7.2735,2.867640574,0.4,0.494871659,0.075468,0.064101977,0.145127942,0.185608489,0.210842,0.147111514,0.376882,0.197124291,119.96216,28.3057637,0.180416396,0.327351309,2,3,1,1,1,4,0,3,0,3,4,0,2,3,3,3,3,5,2,2,0,1,3,1
INTP,NT,INTP ,0sO2ZNI8WVo4WzLokmTF6L,48,0.5756875,0.132715847,0.583979167,0.166013264,-7.521541667,2.876666296,0.729166667,0.44909286,0.053358333,0.036307299,0.280641042,0.2562017,0.151822917,0.092001552,0.419091667,0.226535183,118.3880417,28.57741881,0.097900386,0.243260366,0,7,0,5,4,4,3,0,3,1,3,1,2,1,2,0,3,2,1,1,0,1,2,2
INTP,NT,intp. ,1lZgMEYo3dewfuAffTnIe9,50,0.62532,0.152258968,0.58678,0.195239182,-7.46192,3.216349762,0.52,0.50467205,0.103012,0.092345747,0.2725939,0.27427864,0.183316,0.147065102,0.453916,0.224099744,121.78876,30.95644374,0.026750603,0.119930837,1,1,4,3,4,4,2,1,1,2,3,3,5,4,2,2,1,3,1,0,0,0,1,2
INTP,NT,INTP 5w4,0UvlxQx9oLrxKHDXlHLE2h,25,0.43296,0.183452646,0.42228,0.197150645,-11.98872,3.998737535,0.76,0.435889894,0.086796,0.170694482,0.587724,0.325613247,0.171496,0.110213654,0.323184,0.260285477,121.41924,32.15155984,0.42253762,0.409587051,0,6,0,1,2,1,0,0,2,1,0,2,1,1,1,0,1,1,1,1,0,2,1,0
INTP,NT,I'm INTP,6abNZMsIg2qCsOyp6Hfmbx,45,0.537844444,0.144008358,0.5814,0.214828092,-8.171911111,3.339504133,0.422222222,0.499494694,0.079942222,0.079759167,0.264841364,0.305636307,0.179746667,0.124624769,0.353526667,0.204086966,117.5861778,28.76101061,0.151744687,0.29213334,4,0,1,1,4,7,0,3,3,0,1,4,2,1,1,1,2,5,0,0,0,1,3,1
INTP,NT,Intp,5ORL0prhBYdHXCkcRqBark,43,0.53955814,0.12987362,0.66427907,0.188491041,-6.728093023,2.522135677,0.651162791,0.482242822,0.039669767,0.019555581,0.216306593,0.288285291,0.2005,0.116091452,0.448267442,0.20353268,123.9225581,24.48658699,0.101872476,0.246067495,2,1,2,0,1,2,4,0,0,0,1,4,3,1,5,1,5,4,2,0,0,2,1,2
INTP,NT,INTP,1IuAs1BCui91sdCOZwmWQh,18,0.523666667,0.155724115,0.612111111,0.248707456,-9.107333333,5.556851754,0.722222222,0.460888599,0.115305556,0.127986068,0.321934356,0.35576779,0.211866667,0.160352835,0.417111111,0.190407887,117.7723333,33.64734298,0.205519124,0.360738396,0,3,1,0,0,0,1,1,2,2,2,0,0,1,4,0,0,0,0,0,0,1,0,0
INTP,NT,INTP PLAYLIST (by an intp),6O3h3eKntAIDh75YC1774Y,50,0.652021277,0.082871427,0.853382979,0.103136371,-5.780851064,2.269338478,0.531914894,0.504374939,0.136361702,0.08859624,0.035934617,0.056539707,0.21986383,0.178343428,0.677659574,0.137666307,134.2877021,26.05339456,0.02420914,0.07428504,1,3,2,9,1,0,0,3,1,2,2,2,2,1,1,5,0,5,4,0,1,0,0,2
INTP,NT,INTP PLAYLIST (by an intp),6O3h3eKntAIDh75YC1774Y,50,0.652021277,0.082871427,0.853382979,0.103136371,-5.780851064,2.269338478,0.531914894,0.504374939,0.136361702,0.08859624,0.035934617,0.056539707,0.21986383,0.178343428,0.677659574,0.137666307,134.2877021,26.05339456,0.02420914,0.07428504,1,3,2,9,1,0,0,3,1,2,2,2,2,1,1,5,0,5,4,0,1,0,0,2
INTP,NT,INTP,74YasQCA4fp8Z0JAOTJvIF,50,0.51308,0.117691024,0.63764,0.197002513,-8.261,3.342726982,0.66,0.478518121,0.046084,0.031629083,0.253546172,0.298904001,0.17765,0.145543853,0.413764,0.216025039,124.01572,31.31766057,0.239691732,0.340902675,2,6,1,3,2,1,2,1,4,4,3,2,4,2,4,2,2,1,1,1,0,0,0,2
INTP,NT,INTP 5w6,5BhgZqQL7ShjsHVCH6gk00,43,0.567651163,0.170649862,0.705302326,0.149470261,-5.784790698,2.569087484,0.465116279,0.504684588,0.100274419,0.100025668,0.118886186,0.152628429,0.200351163,0.135313594,0.504395349,0.2174136,124.3661395,33.15514737,0.028043565,0.100096443,1,3,0,2,4,4,1,5,1,1,1,1,4,6,1,1,1,2,0,1,0,1,0,2
INTP,NT,INTP ,3l9nnY4QsMRiwUz8pFKzCh,26,0.546576923,0.136831918,0.619615385,0.171715597,-7.724576923,3.019569535,0.730769231,0.452344321,0.070011538,0.085858904,0.141776669,0.215043736,0.159930769,0.127369537,0.403769231,0.198596537,109.7811154,30.14670609,0.165379048,0.290433353,1,3,0,2,1,2,2,1,4,1,2,1,0,1,1,0,2,0,0,0,0,1,0,1
INTP,NT,INTP haul,4obOSGlGOV40cLJiBlFySu,50,0.50344,0.150133296,0.78124,0.196080217,-5.5638,3.194766926,0.48,0.50467205,0.09748,0.075840609,0.10610725,0.195200769,0.192672,0.150121121,0.364728,0.204304633,135.86714,30.39075851,0.064996404,0.187464448,5,7,5,2,1,4,0,2,0,2,2,7,0,2,3,3,1,2,1,0,0,0,1,0
INTP,NT,INTP playlist,1dwf8SY2jj5Tmfh6GogtMg,50,0.57454,0.147177695,0.66088,0.19123099,-8.09606,3.324044963,0.54,0.503457434,0.061464,0.058966832,0.233927388,0.284387905,0.181612,0.161976578,0.452574,0.240505499,123.43274,35.05080863,0.174806596,0.309065713,1,0,2,2,1,2,1,6,1,1,3,3,3,4,8,0,0,3,3,1,0,2,1,2
INTP,NT,intp vibes???,4ZUIVHYSUhyyWUljYQR7IB,50,0.6103,0.105446814,0.63022,0.191055424,-6.65016,2.607689237,0.82,0.388087934,0.066512,0.052724841,0.30123184,0.267338545,0.166456,0.155770941,0.509656,0.234766215,119.71412,29.94500948,0.000472485,0.002480533,1,10,2,1,5,1,4,1,2,1,0,7,0,0,5,1,2,1,4,0,1,1,0,0
INTP,NT,Intp,1rzsCtq5i9gpuEEutp3mqG,50,0.5813,0.16345857,0.638296,0.224518126,-8.08248,5.265881445,0.58,0.498569382,0.07002,0.076851999,0.264498432,0.283287278,0.205234,0.152166427,0.495308,0.243584036,121.56898,29.69071802,0.211045129,0.33815228,2,4,2,1,0,4,1,2,4,1,5,4,1,1,4,2,4,2,0,0,0,1,1,4
INTP,NT,INTP,1CrnTJsIgFMK4Jzb0pwwEp,50,0.58652,0.174865691,0.72694,0.217044377,-6.60782,3.463072546,0.5,0.505076272,0.10982,0.114917278,0.20360332,0.25792884,0.207764,0.155747066,0.405328,0.2597071,112.01986,22.35055595,0.302118992,0.366818882,1,1,0,6,5,4,0,2,0,1,1,3,3,4,2,2,1,5,2,1,0,1,1,4
INTP,NT,INTP go brrrrr,50iM7nmH12N2RSgw1Ei1sk,50,0.55748,0.117645653,0.600868,0.22378653,-8.63366,3.944588934,0.66,0.478518121,0.064678,0.065859815,0.2649886,0.271309732,0.18589,0.133499436,0.402966,0.20809579,128.0014,31.81940478,0.188209191,0.33514516,2,5,1,3,5,0,2,4,0,1,2,2,3,2,6,1,0,2,3,0,0,2,2,2
INTP,NT,Pov: 🍁☕INTP☕🍁,5VCK3a0XwevnnqSOBTtv40,50,0.56868,0.113160432,0.65714,0.166298602,-6.48,2.424869229,0.68,0.471212071,0.05412,0.065320194,0.159486788,0.194743373,0.200508,0.137753609,0.432484,0.240582588,120.5295,27.26487952,0.123160122,0.251546656,3,4,1,2,1,1,2,1,5,1,5,3,2,4,5,1,3,4,0,0,0,2,0,0
INTP,NT,INTP,3mPB3TFWCflQvxPfvierBO,46,0.516108696,0.143391651,0.6895,0.184655806,-7.25923913,2.454546396,0.586956522,0.49782134,0.058656522,0.068770487,0.172363003,0.218123879,0.171495652,0.103352572,0.414463043,0.214387611,128.6439348,32.67070931,0.234126131,0.336431898,2,2,1,1,4,0,2,3,2,2,1,3,5,3,4,2,0,3,2,0,1,1,2,0
INTP,NT,INTP,47aFOnbtlVxNZCVyuTf3jv,21,0.545047619,0.130399569,0.711666667,0.173450377,-7.573047619,3.757755547,0.761904762,0.43643578,0.0618,0.051988662,0.0878104,0.166579628,0.173771429,0.144400741,0.46352381,0.227187944,127.5678095,34.61416078,0.129829245,0.288604028,0,0,0,1,2,0,2,0,0,1,4,0,2,2,4,0,0,1,0,0,0,1,0,1
INTP,NT,intp²=?,00mHBhZurD86bZ4jTMLAPY,50,0.450862,0.156809208,0.60457,0.232173317,-8.81096,4.739174551,0.56,0.501426536,0.06359,0.079759271,0.293676486,0.313302417,0.196096,0.152561603,0.378128,0.247363438,129.26712,35.51319332,0.2935928,0.361946384,2,3,2,1,3,4,1,0,3,0,2,4,1,2,6,1,2,7,1,2,1,1,1,0
INTP,NT,INTP Music,0DCRKDP0zPe7moV7hDRHyB,50,0.53868,0.146911391,0.64896,0.21188724,-9.8742,3.582596328,0.76,0.431419111,0.045108,0.015507547,0.1509057,0.198823882,0.195,0.174332882,0.609794,0.271748189,126.3069,27.52907883,0.150026023,0.263082858,0,3,1,0,8,2,1,0,1,1,2,7,2,0,9,0,0,4,4,2,1,1,1,0
INTP,NT,Playlist de un INTP,1LEbRPNguvQnSnBBtpsIro,50,0.58642,0.166199056,0.69134,0.148932886,-6.09976,2.221888924,0.42,0.498569382,0.08042,0.089064288,0.109431874,0.167394691,0.171154,0.105812085,0.461962,0.220151334,119.80224,33.42606491,0.094488641,0.235541108,1,6,1,1,3,1,1,5,2,2,2,1,0,7,2,2,1,5,2,2,0,0,1,2
INTP,NT,Intp&Entp mood,3ldWFzja2vch2Lwu3UEA7P,50,0.53788,0.135553987,0.60896,0.183567811,-7.23606,2.401998992,0.6,0.494871659,0.065336,0.05719171,0.208294404,0.270351864,0.1921,0.161098237,0.398124,0.212078167,120.00622,29.74664157,0.033780947,0.130952716,3,4,2,5,3,3,2,1,2,3,0,2,2,1,2,1,5,2,2,2,0,1,1,1
INTP,NT,Intp playlist,4bzjKRko8lrI9qCRD5OTwn,50,0.55136,0.131892312,0.702416,0.198686153,-8.13582,3.529376037,0.52,0.50467205,0.055814,0.047916271,0.162200992,0.240443352,0.175474,0.129493095,0.4364,0.231331373,126.80548,29.74614506,0.294250992,0.392413741,3,2,2,4,4,3,1,1,1,4,2,5,3,2,2,2,0,3,1,0,0,1,2,2
INTP,NT,intp,5rYExmV6JtHVfVhTxYE9L8,50,0.60914,0.135873142,0.74382,0.191600955,-5.55934,3.058044043,0.7,0.46291005,0.069008,0.063634389,0.18970244,0.240580072,0.208408,0.128433804,0.60802,0.220508178,118.37504,31.94736085,0.019491615,0.118198011,1,10,2,0,4,3,1,2,5,0,3,4,1,1,3,1,1,1,2,2,1,1,0,1
INTP,NT,Intp,22ISXeOKlctYSSK9S5BBcL,26,0.526846154,0.126243793,0.643884615,0.155477414,-7.816153846,2.598311447,0.692307692,0.470678724,0.038865385,0.013682571,0.151361423,0.221888602,0.196707692,0.135596056,0.336596154,0.224707452,120.3610385,27.16213142,0.204106644,0.317367873,0,1,2,2,1,1,2,0,2,2,2,1,1,1,3,0,1,1,1,0,0,1,1,0
INTP,NT,intp core,6IPwmz6ksbTnCtRLJFaPEa,50,0.59334,0.122706654,0.69456,0.17103218,-7.41028,2.634122168,0.58,0.498569382,0.065728,0.060773685,0.181095808,0.210813024,0.169254,0.13136825,0.490832,0.22536922,120.76928,27.47824139,0.234090576,0.354848849,1,0,2,2,3,4,0,1,3,2,3,3,5,4,5,3,0,2,2,1,0,3,0,1
INTP,NT,intp playlist,07RpdcDQGJTH3NYElOkIcx,50,0.61632,0.153806855,0.67034,0.171763198,-6.16378,2.889763498,0.56,0.501426536,0.06843,0.054412064,0.2335308,0.260189365,0.155528,0.095317641,0.449916,0.210111831,116.33532,25.90750857,0.069316665,0.183156491,2,4,1,1,3,2,2,2,4,7,2,1,4,2,3,2,0,1,1,0,1,3,1,1
INTP,NT,infp + intp,5GarTRfSKCZM3LK4bRm2TB,50,0.5781,0.163159775,0.404482,0.167071853,-8.1742,2.891159241,0.74,0.443087498,0.049412,0.037628569,0.586226,0.27742177,0.142674,0.081105585,0.368892,0.166801734,110.5191,24.67572182,0.003745282,0.016297322,1,1,3,4,4,2,4,1,3,2,2,7,4,1,3,0,0,1,2,0,0,3,2,0
INTP,NT,istp/intp/intj,2xSIjfLPXY4q3vRgh5BH43,50,0.63606,0.152936483,0.67048,0.201790176,-7.24032,4.026036124,0.58,0.498569382,0.098234,0.08965019,0.131965106,0.207267641,0.206656,0.141799599,0.490476,0.236486574,121.05788,27.58690376,0.164168529,0.298657875,0,4,0,4,4,2,0,1,0,2,1,2,5,2,3,2,2,4,4,1,0,0,4,3
INTP,NT,pov: you are an INTP,01xsnhH9a9okh8vWQGYQ6e,50,0.58708,0.140526973,0.6272,0.164854419,-6.87282,2.847404975,0.76,0.431419111,0.072462,0.075957859,0.241471668,0.25458979,0.209554,0.159848951,0.462046,0.25133384,121.9542,28.67825351,0.08884165,0.234923719,2,7,2,3,2,0,5,2,3,1,2,4,4,1,2,3,2,0,3,0,0,1,0,1
INTP,NT,intp,6nKcRtzK5h8k9MASdt4IHv,30,0.591033333,0.147228999,0.537563333,0.253540661,-9.6021,5.639189764,0.733333333,0.449776445,0.0762,0.068856047,0.403437043,0.333308244,0.139703333,0.07222944,0.469433333,0.283925861,124.5323333,31.60407568,0.203770975,0.336517971,2,2,1,2,3,0,0,1,3,0,2,3,1,0,1,1,4,0,1,3,0,0,0,0
INTP,NT,CRAZY iNTp,27ZmxdrzNzN7vVnM9jc88f,50,0.42042,0.158098018,0.88516,0.168890299,-4.8036,2.502834467,0.64,0.484873221,0.154882,0.086918972,0.063902452,0.189774503,0.245372,0.178856512,0.292466,0.21766335,127.11626,28.61879771,0.219495722,0.334485457,3,2,2,4,2,1,1,0,5,1,8,2,1,1,5,3,0,3,2,1,2,0,0,1
INTP,NT,INTP weirdo,0vLCzThBgIJ7I9D8bCu8oV,50,0.62662,0.134030744,0.51028,0.160549826,-8.94786,2.674861232,0.8,0.404061018,0.083892,0.079776621,0.399771888,0.31697998,0.197368,0.134603503,0.310712,0.157713159,124.77584,30.04928751,0.007770903,0.022076656,1,8,1,4,4,2,0,1,2,0,7,0,3,1,2,0,2,3,6,0,0,2,0,1
INTP,NT,AVERAGE DEPRESSED INTP PLAYLIST,4AzRqod2pMwNUu89z1FXKf,50,0.64002,0.19131377,0.70328,0.181714178,-6.43798,3.014925128,0.56,0.501426536,0.12497,0.140611895,0.160071202,0.223260864,0.24483,0.197476032,0.589132,0.242423709,129.46476,29.52695011,0.06500664,0.197338527,1,3,0,5,0,0,0,3,3,3,0,6,8,6,1,2,1,1,1,0,1,0,1,4
INTP,NT,INTP,2LQUYSAWov3dLUMZzKCKdm,18,0.562555556,0.188440417,0.648888889,0.193502664,-8.138833333,3.036964995,0.555555556,0.511309993,0.099805556,0.11730848,0.193765467,0.274323416,0.168538889,0.14031725,0.3785,0.191690391,127.5167778,36.98232822,0.154194569,0.306266854,0,1,0,0,0,0,0,0,2,1,2,0,1,3,2,0,1,4,0,0,0,1,0,0
INTP,NT,INTP 9w8,1M4Oq1fjxHmzpkXVaFPgsn,20,0.44585,0.155581177,0.5703,0.174749174,-7.9952,2.368957501,0.8,0.410391341,0.045775,0.03235928,0.166799025,0.220126876,0.1369,0.086966116,0.350425,0.190897277,129.86255,32.92818712,0.044162035,0.125496975,0,3,1,1,2,0,1,0,2,0,0,3,1,0,2,1,0,0,0,1,0,1,0,1
INTP,NT,Dopamina🌌INTP-T🌌🌻,2j5bL45q8qysKjLp7EUTW2,50,0.4618,0.115289697,0.68878,0.200029517,-7.05968,2.451132412,0.52,0.50467205,0.05645,0.057585607,0.101336368,0.215694442,0.1851,0.162789506,0.320944,0.205422972,125.07942,25.78294584,0.032515353,0.125391729,1,2,1,3,1,4,1,1,2,2,3,2,2,4,4,1,1,3,4,1,2,1,1,3
INTP,NT,INTP - The logistician ,52DlZGvT4ZwD8ZlUpaxB0S,25,0.64008,0.16653376,0.75472,0.178934234,-6.1042,3.036635158,0.64,0.489897949,0.07804,0.055588923,0.1611716,0.251667979,0.166584,0.119977997,0.435384,0.240651449,118.30896,21.24867428,0.278580302,0.409621774,0,2,0,4,3,2,1,3,0,1,0,2,4,2,0,1,0,0,0,0,0,0,0,0
INTP,NT,intp,32yRDROqZL4E38t8swKij5,50,0.5136,0.123650759,0.4071,0.135287336,-9.1735,2.740508542,0.88,0.328260723,0.046038,0.029760314,0.5798338,0.285708228,0.172916,0.117751661,0.30059,0.163066002,119.25064,29.8212299,0.04037695,0.177295148,2,6,0,6,2,1,4,0,4,2,4,1,2,0,4,0,4,1,5,0,0,2,0,0
INTP,NT,INTP side,21rLVCiEJEKp1usHqb8cIY,16,0.519625,0.150459685,0.6250625,0.147949302,-6.629375,2.159630427,0.4375,0.512347538,0.0434625,0.016957825,0.174264375,0.220638009,0.1687125,0.175278745,0.3734375,0.126796934,110.8345,28.1056264,0.021304476,0.041396969,1,0,0,0,0,1,0,0,1,1,1,0,0,1,1,0,3,2,1,2,0,0,1,0
INTP,NT,intp playlist <3,7ldnqGg6VUai7rQiMmCXok,45,0.572977778,0.13485337,0.682355556,0.197183366,-6.931711111,3.342297819,0.6,0.495433694,0.086948889,0.093498273,0.218423996,0.280094896,0.18558,0.144706475,0.442717778,0.226573864,124.7379333,35.00597437,0.125046048,0.262272423,1,3,1,2,2,3,1,2,2,3,3,5,3,3,4,0,0,1,1,1,0,1,0,3
INTP,NT,INTP (^._.^)ﾉ,2pFfAZQVu4qwUoESjN65fM,50,0.540942,0.167354923,0.5101,0.263280336,-11.42714,5.167229843,0.58,0.498569382,0.04421,0.027488976,0.4820728,0.350264469,0.138486,0.084762605,0.457458,0.278677712,111.22898,23.36779601,0.571163281,0.350449339,1,4,3,3,3,2,2,1,5,0,1,6,1,5,0,2,3,5,1,1,0,0,0,1
INTP,NT,intp(,4XmZwDUfx1fv7T9lnkotL7,38,0.555368421,0.134492725,0.710210526,0.181762714,-6.729947368,2.09319479,0.473684211,0.506009406,0.067818421,0.073966288,0.181594167,0.2676724,0.216715789,0.163519796,0.383352632,0.215386262,120.2311579,32.96243177,0.255603512,0.341974739,0,1,0,3,2,3,0,1,1,1,0,2,4,2,3,2,1,7,0,0,1,1,1,2
INTP,NT,intp,1d9uLSXGhBWMx5U68dYXK0,50,0.43526,0.16903445,0.6317,0.200411134,-8.75046,3.336698064,0.64,0.484873221,0.047374,0.027308829,0.223243806,0.290855278,0.18595,0.164279579,0.416912,0.254420488,139.03666,28.58612298,0.223009087,0.304515551,2,5,2,1,6,0,2,1,4,2,0,3,1,2,6,2,2,5,2,1,0,0,0,1
INTP,NT,INTP Vibes,6Uq6POOmbERlUF2frVq9yn,50,0.62424,0.153372371,0.64038,0.184429057,-6.77016,2.568470436,0.56,0.501426536,0.079782,0.067808734,0.262514688,0.259964034,0.16666,0.140827825,0.500672,0.23137285,133.07292,28.78334244,0.053510606,0.139812833,1,4,0,2,1,1,1,6,4,4,1,3,3,3,3,1,3,2,2,0,0,1,2,2
INTP,NT,intp,2uydI6dIZRpDGgUkTQuGN5,15,0.514733333,0.110932712,0.691666667,0.117845339,-6.354933333,1.938090241,0.4,0.507092553,0.051986667,0.031653794,0.085520533,0.117611459,0.212133333,0.183747901,0.397,0.234921872,124.2755333,28.40613838,0.127592643,0.298845081,0,0,1,0,1,2,0,1,1,1,0,0,0,1,1,0,2,1,1,0,2,0,0,0
INTP,NT,for the intp,0lGr7PfUUbM3qAhJ0pztvm,50,0.5095,0.130548959,0.52518,0.175357558,-8.16534,2.334923165,0.86,0.350509833,0.040438,0.019159704,0.41954,0.329393307,0.165472,0.1233035,0.365108,0.205515802,112.9861,25.53366747,0.132006826,0.230308203,0,5,2,3,6,0,3,0,2,1,1,4,2,1,9,2,4,0,2,0,1,2,0,0
INTP,NT,Iɴᴛᴘ,0t14l1dHVPs9eWAM9X3mww,50,0.52532,0.184531225,0.405128,0.167664639,-10.96768,3.867298463,0.82,0.388087934,0.03615,0.016533667,0.5591994,0.307606716,0.153784,0.095019288,0.348156,0.228627901,123.20762,36.07804701,0.363372807,0.32615543,1,5,2,1,5,1,4,0,4,1,4,4,4,2,4,0,1,0,2,0,0,3,1,1
INTP,NT,Intpoder,7l0QcZ3XhLp8LnZG4cK21t,25,0.62932,0.117535711,0.57528,0.113157899,-8.68704,1.850832999,0.72,0.458257569,0.093848,0.061580856,0.366824,0.186701654,0.160628,0.105442403,0.75976,0.162514687,128.94948,37.99531985,0.000116282,0.000340334,1,3,0,0,2,0,0,1,4,0,1,0,1,0,4,0,2,2,0,1,0,1,2,0
INTP,NT,Intp 🎧,32VMVyaX1z2ItI5HNOezCo,24,0.555916667,0.172277308,0.706208333,0.187675942,-7.406083333,3.933953161,0.708333333,0.464305621,0.0883125,0.088975382,0.116421767,0.211897645,0.178225,0.138102848,0.466141667,0.216739744,119.9177083,35.54860078,0.246931531,0.335886281,1,1,0,2,1,0,0,1,3,1,1,3,2,2,2,1,0,0,1,1,0,1,0,0
INTP,NT,intp,0L2j9eX3e5WvCnjOSOCJXR,37,0.520189189,0.134913931,0.633567568,0.190857501,-7.714621622,3.746682958,0.567567568,0.502247202,0.060691892,0.049983133,0.191705108,0.244109785,0.139797297,0.105417963,0.373891892,0.242838495,119.3068919,28.59319735,0.137893765,0.26860214,0,2,3,1,2,1,3,1,4,3,1,1,1,2,3,2,1,2,0,0,0,2,0,2
INTP,NT,INTP BI & LEO ♌︎,3h7ECcB6HaJ4A23R0GaCRT,50,0.66898,0.141611785,0.602176,0.209186602,-6.98344,3.105806676,0.5,0.505076272,0.120762,0.101187252,0.35231042,0.335503976,0.188042,0.16135976,0.484396,0.202904612,122.47128,36.06590829,0.003126567,0.01166161,2,5,1,4,1,6,1,5,1,2,0,4,4,0,1,2,0,1,3,0,1,1,1,4
INTP,NT,✨INTP✨,7tIRXeVxMde8kxmZRRmhYk,49,0.576428571,0.139245886,0.701612245,0.173636092,-7.161734694,3.093506827,0.673469388,0.473803541,0.067802041,0.059005792,0.187106927,0.234258544,0.175018367,0.135996285,0.427387755,0.234244183,120.8372041,31.01589344,0.190188131,0.309664022,0,4,1,1,1,1,1,2,2,2,6,3,3,4,5,1,1,0,4,0,0,2,3,2
INTP,NT,intp’s mind going BOOM,1py9VerSMee3KHpOJhYziQ,50,0.56032,0.158609705,0.545848,0.216364687,-8.87484,3.893778829,0.64,0.484873221,0.0745,0.093208767,0.310837338,0.310009894,0.1694,0.106372722,0.41185,0.257425117,115.82672,30.17040953,0.119307745,0.249441314,0,5,2,2,3,1,1,1,3,2,4,3,2,4,4,0,3,2,1,2,0,1,2,2
INTP,NT,Intp vibes,2oJVttCrDnFoIVeUXDqQEA,47,0.57087234,0.145420024,0.640865957,0.183424291,-7.525829787,3.524402159,0.574468085,0.499768679,0.071704255,0.076908311,0.264987711,0.302624565,0.217757447,0.159748442,0.462378723,0.217825173,125.7829574,31.47145611,0.133308465,0.280234282,1,1,1,4,1,2,0,3,3,3,4,0,2,4,7,1,3,0,0,1,1,2,2,1
INTP,NT,INTP list,3pSkTFL7RGadEPmARnQtpv,50,0.6787,0.123086041,0.7894,0.10484235,-5.1054,2.429854165,0.56,0.501426536,0.117222,0.097984652,0.054381108,0.076157302,0.163672,0.161314907,0.550224,0.221411526,120.78488,25.8555285,0.07399377,0.231923248,2,0,1,7,2,0,2,4,0,3,0,5,5,1,5,4,0,3,1,3,0,1,0,1
INTP,NT,Intpesado,0Ba4XaaSdcpqsjMvll2dOr,50,0.6537,0.105952097,0.59748,0.139306334,-6.8527,2.269229396,0.84,0.37032804,0.061266,0.060237745,0.32358,0.180936358,0.168026,0.138117255,0.68522,0.188278483,133.34794,27.78614236,2.23E-05,7.66E-05,0,7,0,1,9,2,0,0,3,1,1,3,3,1,4,0,4,2,5,0,0,2,1,1
INTP,NT,intp,5Wrx2z1tpc3D6fiEjVu424,50,0.54848,0.136199769,0.61444,0.196897068,-7.06138,3.068639723,0.6,0.494871659,0.101356,0.119033055,0.2553016,0.289583589,0.187806,0.114838242,0.418448,0.204750677,127.99886,34.18415746,0.019412289,0.066953413,0,7,6,0,3,2,3,1,5,4,3,1,1,1,2,1,1,3,3,0,1,1,1,0
INTP,NT,intp?!,5CWZYyvcOmAVdc09GZFy8j,50,0.56324,0.147249138,0.65578,0.165304579,-6.71308,2.833771417,0.54,0.503457434,0.074082,0.079901965,0.168290948,0.199345001,0.153658,0.096392834,0.446158,0.234623657,126.14708,29.92993915,0.085716449,0.205554659,1,8,1,0,1,6,6,3,2,2,1,1,5,2,2,0,0,4,0,0,0,1,1,3
INTP,NT,INTP,3hFfO2L9u9NRORDZSiIRyt,19,0.539631579,0.148240124,0.676368421,0.199330047,-8.207894737,3.907966108,0.789473684,0.418853908,0.054168421,0.050644908,0.250559389,0.318477133,0.194952632,0.151593658,0.441431579,0.242784964,120.7105789,34.94762793,0.25360835,0.363737587,0,0,0,2,1,0,0,0,2,1,3,2,1,2,3,0,0,0,0,0,0,1,1,0
INTP,NT,INTP,1mN8Io042jecPwuy6biTfw,38,0.617315789,0.162502575,0.643342105,0.201968325,-6.809552632,2.967648898,0.5,0.50671171,0.117726316,0.131061679,0.207172079,0.239513225,0.175463158,0.141625373,0.519621053,0.249578537,116.2074474,31.47807807,0.029136497,0.092104557,0,4,3,1,2,2,1,2,0,1,0,4,2,2,3,3,1,3,1,1,0,0,0,2
INTP,NT,INTP,65ZJyuijfcEufuh4Iyceva,46,0.627434783,0.121795576,0.724021739,0.12209113,-5.606543478,1.740901053,0.5,0.50552503,0.069634783,0.052351858,0.12685572,0.175776411,0.186941304,0.133236559,0.506606522,0.201066727,133.426087,27.02712394,0.022389188,0.10478143,2,8,2,2,1,6,1,1,2,1,1,3,1,5,1,2,2,1,0,1,1,1,0,1
INTP,NT,intp 9w1,37JNuHlTrRrZPSUxcUnLbv,33,0.411,0.143491071,0.559187879,0.218444936,-8.000030303,3.390627057,0.727272727,0.452267017,0.039578788,0.020912612,0.270143576,0.342391612,0.147812121,0.085218212,0.359469697,0.221812278,110.4926061,31.2666117,0.123614422,0.282405842,2,2,0,0,5,2,3,2,3,0,1,1,3,0,2,1,0,0,2,0,0,2,1,1
INTP,NT,A playlist of a cringe INTP guy,3pKv8DEeCc8zqyN9ZMjKVY,50,0.53896,0.156232684,0.529322,0.223325434,-10.36212,4.077958381,0.4,0.494871659,0.05888,0.0540249,0.333630024,0.28013119,0.177488,0.129020582,0.393558,0.236144894,121.5798,32.18123104,0.370978209,0.416472212,1,4,3,0,2,7,3,1,2,1,1,4,1,4,2,1,0,4,0,6,1,1,1,0
INTP,NT,INTPvibes,443F3Yi6RUoPSwPXfWBltU,20,0.5406,0.114341778,0.58815,0.13951543,-6.62955,1.948814848,0.55,0.510417786,0.047865,0.054619355,0.2799185,0.248270991,0.163545,0.110355247,0.32575,0.171504757,119.1113,29.83457841,0.009719359,0.03619491,1,2,2,1,0,1,2,1,0,0,0,1,1,1,0,0,4,0,0,0,0,0,1,2
INTP,NT,INTPs rock,1tifFJjebQ9mPCxVa9hIOV,16,0.6620625,0.159761684,0.82525,0.116000287,-4.6655625,2.222575322,0.4375,0.512347538,0.118225,0.109113247,0.106600437,0.176066052,0.1791875,0.127642568,0.6898125,0.22533182,127.016125,32.3973808,0.021171788,0.084487651,1,0,0,1,1,0,2,1,0,0,0,0,2,3,0,1,1,1,0,1,0,0,0,1
INTP,NT,intp,1iOerOKxBHVnHiMgrG0dZu,50,0.6793,0.122322967,0.75922,0.128002438,-3.50686,1.577598744,0.54,0.503457434,0.0855,0.059860058,0.1918404,0.173730785,0.173026,0.157051547,0.57594,0.176745454,124.25914,28.87066086,1.11E-05,7.38E-05,2,5,2,4,4,0,1,7,3,2,6,1,1,1,1,4,1,2,0,2,1,0,0,0
INTP,NT,INTP x ENTJ.,6Ef5Yp7qakhmM99Z7GgRtS,40,0.59965,0.116610364,0.5625,0.189187737,-8.18815,3.663027692,0.525,0.505736325,0.067235,0.065546361,0.32060475,0.311051066,0.1730875,0.116302301,0.3839375,0.219526419,119.64745,27.19721297,0.058339572,0.193852168,2,2,1,3,2,4,2,3,1,3,0,2,1,3,1,0,6,2,1,0,0,0,0,1
INTP,NT,✨Intp healing✨,6rJuTp5DlDHJwZwpetB2Y4,50,0.7446,0.126075293,0.66428,0.125739452,-5.89946,1.656339118,0.58,0.498569382,0.13387,0.111577222,0.1508796,0.18935892,0.157304,0.131836448,0.551184,0.20709953,120.78486,21.11626745,0.009061256,0.058503351,1,3,2,4,1,1,1,1,1,2,3,3,6,2,4,3,2,1,1,2,0,0,2,4
INTP,NT,KAKASHI HATAKE,3FGoEXl1vh4fO3l42uT2Cd,50,0.634,0.125129321,0.68582,0.175432025,-5.81346,2.114546028,0.62,0.490314351,0.10764,0.09434926,0.1559586,0.206386895,0.232908,0.185877004,0.455936,0.230906916,120.26622,29.70493948,0.051920202,0.126811601,1,6,3,4,6,0,0,4,1,1,2,2,1,3,2,1,3,3,4,1,0,0,2,0
INTP,NT,INTP,63bQe1jFA0ny9r0lzyHcT3,13,0.526615385,0.141879373,0.794538462,0.153345262,-6.943692308,2.97043177,0.692307692,0.480384461,0.072207692,0.058872015,0.1246468,0.201700562,0.192423077,0.164146983,0.398061538,0.198179,118.7119231,30.76976709,0.24487418,0.353564024,0,0,0,1,0,0,0,0,0,2,3,0,1,1,2,1,0,0,0,0,0,2,0,0
INTP,NT,INTP,1SvNl24dIM0KCZJW0Hq2yV,31,0.557645161,0.160894903,0.595935484,0.212567156,-7.192935484,3.42351041,0.774193548,0.425023719,0.047290323,0.041215825,0.2167584,0.293412425,0.128325806,0.083684873,0.445825806,0.230213743,123.135,31.00450442,0.086529244,0.21804677,0,5,0,1,3,1,1,2,3,0,3,2,0,1,4,1,0,0,0,1,1,2,0,0
INTP,NT,INTP,6sTYvyeEySWaET5iRtB5nI,50,0.6429,0.160436426,0.65816,0.158236888,-7.20066,3.036145815,0.58,0.498569382,0.124258,0.111303269,0.268382568,0.276416667,0.190984,0.14248842,0.497376,0.213364349,118.73708,28.52408711,0.108904553,0.258202958,2,5,1,3,1,2,0,3,2,2,3,4,3,3,5,1,2,0,0,1,1,1,1,4
INTP,NT,INTP,0TFpTwHe2m5fxaOvsoozSi,39,0.60674359,0.145001038,0.664384615,0.174167889,-7.044487179,2.923074705,0.58974359,0.498310235,0.082607692,0.072089602,0.254189497,0.285647021,0.159117949,0.115087518,0.478005128,0.244561715,119.1610513,29.48831338,0.140628236,0.280466433,2,2,1,0,2,1,2,2,1,1,4,0,3,3,4,1,2,1,0,0,0,3,1,3
INTP,NT,INTP ig?,0HrmukVGhOKZc47t4JS3lu,50,0.60868,0.133178481,0.55394,0.17739802,-7.37148,2.426220536,0.58,0.498569382,0.08927,0.097717221,0.3013532,0.25028172,0.16521,0.108152602,0.4347,0.187501864,125.0505,29.6145446,0.010039767,0.037042999,3,4,1,1,3,4,4,0,3,1,2,4,2,4,1,4,2,2,2,0,1,1,0,1
INTP,NT,INTP,1sPzfyHnK4NWM3coKXQ4Mz,20,0.61545,0.176875358,0.62675,0.138342396,-7.00155,2.090620217,0.8,0.410391341,0.051475,0.029145964,0.29090692,0.209425117,0.17397,0.11282657,0.51185,0.213180989,133.38085,28.49937435,0.038693,0.142709561,0,2,0,1,0,0,0,0,1,1,2,3,3,0,1,1,0,0,2,0,0,1,1,1
INTP,NT,INTP,0ANQPsKTFSbpls3SEYtpqJ,50,0.59758,0.146605272,0.55708,0.15504928,-7.22594,2.473765538,0.58,0.498569382,0.056024,0.047792603,0.3506685,0.28091399,0.147032,0.104122934,0.408228,0.202674621,118.02356,33.15222551,0.037024975,0.161582253,2,3,1,3,2,4,0,0,1,2,2,3,4,1,0,4,4,2,4,0,0,3,4,1
INTP,NT,intp,6KB9mVzLbjSV7vwlV6j44N,47,0.601574468,0.147203755,0.704829787,0.186434779,-7.102446809,3.139239196,0.659574468,0.478975162,0.117380851,0.122380783,0.163170723,0.216098216,0.195093617,0.141853029,0.500002128,0.232314658,124.4866809,32.600456,0.17609426,0.322506246,0,2,1,4,3,0,1,1,0,2,6,5,1,4,5,2,1,2,1,2,0,2,0,2
INTP,NT,💕INTP x INFP 💕,7LYcZBKBfQX3mzhXte42ao,50,0.59804,0.163345004,0.56466,0.192126299,-8.91734,3.155914419,0.72,0.453557368,0.05595,0.041551435,0.367165945,0.303967672,0.157832,0.102548773,0.4921,0.207523124,118.26864,27.89815831,0.184565355,0.27896665,1,6,1,3,2,0,1,5,3,1,5,5,3,1,6,1,0,2,0,1,0,2,0,1
INTP,NT,💕INTP x INFP 💕,7LYcZBKBfQX3mzhXte42ao,50,0.59804,0.163345004,0.56466,0.192126299,-8.91734,3.155914419,0.72,0.453557368,0.05595,0.041551435,0.367165945,0.303967672,0.157832,0.102548773,0.4921,0.207523124,118.26864,27.89815831,0.184565355,0.27896665,1,6,1,3,2,0,1,5,3,1,5,5,3,1,6,1,0,2,0,1,0,2,0,1
INTP,NT,intplere terapi,0SaFE0Bspoip6LUGEIJ8Fn,50,0.53562,0.145336189,0.5679,0.214702856,-8.65408,3.679979463,0.62,0.490314351,0.054958,0.044723185,0.304196788,0.348616103,0.195556,0.122640836,0.43804,0.190749003,125.50756,30.89473436,0.141292605,0.270811518,0,5,2,1,2,5,3,1,5,1,1,4,3,3,3,2,2,3,0,1,1,2,0,0
INTP,NT,Intp,368g8tTWyozyKkPepWdfbT,31,0.638290323,0.17188624,0.678483871,0.168193117,-7.117096774,2.789947997,0.741935484,0.444802723,0.091,0.082529881,0.172668981,0.191252439,0.144890323,0.121098834,0.509774194,0.237497047,115.7102581,30.95868021,0.106031549,0.249070325,0,3,0,0,4,0,0,0,2,3,3,4,2,1,3,2,1,0,0,0,1,1,1,0
INTP,NT,INTP,0IZDidAmkEvvmEhLcnO6Y2,27,0.537333333,0.145404211,0.69337037,0.146085894,-7.061666667,2.669369617,0.592592593,0.500711744,0.054762963,0.042737051,0.1109842,0.183588231,0.202692593,0.154097521,0.420718519,0.251400693,120.5417778,34.82590249,0.183504417,0.307339921,0,2,1,1,1,2,1,0,1,2,2,0,3,2,3,1,0,1,1,0,0,1,1,1
INTP,NT,INTP Playlist,10j8tsSRmoBdmdhJuHzHIK,50,0.480062,0.203272473,0.5666636,0.260628092,-10.6608,6.477480459,0.64,0.484873221,0.056366,0.046993632,0.312131207,0.348801491,0.20235,0.180271618,0.323016,0.227250354,120.9998,38.27571193,0.458188991,0.403340894,3,3,2,2,6,0,3,1,3,3,1,5,4,2,2,2,1,3,0,1,0,2,0,1
INTP,NT,Intp bitches,3oOzFTmC1yZJjFTGwKcVP5,50,0.61254,0.174649528,0.63816,0.168481981,-7.45806,2.749984463,0.58,0.498569382,0.089834,0.092275958,0.213006568,0.25815866,0.217116,0.146654789,0.470194,0.205227868,122.0017,31.79981224,0.147012151,0.286304,0,3,1,3,1,2,2,5,0,1,4,5,3,4,5,1,1,2,1,0,1,1,1,3
INTP,NT,Intp moment,7bswQWb3zMofz2YQDCuMkv,22,0.541454545,0.141846909,0.627227273,0.186377224,-8.580227273,2.842901635,0.681818182,0.476731295,0.068277273,0.070529986,0.255819564,0.333217493,0.129640909,0.099813033,0.434545455,0.269439582,122.4245909,26.58770013,0.223907841,0.354759013,0,1,0,0,2,1,2,1,0,0,6,0,1,3,2,0,0,0,0,0,0,1,0,2
INTP,NT,intp ,6kZ2dbcoytJ0QPVR0k6CRS,50,0.57674,0.121760355,0.59674,0.161965203,-7.69504,2.69776702,0.46,0.503457434,0.054272,0.049886447,0.2546288,0.281539345,0.191704,0.144988173,0.379604,0.227401082,118.07302,30.64457861,0.138957335,0.238525377,1,1,1,2,0,2,1,3,3,1,1,1,3,5,5,4,4,3,2,0,0,0,5,2
INTP,NT,INTP,6eQN3c8eMK1HvE6KoF6JEj,50,0.58428,0.168376405,0.64076,0.199297087,-7.66236,3.428886645,0.48,0.50467205,0.068424,0.057020539,0.211650508,0.267616189,0.171952,0.142539589,0.467884,0.251039235,123.01998,29.67213732,0.138017679,0.268336714,2,2,0,1,3,0,2,3,1,4,3,2,3,6,4,3,0,3,1,0,0,2,0,5
INTP,NT,INTP,6aISf9iD9cNdYVtqOxvI9d,25,0.52056,0.125827951,0.67776,0.186703481,-7.59092,2.693828223,0.68,0.476095229,0.047896,0.024192483,0.152004341,0.189835523,0.19656,0.127162711,0.52096,0.202455855,121.35976,33.00030392,0.154862052,0.2993627,1,1,1,1,0,1,3,2,1,1,3,2,1,1,3,0,0,1,1,0,0,1,0,0
INTP,NT,MBTI: The Logician (INTP),25TzridCoh9cAVHcCTs4Rx,50,0.66888,0.129235845,0.293306,0.106751415,-13.80994,2.679143043,0.66,0.478518121,0.121914,0.117097733,0.736038,0.232769878,0.148204,0.129715101,0.344088,0.212038523,114.98492,39.85484736,0.7517756,0.259083557,2,6,3,7,1,1,4,5,1,0,2,1,2,1,2,1,2,0,3,1,0,2,1,2
INTP,NT,Intp,0I0JcxwIipqnhfA9kj6JLW,48,0.612770833,0.12854691,0.655041667,0.168253097,-7.10175,2.497679583,0.395833333,0.494203995,0.073833333,0.059245017,0.200638133,0.217086189,0.18981875,0.165992694,0.455979167,0.193413622,122.34175,27.36116082,0.101241104,0.254627076,1,3,3,3,1,2,0,2,0,7,4,0,2,5,4,2,1,2,0,2,0,1,1,2
INTP,NT,INTP,4AuYp87JeuzyWKIBYh1tpb,38,0.535289474,0.127453417,0.657973684,0.194959245,-7.223921053,2.952414078,0.526315789,0.506009406,0.071426316,0.07163763,0.247110221,0.249622877,0.166068421,0.108824804,0.403260526,0.182552253,121.1568684,31.71547634,0.106778661,0.257164417,2,2,2,2,0,3,2,1,3,0,2,2,2,4,2,0,0,2,1,0,0,2,3,1
INTP,NT,intp/infp playlist,2bYbaU6rOdXoQT7wJ2w58i,50,0.53222,0.153354503,0.574194,0.234002896,-8.03736,4.255067048,0.78,0.418451958,0.063586,0.06546739,0.31392942,0.332679342,0.18634,0.120436795,0.431754,0.203157728,130.8427,33.45353457,0.121385571,0.271530804,2,7,1,3,1,3,3,1,2,0,2,3,4,3,6,1,5,0,2,0,0,1,0,0
INTP,NT,INTP,0TsiogRaXgewV6Ch0PrSj5,36,0.550916667,0.160058449,0.714805556,0.158650887,-7.115472222,2.932643395,0.638888889,0.487136108,0.052513889,0.029498079,0.126596192,0.159437025,0.176908333,0.11924534,0.515111111,0.217171266,129.6170833,33.28300802,0.150690827,0.29980369,2,3,1,0,0,1,1,1,1,2,2,3,3,2,7,0,0,1,1,2,0,2,0,1
INTP,NT,Intp🌃💕💕,7CgYSTdZDfr48A8faeZGH2,43,0.663930233,0.137997653,0.663325581,0.186682022,-7.681116279,3.514935285,0.511627907,0.505780539,0.075946512,0.085641922,0.172846251,0.239188114,0.191795349,0.155453254,0.65927907,0.198885146,119.4229767,27.04396907,0.1915912,0.343586815,4,2,2,2,4,3,1,1,1,2,3,4,1,6,1,2,1,0,0,0,0,2,0,1
INTP,NT,Intp,0MsHo8mn3zDfj78HzXUfAH,19,0.532789474,0.099213899,0.775894737,0.13803377,-6.077105263,2.521246294,0.684210526,0.477566933,0.059005263,0.056818077,0.124414626,0.171296514,0.201921053,0.181206578,0.460421053,0.199852811,118.5098947,31.33349774,0.191080755,0.324891261,1,3,1,2,2,2,0,0,0,0,1,0,1,1,1,0,1,0,1,0,0,1,0,1
INTP,NT,INTP,2jDenKLrGMRzlUY2aOsEme,50,0.64978,0.1485172,0.76876,0.119009785,-5.33414,1.632776926,0.56,0.501426536,0.20163,0.125761368,0.0662817,0.077144996,0.223382,0.19215621,0.513344,0.21798953,123.67626,36.85824195,0.002881815,0.016823835,1,1,1,12,2,4,0,3,0,3,0,3,7,3,2,2,0,5,1,0,0,0,0,0
INTP,NT,Intp ,2GzSMPiDAJFNuCNFFgAUVS,31,0.655032258,0.118442809,0.52783871,0.149867963,-8.082774194,2.501202587,0.677419355,0.475190963,0.066767742,0.053962181,0.430151613,0.223149258,0.170725806,0.132744285,0.390967742,0.182976043,115.0253871,27.71282349,0.003696315,0.015677357,1,4,1,2,2,1,1,0,2,3,1,2,3,1,2,0,1,0,0,0,1,1,1,1
INTP,NT,the intp daydream,1ytBVs1IZ3N7QVbuz4zng8,50,0.479756,0.163494434,0.67814,0.138067421,-7.44072,2.748618139,0.48,0.50467205,0.065732,0.054844784,0.1118728,0.14551426,0.149788,0.075300778,0.258532,0.199275687,117.18014,30.35805186,0.372309731,0.38084031,0,3,2,3,6,3,0,3,1,1,1,2,4,3,2,2,2,2,0,4,1,0,5,0
INTP,NT,intp's recharge session,4qqZxsbc13d7tnIkGoY1hT,50,0.66428,0.128743066,0.57332,0.146519824,-6.9216,1.830375851,0.68,0.471212071,0.089424,0.100016761,0.28959908,0.271487947,0.177758,0.112524996,0.53776,0.203167123,116.11278,29.04805586,0.001357523,0.008947242,3,2,2,4,3,0,1,3,3,3,2,5,3,0,7,3,0,2,2,0,0,2,0,0
INTP,NT,INTP Type Beat,0h06fcBEIbo4IXohtBMUtW,19,0.569526316,0.121669118,0.798263158,0.17871574,-8.440473684,4.079439536,0.631578947,0.495594628,0.110573684,0.099947585,0.1817368,0.267861978,0.163494737,0.094852081,0.423657895,0.208670334,146.4834211,27.58362557,0.629041984,0.378973585,1,2,0,3,1,1,0,1,0,0,1,2,1,0,1,1,1,1,0,0,1,0,0,1
INTP,NT,INTP vibes 🛸,5El5LQsAmiP9NoxSNU7eop,50,0.55504,0.117248029,0.59336,0.201654054,-7.62532,3.114688155,0.68,0.471212071,0.071962,0.077986411,0.21307452,0.248084687,0.170828,0.114029515,0.42885,0.21258179,124.76332,28.21695741,0.076498146,0.20438152,0,8,1,2,2,4,5,2,3,1,2,6,2,3,1,1,1,1,0,0,0,2,1,2
INTP,NT,INTP,1IZCnYcmOrCZ7YWmFL6LLb,46,0.584434783,0.126170018,0.728347826,0.14148156,-6.70226087,2.902056592,0.52173913,0.505046992,0.053743478,0.054796073,0.1823356,0.245026794,0.179615217,0.129123737,0.488008696,0.239796792,128.2412391,28.34098719,0.216515442,0.329871082,1,0,1,2,2,7,0,2,2,2,5,3,2,2,6,1,0,2,1,0,0,1,1,3
INTP,NT,Intp 5w4 548 sp/so Phlegmatic-Melancholy RCOEI - LVFE,7mZgYMLr1ZXWTLUBwfTfcS,40,0.5413,0.171581662,0.615425,0.244986644,-8.3761,3.42070827,0.625,0.490290338,0.09509,0.141846383,0.264840275,0.278604531,0.1602025,0.136168193,0.4461175,0.222520961,124.382375,29.48457785,0.091099418,0.225535526,1,7,1,4,4,2,1,4,1,0,0,2,1,0,1,0,0,1,1,3,0,3,1,2
INTP,NT,Intp,0JDOyj4w5OM27EqDkEXV47,18,0.560944444,0.117113054,0.745277778,0.15876872,-6.600611111,2.27725103,0.611111111,0.501631326,0.058083333,0.058355586,0.103959883,0.158933955,0.171661111,0.140902345,0.512777778,0.225542628,116.505,31.04483331,0.165923617,0.302976079,1,2,0,2,1,3,0,1,0,0,2,0,1,1,1,0,0,0,1,0,0,1,0,1
INTP,NT,INTP aquarius,2UN1A2pW81TQEPgaHA5jOr,50,0.55912,0.131522892,0.56642,0.220101747,-8.02678,4.257494158,0.8,0.404061018,0.089656,0.109772615,0.405206432,0.330364276,0.16434,0.110330537,0.4551,0.20551749,129.61782,34.09422651,0.019598658,0.091832118,0,7,0,3,10,1,0,1,3,1,2,4,3,1,1,2,4,1,1,0,0,2,1,2
INTP,NT,intp,00Rzs6VCSt6FvPXua08mmJ,50,0.55484,0.129225852,0.652086,0.219244813,-8.79322,4.215299802,0.6,0.494871659,0.076032,0.070020436,0.307643028,0.325868918,0.18729,0.161219236,0.424474,0.258475081,125.35784,27.61304523,0.402727288,0.391254515,1,2,1,5,3,3,0,1,2,1,2,4,2,3,4,3,1,3,3,0,0,2,2,2
INTP,NT,Ranpo - INTP,0HHIk7MG12oagQZV3vOj7b,41,0.66895122,0.135377611,0.607634146,0.182027025,-7.333536585,3.142261193,0.585365854,0.498778997,0.108585366,0.094152243,0.241438707,0.269700391,0.213829268,0.154262373,0.576902439,0.202392911,124.5339512,33.51276827,0.048539965,0.159541521,0,3,2,3,2,1,1,5,3,2,3,3,3,3,0,0,1,1,0,1,0,2,2,0
INTP,NT,Intp,0wAIhRDCVGB72ljiJlxWZQ,50,0.5914,0.111480025,0.494448,0.219036702,-9.73114,4.531864332,0.68,0.471212071,0.084654,0.103137883,0.481514484,0.342249974,0.18801,0.134341475,0.38138,0.201447202,117.09976,32.44348068,0.130919438,0.285388714,1,3,0,4,1,0,3,1,5,3,3,2,4,2,2,2,2,2,2,1,2,3,0,2
INTP,NT,Intpop,13ipZv29SUiXDb830B6MJQ,11,0.696090909,0.174087021,0.566272727,0.10012701,-6.675363636,2.512642126,0.636363636,0.504524979,0.079572727,0.076361641,0.370318182,0.270225302,0.164845455,0.105335097,0.550372727,0.298548402,121.1133636,36.2065388,0.062065682,0.204617008,0,1,0,0,1,0,0,0,1,0,1,0,2,1,1,0,0,1,0,0,1,0,1,0
INTP,NT,feels like INTP,3bNmBLSprf2AGDggVmc0PN,50,0.53754,0.132625329,0.60302,0.197224464,-7.3276,2.802497552,0.68,0.471212071,0.067602,0.071172927,0.222332206,0.263973558,0.183736,0.149540523,0.353874,0.196318141,125.69346,30.44247857,0.022471108,0.088863912,1,4,0,0,4,3,3,4,4,1,0,5,3,1,4,2,2,2,3,0,1,2,1,0
INTP,NT,intp,70LBw4FvtbaOxLADCqwEUQ,50,0.66154,0.130930143,0.59962,0.186741215,-7.98494,3.355162196,0.54,0.503457434,0.10028,0.087076169,0.26039666,0.269332046,0.19002,0.140109441,0.459522,0.196979476,115.70432,29.25551808,0.054552539,0.174186075,3,5,4,3,1,3,1,1,1,0,3,4,2,1,3,2,1,4,2,3,0,1,2,0
INTP,NT,intp,70mPmz3kCFCx2z0a3nIbyv,42,0.597,0.121360378,0.507071429,0.137374935,-8.860380952,2.667029525,0.642857143,0.484965605,0.06687619,0.072012004,0.393140762,0.294264414,0.152357143,0.090403648,0.431992857,0.249989413,117.352881,35.39316672,0.101459664,0.241158596,1,4,1,2,2,3,2,2,4,5,1,4,4,1,2,0,0,1,1,1,0,1,0,0
INTP,NT,By INTP,6N9ivD4W5BMbKmfX1CNEnt,40,0.578575,0.125226541,0.7055,0.163977953,-5.8952,2.524996676,0.475,0.505736325,0.09297,0.100899062,0.198907425,0.245673051,0.175985,0.126838885,0.534275,0.191676542,126.21725,32.78954485,0.032743208,0.147836576,0,4,1,3,2,5,3,1,0,2,3,0,1,5,1,0,0,3,1,2,0,1,2,0
INTP,NT,intp,05FmNn25iFYc0CLVzpBHe0,22,0.548727273,0.176133116,0.664181818,0.211884433,-7.855909091,3.698772073,0.590909091,0.50323628,0.08215,0.087383919,0.218855927,0.256485613,0.191254545,0.153200245,0.4779,0.24937039,127.2398182,34.65696781,0.129816227,0.282738797,0,1,0,1,0,0,0,4,0,0,3,2,2,2,2,0,0,1,1,1,0,1,1,0
INTP,NT,typical INTP therapy session ,5MvxBNmxd6K0bDZz6AVkxV,50,0.534,0.156134296,0.64838,0.2180788,-7.23438,3.48563645,0.56,0.501426536,0.063474,0.050687111,0.221741308,0.272399591,0.173472,0.134993554,0.447582,0.248350547,125.82026,30.88359937,0.119933835,0.268519374,4,5,1,0,2,0,3,3,1,0,4,2,4,5,4,1,1,3,0,2,0,2,1,2
INTP,NT,vibes intp 🫶🏼🖤,4vK33d1G877KSOKe5bEkiF,38,0.536552632,0.125030093,0.686263158,0.190008632,-7.4485,2.93171349,0.631578947,0.48885153,0.055923684,0.039002761,0.143075853,0.225134589,0.167139474,0.112929412,0.383760526,0.185323255,126.2962105,33.35508518,0.165582422,0.28002888,1,4,0,1,1,3,2,0,1,4,4,3,2,3,2,1,0,0,1,1,0,3,0,1
INTP,NT,INTP (I Need To Pee),0mIGFxNM7ZDp11sn9mmeaf,49,0.598020408,0.161559005,0.688102041,0.162597822,-6.375265306,2.72053341,0.693877551,0.465657315,0.068161224,0.058658566,0.173762649,0.208365064,0.198346939,0.17803637,0.578959184,0.257192613,128.9423878,32.65249834,0.070106721,0.19549446,0,6,2,3,2,4,2,3,3,1,1,6,1,1,4,0,2,4,4,0,0,0,0,0
INTP,NT,Intp,2dgGRZwJ6vowjZfPcvz90c,25,0.51708,0.144060728,0.76924,0.14943401,-6.8116,2.466122243,0.64,0.489897949,0.088836,0.100375283,0.114528176,0.186759058,0.238356,0.193626524,0.426744,0.213600441,130.32596,28.6049826,0.328610494,0.359287396,1,0,0,0,1,0,0,1,1,2,3,2,2,4,4,0,0,0,2,0,0,1,0,1
INTP,NT,intp vibes ,0YHt0jxYd3IWzbFXkNNO1w,10,0.5795,0.1358776,0.6682,0.200626131,-6.9497,2.514121673,0.7,0.483045892,0.06694,0.078176868,0.180753,0.203591,0.16268,0.132540634,0.5212,0.233443688,129.436,36.26824692,0.29563007,0.415847799,0,1,0,2,0,0,0,0,0,2,0,0,3,1,0,0,0,0,0,0,0,1,0,0
INTP,NT,INTP mbti playlist,0OChJmRmeEl5F0CKAOqz6w,39,0.626076923,0.155745978,0.649076923,0.179777404,-7.001974359,3.988618719,0.564102564,0.502356122,0.102907692,0.100470201,0.267228,0.291657166,0.162961538,0.119395959,0.461097436,0.268864321,119.3475897,25.14795794,0.112280401,0.279162918,4,3,0,1,0,0,2,2,1,1,3,1,2,3,2,1,4,2,1,0,0,2,1,3
INTP,NT,intp kpop songs,3URb6dFqioiHBDc311MnfJ,46,0.692130435,0.097696266,0.80626087,0.109595506,-3.660086957,1.585183744,0.456521739,0.503610155,0.116143478,0.076932509,0.114153261,0.128050223,0.190836957,0.12920091,0.570978261,0.211649342,126.9975652,26.02184052,0.000112126,0.000335439,3,4,0,3,2,4,0,7,0,1,1,4,3,1,1,2,1,1,2,1,1,0,3,1
INTP,NT,# intp,445BiHm2uHistYdrgenix1,50,0.57526,0.144763397,0.61746,0.19689469,-8.46358,3.160167563,0.8,0.404061018,0.041742,0.020618647,0.273679691,0.304401663,0.164904,0.107762483,0.532616,0.211764447,128.34562,29.68125373,0.257416171,0.353162389,1,5,2,2,7,0,6,1,4,2,3,3,0,3,6,0,0,1,3,0,0,1,0,0
INTP,NT,INTP vibes,5ZIn5l8GLb422eKr87kCoJ,50,0.6219,0.172587777,0.60064,0.201845441,-7.31386,2.860533931,0.62,0.490314351,0.098228,0.10588849,0.22977026,0.257879032,0.190788,0.150536371,0.47884,0.248199843,118.99306,25.24880992,0.100286238,0.203416665,0,4,0,2,2,0,3,3,1,2,2,3,6,3,3,1,3,5,0,0,0,2,1,4
INTP,NT,int+,2uAhmly083mKiaE6knPRqx,50,0.70716,0.121432834,0.66362,0.121646844,-5.89888,1.898960937,0.52,0.50467205,0.097742,0.085756476,0.2098532,0.184847722,0.17961,0.129670303,0.566968,0.200658737,120.02702,25.59400563,0.000270084,0.001512759,1,3,3,5,2,2,1,1,2,4,2,2,4,2,3,4,0,4,1,1,0,1,2,0
INTP,NT,INTP,5h460GFdFybcrBKFNbL3gG,39,0.617564103,0.144645446,0.61025641,0.210151664,-8.752410256,5.699060355,0.512820513,0.506369684,0.125771795,0.115538604,0.332511795,0.273637261,0.237305128,0.188968372,0.528128205,0.21183946,119.0901795,27.54498568,0.076540263,0.24275891,2,4,0,2,3,2,1,4,0,1,2,3,3,5,1,1,0,1,0,2,0,1,1,0
INTP,NT,Intp/entp rock,5hTeZB5S6QPjAphadZCNWx,50,0.50244,0.12927982,0.62944,0.171899254,-9.24962,3.216465768,0.64,0.484873221,0.066712,0.071349944,0.17932863,0.231923491,0.200466,0.155625411,0.452472,0.232140454,126.3996,28.59111579,0.054809206,0.171546628,0,5,1,3,7,4,4,1,2,4,2,3,1,2,3,1,1,2,1,1,1,0,1,0
INTP,NT,02-IntPop,1ZQexOh8aFhjaycaqDSUxQ,50,0.61904,0.108548298,0.74276,0.104671607,-5.29172,1.338612502,0.32,0.471212071,0.087758,0.082484888,0.1083732,0.143631876,0.19019,0.14186159,0.514338,0.21965127,120.93452,27.8779961,0.003893212,0.015428907,1,2,2,2,3,4,0,4,0,1,1,1,1,0,3,4,0,8,2,3,2,1,2,3
INTP,NT,INTP Playlist :),3i7j3eiunLhJmo3ne1gKm1,22,0.616590909,0.15535295,0.625318182,0.108551671,-6.239818182,1.817400279,0.545454545,0.509647191,0.0644,0.048525124,0.300588636,0.226886473,0.1511,0.085228421,0.416572727,0.247959822,119.6033636,34.19989754,0.013390848,0.060259513,1,0,0,4,1,1,2,1,0,0,0,0,3,0,1,1,0,2,0,1,1,1,1,1
INTP,NT,INTP Deeps,6NnYyKVCgFBpUfTDx4I9lZ,50,0.60698,0.145021953,0.5968,0.221096894,-7.16436,3.188971812,0.68,0.471212071,0.08361,0.078160947,0.356108528,0.331283668,0.192366,0.115377355,0.496626,0.21995368,132.98796,29.63251852,0.034497257,0.147896939,1,6,3,2,2,2,8,2,2,1,1,3,3,2,2,0,0,4,2,0,0,3,1,0
INTP,NT,2 intps brain ,7FkjKwV9vY8Bi7dxKduTkF,50,0.5283,0.142715394,0.62154,0.202142727,-7.71882,3.720577664,0.56,0.501426536,0.054534,0.044623649,0.260048891,0.31040546,0.188034,0.133981475,0.44085,0.24382247,118.98084,30.56639404,0.152166832,0.290302372,1,6,2,4,2,1,0,4,1,2,5,2,3,4,2,1,1,1,1,1,0,1,3,2
INTP,NT,Int.POP,2T36QkHt80yI0PGqUXrxhc,50,0.59426,0.135949542,0.71596,0.203111004,-5.06412,3.792549014,0.56,0.501426536,0.08595,0.079021103,0.1825797,0.247026791,0.15543,0.100191896,0.49442,0.181236241,132.1975,31.24748235,5.30E-06,1.57E-05,2,1,1,4,4,2,5,4,2,6,0,2,2,1,4,0,0,4,0,0,1,4,0,1
INTP,NT,intp,78vHI2NRcJw62A1ZieDI3G,46,0.581108696,0.174397914,0.67376087,0.196820413,-7.8335,3.628304322,0.652173913,0.481543412,0.066741304,0.056143192,0.150131117,0.221752461,0.148421739,0.116343636,0.499652174,0.253838659,121.1636957,30.43498359,0.14831078,0.304851142,0,1,1,0,3,0,2,1,2,3,6,3,2,4,6,2,3,2,0,1,0,2,0,2
INTP,NT,INTP⚗️,7N1QHHM2LCO8XbrQAYone1,21,0.608333333,0.117490141,0.500842857,0.233881334,-9.489190476,5.34207727,0.714285714,0.46291005,0.088304762,0.086397815,0.369968571,0.345751656,0.193266667,0.150770933,0.361247619,0.192153094,117.711,35.47352377,0.066922325,0.207244238,0,4,0,0,2,2,0,1,0,0,1,1,2,0,3,0,0,1,2,0,0,0,2,0
INTP,NT,An Intp playlist for Intps ✨,1ox0HO7ZkDPmogzS0z8Z4K,50,0.59338,0.131390971,0.69644,0.162199696,-5.90986,2.244046009,0.62,0.490314351,0.074338,0.077413767,0.161256588,0.220470921,0.204028,0.122526017,0.4889,0.216020809,121.71518,30.82930838,0.082242862,0.207665973,0,7,1,2,2,0,3,3,4,4,1,4,2,3,3,2,1,1,1,1,0,1,1,3
INTP,NT,intp?,1npLnOXpyFc7insichXGZm,28,0.528,0.128506233,0.652821429,0.220911253,-8.518178571,4.587026706,0.464285714,0.5078745,0.056217857,0.047363598,0.194477157,0.27147396,0.151771429,0.105690239,0.363782143,0.227668339,124.747,31.85941307,0.226964804,0.322911462,1,0,2,1,1,1,1,0,0,3,3,0,1,2,4,1,0,1,1,0,1,1,1,2
INTP,NT,INTP,2OATV6bmPYw1kMgtih4gzM,10,0.7018,0.091992512,0.871,0.091696359,-2.7419,1.368092139,0.4,0.516397779,0.11291,0.078894127,0.139098,0.208896685,0.14641,0.109414832,0.5229,0.271491948,116.1478,17.95687291,0.000270434,0.000494595,0,0,0,1,2,1,0,0,0,0,0,0,0,1,0,1,1,0,0,0,1,0,1,1
INTP,NT,INTP.,2D6o7mb3GI10fHbRSDkYsS,36,0.561444444,0.157251108,0.721444444,0.205016438,-6.842333333,3.479626655,0.5,0.507092553,0.081733333,0.073157939,0.178083844,0.245807652,0.210794444,0.205404251,0.436494444,0.24925198,128.9966389,28.71757771,0.141234011,0.29338793,1,3,1,2,0,0,0,4,0,2,2,1,1,3,4,1,2,2,2,0,0,1,1,3
INTP,NT,intp mind calm,2CmoMIyLJi5QpkjDgxWDfd,50,0.65002,0.131917335,0.72118,0.134183196,-5.17764,1.33247915,0.62,0.490314351,0.058842,0.04055316,0.12229316,0.166594075,0.1615,0.105980349,0.536558,0.214297411,127.69492,27.32341063,0.008382474,0.056258953,3,4,3,3,7,1,0,0,2,4,4,5,1,1,4,1,0,2,1,0,1,0,3,0
INTP,NT,intp,0aJGhEHyNN13DAvYVx2QCr,50,0.56914,0.161598142,0.562954,0.210908317,-8.1444,3.852579284,0.72,0.453557368,0.06657,0.083734788,0.328732968,0.314357011,0.18065,0.116442101,0.453686,0.189629293,123.58432,33.92329893,0.110710187,0.243563588,2,5,0,2,1,3,1,1,3,1,3,6,4,2,5,1,4,3,1,1,0,1,0,0
INTP,NT,INTP,32T2Q8bmQkEyAVxt9MeOGt,29,0.538689655,0.179728784,0.672275862,0.221351836,-7.389655172,3.164948976,0.793103448,0.41225082,0.072572414,0.059973398,0.257048772,0.338539919,0.149524138,0.106258716,0.422562069,0.220979195,119.3364483,35.54248283,0.204243469,0.338423958,1,2,0,0,2,1,0,1,0,0,3,1,3,1,7,0,3,1,0,0,0,2,0,1
INTP,NT,pov: you’re an intp,7JwcG9LakVjxOKIsQZXKQC,50,0.57234,0.142971042,0.64704,0.169709351,-7.1039,2.662128949,0.56,0.501426536,0.090206,0.084823012,0.233957776,0.274565136,0.178732,0.125004577,0.42366,0.229107365,111.5416,25.56722999,0.162844262,0.292569332,2,6,1,4,1,4,3,3,3,3,1,0,2,2,2,2,2,1,3,1,1,1,1,1
INTP,NT,INTP,0KolkDQ1zVzywYpapPWQmB,15,0.570666667,0.156865578,0.738466667,0.161877761,-7.362333333,2.381469884,0.8,0.414039336,0.05332,0.038313261,0.119568693,0.203140307,0.190826667,0.161283448,0.457866667,0.251934194,122.7900667,27.91691451,0.395266773,0.399154685,0,0,0,0,1,0,0,0,1,0,2,1,1,1,4,0,1,0,0,0,0,1,0,2
INTP,NT,intp,170d2VthbicTv9kMR2EfZe,50,0.6793,0.122322967,0.75922,0.128002438,-3.50686,1.577598744,0.54,0.503457434,0.0855,0.059860058,0.1918404,0.173730785,0.173026,0.157051547,0.57594,0.176745454,124.25914,28.87066086,1.11E-05,7.38E-05,2,5,2,4,4,0,1,7,3,2,6,1,1,1,1,4,1,2,0,2,1,0,0,0
INTP,NT,intp outcast,41KpGVKEWnKnmI7MIz9qXZ,10,0.5597,0.103133193,0.4508,0.193692655,-9.6962,2.856529277,0.7,0.483045892,0.0354,0.015756621,0.403432,0.39723051,0.1211,0.060298775,0.4183,0.255539538,101.3239,21.6647685,0.1376381,0.21158366,0,0,0,1,3,0,2,1,0,1,0,0,0,0,1,0,0,0,0,0,0,0,1,0
INTP,NT,mistyped intp 4w5,6sZ3h9vb9Z3EmIyfzMww8k,50,0.42634,0.146310072,0.44592,0.224151265,-10.89334,5.406508793,0.44,0.501426536,0.035994,0.011862278,0.43740968,0.354599098,0.153064,0.094650474,0.256188,0.175461605,122.80214,32.64976621,0.360604343,0.397717796,0,6,0,0,2,3,0,3,2,2,3,1,1,6,3,0,1,4,1,4,1,2,3,2
INTP,NT,INTP ✨,0LsgTBC7QOlh2uqVeBNGMw,20,0.54725,0.13662044,0.6444,0.189057607,-7.24535,2.659341634,0.6,0.50262469,0.06381,0.059676354,0.20203992,0.273674809,0.158395,0.139980719,0.3979,0.214052109,121.5917,32.31525794,0.183454007,0.330729247,1,2,0,0,1,0,0,2,1,2,2,0,1,1,2,0,1,1,1,0,0,1,0,1
INTP,NT,Pov: ur an intp,1BmkgpU4NBxTNvxwr1uLHy,50,0.62094,0.125012066,0.64802,0.183510161,-6.70486,3.044992644,0.62,0.490314351,0.092752,0.078930039,0.20386442,0.237208076,0.211902,0.145613654,0.540372,0.22120076,121.26564,30.23527465,0.038935892,0.123803195,1,7,0,1,6,3,4,3,1,1,1,2,6,4,1,0,0,3,1,1,0,1,2,1
INTP,NT,INTP ?,4rK9f2q1Ph6vOW0LmMG4Yo,28,0.64575,0.13001841,0.584535714,0.173926439,-6.865285714,2.778986091,0.428571429,0.503952631,0.053882143,0.027021391,0.179372857,0.196504711,0.198275,0.159230389,0.449421429,0.227158855,113.216,27.2475276,0.067169024,0.159629962,2,0,1,1,2,0,0,4,1,2,1,1,2,1,0,2,3,2,1,2,0,0,0,0
INTP,NT,INTPRYR,743OYBKiryEfhRPOANd3Xs,50,0.35922,0.132913243,0.285138,0.182046327,-13.17906,4.676384769,0.86,0.350509833,0.034908,0.009283469,0.5895342,0.361450764,0.179774,0.151841898,0.215236,0.103517978,116.695,31.50991876,0.079457932,0.204723137,0,3,0,1,9,2,4,0,3,0,1,4,2,0,6,0,2,0,7,2,0,1,3,0
INTP,NT,INTP,0Z9AeAOVQzcvtIVkxCPOgi,16,0.55425,0.138146058,0.66825,0.166007028,-8.4950625,3.25247023,0.5625,0.512347538,0.07991875,0.09475789,0.2325224,0.275371239,0.198475,0.172883041,0.4693125,0.247094508,131.387875,32.7180566,0.223722188,0.369465528,0,0,0,0,1,1,2,2,0,0,1,0,1,1,3,0,0,0,0,0,0,1,0,3
INTP,NT,INTP💜,0mlAQigwtBI5vk9hfPEOUF,50,0.62336,0.141498072,0.67868,0.167048867,-6.00302,2.887024784,0.5,0.505076272,0.098222,0.087793343,0.182386168,0.215427478,0.212094,0.157796318,0.497516,0.204589601,124.3894,29.85495108,0.061326104,0.170931354,0,1,0,2,3,2,3,3,2,1,1,4,3,4,2,3,1,4,1,0,2,2,3,3
INTP,NT,pov: you're an intp,2VCiZNLoN0XxPESyoO9Mqw,50,0.52744,0.126842206,0.64042,0.184887841,-7.6579,3.194384986,0.62,0.490314351,0.063792,0.054035989,0.251363481,0.304318082,0.20496,0.140697097,0.43992,0.21130999,120.0464,32.5392225,0.157786241,0.285342621,1,3,0,3,2,2,4,3,3,1,1,5,2,5,4,1,1,2,2,1,1,1,1,1
INTP,NT,INTP,5k7SMihaYPYhGs3WMA7Pm4,18,0.622611111,0.156520301,0.704055556,0.166481397,-6.666111111,3.483940853,0.444444444,0.511309993,0.088111111,0.089942478,0.167932444,0.242950717,0.205183333,0.152222744,0.501777778,0.242416888,131.902,28.75122691,0.097072353,0.229813474,1,0,1,1,0,3,1,1,0,1,2,0,2,1,2,1,0,0,0,0,0,0,1,0
INTP,NT,INTP-T songs,1HmfPBQmsmHC7sw22SZjfp,50,0.55896,0.139018419,0.67982,0.160082337,-6.64924,2.019720324,0.56,0.501426536,0.052068,0.030858118,0.189689845,0.22562248,0.189768,0.119252129,0.469506,0.218457504,123.73896,30.13942619,0.103496148,0.238501817,1,1,2,4,1,5,2,3,3,0,1,1,4,5,5,0,2,2,3,1,0,1,2,1
INTP,NT,INTP-T songs,1HmfPBQmsmHC7sw22SZjfp,50,0.55896,0.139018419,0.67982,0.160082337,-6.64924,2.019720324,0.56,0.501426536,0.052068,0.030858118,0.189689845,0.22562248,0.189768,0.119252129,0.469506,0.218457504,123.73896,30.13942619,0.103496148,0.238501817,1,1,2,4,1,5,2,3,3,0,1,1,4,5,5,0,2,2,3,1,0,1,2,1
INTP,NT,intp 🌙🧋🫥🎧,0y63wAOER3j2iQVi6SDTLi,50,0.58632,0.159330928,0.607768,0.205566369,-8.04312,3.696525338,0.52,0.50467205,0.09015,0.09818592,0.307153258,0.2945452,0.180444,0.134766666,0.416718,0.238787074,122.74446,34.47267479,0.085096434,0.20371401,0,4,0,0,2,3,1,4,5,0,2,2,4,4,3,2,1,1,0,4,1,2,2,3
INTP,NT,kulağı sağlam intp dostlarıma,2ItD6a12vGIi4oSY4j8hxf,50,0.46406,0.155252054,0.55603,0.201019605,-9.8857,4.29469646,0.6,0.494871659,0.036886,0.009925375,0.316581546,0.330997601,0.151804,0.099108841,0.285216,0.220006639,118.71288,28.58503783,0.370394112,0.361463434,1,3,1,2,2,1,0,1,3,4,2,7,1,6,1,1,4,2,5,1,1,0,1,0
INTP,NT,non-stereotyped intp playlist,6Ta8EEGiuxj2w1nl0yVbwS,8,0.444375,0.16774976,0.553,0.197587594,-8.14975,3.399739097,0.75,0.46291005,0.0382625,0.009661845,0.233675875,0.244500632,0.1175,0.033383101,0.278875,0.184333888,105.962625,31.34561211,0.052503656,0.090061095,0,0,0,0,1,1,0,0,0,0,1,1,0,0,1,0,0,0,2,1,0,0,0,0
INTP,NT,INTP JAM,34gUzmYbIG4Y8EDvZR9e9z,47,0.558,0.130636735,0.58312766,0.160678536,-6.719021277,2.058950688,0.617021277,0.491368607,0.05523617,0.044664831,0.326193077,0.297879761,0.168610638,0.082272631,0.42457234,0.209867578,124.596766,34.65321715,0.010389697,0.03217957,2,0,2,2,1,2,3,0,2,3,3,1,9,2,1,1,4,1,1,1,0,2,2,2
INTP,NT,intp,7MlwGuzWXsJKjUvHUEO9mQ,34,0.515323529,0.162019026,0.650705882,0.216778414,-8.041205882,3.662781852,0.647058824,0.48507125,0.065638235,0.066536329,0.288907824,0.342682098,0.180920588,0.116042032,0.437058824,0.210723421,125.3035588,32.36052771,0.248044198,0.358876857,2,1,0,2,2,3,2,2,1,1,5,0,3,1,4,1,0,1,0,0,0,2,0,1
INTP,NT,INTP,7FW5gr6SL3MTrMazlSAVGL,30,0.601033333,0.139298113,0.748333333,0.164518594,-6.731233333,3.327504954,0.5,0.508547628,0.103416667,0.106998676,0.187939413,0.257024373,0.1875,0.14667793,0.527266667,0.254293604,130.4393667,30.78825961,0.186035283,0.310007713,2,1,0,0,2,1,1,3,0,2,2,0,4,3,3,2,1,0,0,0,0,1,1,1
INTP,NT,INTP ,4LpG1OKgxp796rZb1fYkQv,39,0.542461538,0.146932825,0.696794872,0.180306345,-7.355282051,2.489125062,0.461538462,0.505035374,0.044123077,0.017355106,0.15131131,0.217451989,0.197525641,0.157143628,0.43525641,0.249425934,115.5265128,29.2951481,0.192395301,0.298946708,0,4,2,1,0,1,2,2,0,1,0,0,4,2,6,1,0,5,1,1,1,0,3,2
INTP,NT,Intp Vibes,59snEIxGLK7DyjhhoBH56r,35,0.528485714,0.142638245,0.623942857,0.210893748,-8.455342857,2.318346837,0.771428571,0.426042961,0.050154286,0.049142945,0.22698704,0.295434327,0.160908571,0.122487799,0.375574286,0.229317739,113.4830857,33.97478982,0.270169078,0.364564111,1,1,0,0,1,0,1,1,4,2,6,2,2,3,6,0,1,0,1,0,0,2,0,1
INTP,NT,zoloft,6ydrcr3aYnjAtLpB8qhPvM,50,0.55134,0.148121794,0.59776,0.227870941,-8.041,3.192299849,0.72,0.453557368,0.053454,0.032936006,0.31634684,0.317185092,0.185534,0.137185487,0.415364,0.247964894,124.57814,25.53594612,0.054350859,0.118404349,2,1,0,4,1,5,0,0,11,0,3,5,2,0,2,1,3,3,0,0,1,4,1,1
INTP,NT,Study- INTP,6wCtv7CJ6MAvi3R208vdD5,14,0.589285714,0.133424959,0.700285714,0.164495232,-6.062785714,2.568337181,0.642857143,0.497245158,0.052514286,0.027001876,0.205097143,0.249144834,0.19405,0.134736431,0.493785714,0.251693091,128.6835,35.30395832,0.126293267,0.319100993,0,3,0,0,0,0,2,0,1,0,2,0,0,3,0,1,0,0,0,1,0,1,0,0
INTP,NT,bir intpnin dinledigi sarkilar,2wQ38Pe421Xuc7z4ukXKJH,50,0.52256,0.119766978,0.550058,0.248403278,-10.11016,4.988221344,0.68,0.471212071,0.05652,0.064676451,0.382587979,0.384885347,0.13666,0.079870651,0.33712,0.186214448,122.2477,29.52517287,0.377135064,0.373957875,1,4,0,1,4,3,2,2,1,1,2,4,4,2,5,0,4,2,1,1,0,2,3,1
INTP,NT,INTPlaylist 👽,3tLZK0EeUdVQYJAcj1GsO0,26,0.547038462,0.165299602,0.586115385,0.246241073,-8.484961538,3.735863996,0.923076923,0.271746488,0.051469231,0.049470401,0.253290726,0.308435123,0.162061538,0.122671943,0.483846154,0.248108959,121.4562692,30.5678119,0.005340397,0.013675446,0,4,0,1,4,1,1,0,2,0,2,4,2,0,1,0,0,0,2,0,0,1,1,0
INTP,NT,intp 👩🏻‍🦲,0QP3al5k9P31QbiYlx5R6W,50,0.5309,0.141720802,0.65088,0.166143243,-8.04594,2.367046885,0.56,0.501426536,0.053882,0.047687801,0.157114488,0.227320847,0.157666,0.110415116,0.390676,0.250218321,122.08124,32.46039601,0.276703509,0.3563414,4,2,1,2,2,2,3,2,5,3,4,3,2,5,3,1,0,2,1,0,0,1,0,2
INTP,NT,♡~intp~♡,0kBB16KXlS62Y9NCWayPLx,50,0.54218,0.129557912,0.63132,0.145072317,-7.26454,2.813888182,0.58,0.498569382,0.079378,0.102141571,0.179836026,0.244983359,0.189468,0.138428548,0.403046,0.223968714,115.5697,33.41554342,0.068401981,0.185347519,1,4,3,3,3,2,1,1,4,1,5,1,3,2,2,3,1,1,1,2,0,1,4,1
INTP,NT,INTP'S VIBES,0khfpbahQLcZOP268bucok,26,0.720807692,0.126509136,0.684846154,0.164498193,-4.889230769,2.137208334,0.346153846,0.485164524,0.112723077,0.108809523,0.210154231,0.186374221,0.201153846,0.162614482,0.621961538,0.173272613,116.4026538,21.57992563,2.98E-05,9.42E-05,0,0,5,0,1,3,0,3,2,1,0,4,2,0,0,3,0,1,0,1,0,0,0,0
INTP,NT,INTP👽💀,3SfCcHZAd9cSSs4BQxQeyF,50,0.56336,0.191584026,0.5937578,0.243039406,-9.85638,6.243157828,0.62,0.490314351,0.077926,0.076476753,0.26721378,0.348681848,0.182246,0.169698998,0.513554,0.260964581,128.33314,34.06898734,0.207847164,0.335349859,1,4,1,1,5,1,3,2,2,1,3,4,2,2,2,2,2,4,0,3,0,3,2,0
INTP,NT,INTP,3BYDoO3Sp0mSS0NoBS4l0E,27,0.571740741,0.119798739,0.763148148,0.140801471,-6.899740741,2.094529791,0.555555556,0.506369684,0.06567037,0.055628803,0.065582222,0.085400605,0.167525926,0.117900266,0.367266667,0.240349278,135.0066667,27.17238845,0.45289453,0.376746853,1,0,1,1,3,1,0,0,0,1,0,3,3,1,2,2,0,4,3,0,0,0,0,1
INTP,NT,INTP,78efdtgMF1voGe3lH7ASDl,50,0.59892,0.141352482,0.72376,0.205017626,-7.4892,3.675017929,0.62,0.490314351,0.114834,0.103770433,0.165495768,0.229917634,0.199568,0.175071734,0.49286,0.230581785,123.6587,26.87920182,0.145681356,0.269011659,0,6,1,4,2,2,1,1,2,3,2,4,5,4,3,2,1,5,0,0,0,1,1,0
INTP,NT,Intp// the rationalist,2JVtayh4spaHi3762hoJWQ,44,0.577477273,0.148724576,0.574421364,0.265258879,-9.233818182,6.334925881,0.477272727,0.505257768,0.095581818,0.098072743,0.329178566,0.309826601,0.210668182,0.171076685,0.454481818,0.20341195,123.3268864,34.41140203,0.096377367,0.226275011,1,1,2,3,3,3,0,3,3,2,0,3,3,2,3,1,0,3,0,1,1,2,2,2
INTP,NT,Intp// the rationalist,2JVtayh4spaHi3762hoJWQ,44,0.577477273,0.148724576,0.574421364,0.265258879,-9.233818182,6.334925881,0.477272727,0.505257768,0.095581818,0.098072743,0.329178566,0.309826601,0.210668182,0.171076685,0.454481818,0.20341195,123.3268864,34.41140203,0.096377367,0.226275011,1,1,2,3,3,3,0,3,3,2,0,3,3,2,3,1,0,3,0,1,1,2,2,2
INTP,NT,INTP self,3qGyPLdZkY93iOAiamUap7,39,0.615153846,0.154226344,0.540717949,0.173662551,-7.180615385,2.548848642,0.769230769,0.426832795,0.077353846,0.085221701,0.328891538,0.310314213,0.214251282,0.159092007,0.451794872,0.189187345,126.3359487,27.82336089,0.014289643,0.080902557,1,3,0,3,4,2,1,2,3,1,2,2,4,1,3,1,3,0,1,1,0,1,0,0
INTP,NT,Intp vibes ,4VXdRmQJZfrNaYlDYwbvkm,13,0.542153846,0.153129491,0.777307692,0.155866067,-7.563076923,2.886432933,0.692307692,0.480384461,0.085353846,0.087905296,0.079008215,0.125490467,0.180853846,0.18338548,0.490461538,0.242396237,134.3345385,32.91046644,0.190405538,0.30681961,0,0,0,0,0,0,0,0,0,0,4,0,1,1,3,1,0,0,1,0,0,0,1,1
INTP,NT,INTP,7s7AfsQkjiuxof2yEWfCOR,9,0.685333333,0.112267538,0.854555556,0.103320026,-3.487777778,2.144914204,0.666666667,0.5,0.137977778,0.081166107,0.053858,0.068645814,0.320644444,0.202026453,0.679555556,0.057256247,131.8158889,34.36085644,9.96E-06,2.24E-05,0,3,1,1,0,0,0,0,0,0,1,1,0,0,0,1,0,0,0,0,0,0,0,1
INTP,NT,intp,6lEmaHdvwVxB2Nbk6yQFhf,46,0.54026087,0.133278895,0.689478261,0.197808745,-8.639195652,3.251535764,0.717391304,0.455243206,0.061593478,0.050819591,0.25540227,0.29486489,0.151697826,0.097963598,0.477756522,0.241735278,121.5445217,34.27829505,0.308694488,0.366826494,3,1,0,3,3,2,2,2,2,0,5,5,4,3,5,0,1,1,1,0,0,1,1,1
INTP,NT,Intp,2SjIV5W0huyVZl1ObulSbn,50,0.56614,0.135466241,0.68918,0.176295866,-7.62962,3.268122902,0.58,0.498569382,0.087908,0.088876302,0.1894277,0.270001718,0.219038,0.158883274,0.43561,0.266482271,125.46492,33.06468613,0.338247282,0.372775026,0,4,0,2,2,5,0,0,0,2,1,5,6,6,2,1,1,3,5,0,1,1,1,2
INTP,NT,INTP Playlist,4zjlm52j1SeZOhftrZrhqD,15,0.521866667,0.168965705,0.5988,0.151864225,-6.925666667,2.477724436,0.533333333,0.516397779,0.062566667,0.033412245,0.1847286,0.198730846,0.189666667,0.153331418,0.306766667,0.177057834,120.9573333,33.4490459,0.008798962,0.033530718,0,1,2,0,0,0,1,0,1,1,0,0,2,2,1,1,0,1,0,0,0,2,0,0
INTP,NT,intp,7tplF9Te1GbG9SypsQZ1AF,50,0.5154,0.122626361,0.68406,0.168481503,-7.0848,2.610073234,0.68,0.471212071,0.061668,0.070352461,0.159838679,0.238256774,0.18026,0.12961024,0.36429,0.208908875,123.34618,31.16230472,0.199999368,0.323240468,1,3,2,3,2,1,4,1,2,0,4,4,2,5,3,1,2,2,4,0,0,1,1,2
INTP,NT,INTP studying,4vMJtEofKDnOqW3gkJ0hhP,28,0.361214286,0.133985449,0.113506071,0.093367418,-22.72567857,4.705808271,0.464285714,0.5078745,0.0406,0.009206077,0.965892857,0.036946748,0.110517857,0.040708149,0.198467857,0.188394366,108.1407857,31.73768373,0.829635714,0.206242174,0,4,2,1,0,1,1,0,2,1,0,2,0,6,0,0,0,1,1,2,0,2,2,0
INTP,NT,intp,4bk9AajuTvAIUF4OozSIHc,33,0.573,0.148355569,0.598645455,0.251827939,-8.806636364,4.633156732,0.606060606,0.496197663,0.076418182,0.084923622,0.315138606,0.337048222,0.17870303,0.134670766,0.442093939,0.234344586,115.9060606,33.52473531,0.250805349,0.361978089,1,2,0,3,2,1,1,0,1,2,1,4,0,2,2,0,1,2,1,1,0,2,3,1
INTP,NT,intp song😮‍💨💊,4FDLbtghi0hQGHOR1uGjLB,50,0.53256,0.13166379,0.64716,0.188216805,-8.006,2.602529445,0.54,0.503457434,0.052028,0.043345678,0.160320806,0.225702486,0.162244,0.10918443,0.37892,0.220732835,127.59344,34.86827422,0.279882411,0.344694551,3,5,1,3,1,3,1,2,2,2,3,4,1,4,3,2,0,3,3,0,0,1,2,1
INTP,NT,Intp,0WWnsxgz2ivEFI6o3pzqod,23,0.536608696,0.144280579,0.587304348,0.158939221,-6.778826087,2.022234737,0.260869565,0.448977759,0.0604,0.023398116,0.201656478,0.241376026,0.179447826,0.087548417,0.337982609,0.218130609,128.2616957,36.57518046,0.007056541,0.033776504,0,1,4,1,1,2,1,3,0,1,0,2,0,1,0,2,0,2,0,2,0,0,0,0
INTP,NT,INTP,1noOKvYt6Ci1qjwzwLJkGI,36,0.534277778,0.139552675,0.655222222,0.190193753,-7.372666667,2.860068161,0.527777778,0.506309398,0.0594,0.087221904,0.185354564,0.242014972,0.168638889,0.136717233,0.432352778,0.245925309,121.7328333,29.2039004,0.145146853,0.300244111,0,2,1,1,4,2,2,1,1,3,1,3,1,1,2,0,1,4,0,1,1,1,2,1
INTP,NT,intp like me,1iiyR3YixZ1i7l7YfZZjwk,50,0.5546,0.169318924,0.61542,0.134289527,-7.18622,1.94127317,0.4,0.494871659,0.056968,0.038187996,0.17109646,0.182459611,0.179762,0.131963549,0.356108,0.210828211,124.39394,27.09383884,0.011813451,0.056011284,4,3,4,4,4,3,0,2,0,3,1,0,4,4,1,0,2,5,1,0,0,0,3,2
INTP,NT,"Intp, L'amour de ma vie.",17lEXb25XMsyNXH7K3Ng5R,50,0.52286,0.146510153,0.5347,0.218368089,-8.96242,3.867533782,0.7,0.46291005,0.05336,0.045627717,0.397668406,0.342381376,0.164216,0.119429083,0.345272,0.173488267,123.99566,27.81042239,0.11492258,0.244589072,1,6,1,3,3,2,3,0,4,2,4,1,5,2,3,2,1,3,1,1,0,1,1,0
INTP,NT,intp,62SZx89d77JVd0bwcSDosP,10,0.5401,0.160867406,0.7617,0.171773139,-5.8353,3.29685153,0.6,0.516397779,0.07087,0.081834508,0.2727684,0.343310712,0.16825,0.12162701,0.5123,0.219572843,124.4384,35.63415848,0.25628429,0.403973189,2,0,0,0,1,0,0,0,0,0,1,0,1,1,2,0,0,0,0,0,0,1,1,0
INTP,NT,Intp,0Tbr2aP9JmTNpSCQ8B9cTm,50,0.58552,0.165767509,0.63008,0.179516339,-7.4234,3.135122502,0.68,0.471212071,0.064336,0.055396975,0.244634768,0.304163711,0.157472,0.109447512,0.426054,0.24384569,119.69966,31.52838219,0.125140815,0.271869548,2,2,0,1,1,2,2,1,3,2,7,2,3,4,5,0,4,1,1,0,0,3,1,3
INTP,NT,📚🌙 INTP🔬🪴,6mOsR1W3VBXQsGBrxWxY70,50,0.54554,0.144222081,0.66886,0.18814736,-7.68222,2.644703041,0.6,0.494871659,0.046056,0.031486214,0.152093672,0.216379526,0.173714,0.125896427,0.45504,0.250028158,124.69164,33.78832173,0.334758216,0.368081171,3,2,1,4,4,1,2,1,4,2,4,2,2,6,4,1,0,3,1,0,0,1,0,2
INTP,NT,Por que soy INTP,7DhU6SLlpgrQiiAxEaB93a,50,0.60098,0.136737122,0.68774,0.168163042,-7.62932,3.666687675,0.76,0.431419111,0.061744,0.044151433,0.22483694,0.247118802,0.178,0.139898323,0.543716,0.254200772,130.30696,28.26103482,0.147161058,0.297532504,1,4,1,2,7,2,2,0,1,3,2,5,4,1,8,2,1,0,1,0,0,1,2,0
INTP,NT,INTP Aesthetic,4CCBf5HknJuRKPCJHjpPsJ,43,0.49655814,0.126711953,0.744116279,0.14986537,-6.950372093,2.386432494,0.720930233,0.453850269,0.057753488,0.035475561,0.189924967,0.262719664,0.1931,0.1580111,0.46844186,0.232350677,121.8689302,35.34050095,0.36307268,0.382571413,0,1,2,2,2,1,1,1,3,1,4,4,3,2,5,0,0,0,4,0,1,2,1,3
INTP,NT,Intp,0Tbr2aP9JmTNpSCQ8B9cTm,50,0.58552,0.165767509,0.63008,0.179516339,-7.4234,3.135122502,0.68,0.471212071,0.064336,0.055396975,0.244634768,0.304163711,0.157472,0.109447512,0.426054,0.24384569,119.69966,31.52838219,0.125140815,0.271869548,2,2,0,1,1,2,2,1,3,2,7,2,3,4,5,0,4,1,1,0,0,3,1,3
INTP,NT,Canciones para INTP's a las 3 AM,5mdNAn2hMObt9DpFOYuoqb,50,0.57516,0.135644698,0.58762,0.202790723,-7.48268,3.796135642,0.6,0.494871659,0.093944,0.134508298,0.38400661,0.297710428,0.178084,0.147380917,0.52986,0.211822703,123.41428,30.89785434,0.010583928,0.049122666,1,5,3,5,2,3,1,4,1,1,1,5,2,3,2,0,2,2,2,1,0,2,1,1
INTP,NT,I'm fuking other intp,34apmJSSYnFbaqjXdSYfgd,45,0.719088889,0.170872071,0.610822222,0.1717038,-7.244111111,3.452313271,0.533333333,0.504524979,0.202753333,0.130407844,0.154234867,0.201488103,0.216157778,0.16364795,0.42892,0.214706396,127.9976444,28.46753187,0.082979753,0.228234469,3,1,3,5,2,3,3,0,2,1,3,1,3,2,3,2,0,2,0,1,0,1,1,3
INTP,NT,INTP,1jN3jrWWVPnHVZYm0hXWRM,21,0.584095238,0.148708744,0.587614286,0.248170756,-9.321380952,4.344303022,0.523809524,0.511766316,0.08197619,0.083427878,0.32499221,0.347326326,0.182290476,0.137045251,0.48967619,0.209354775,118.7087619,34.68695436,0.203823296,0.321212015,0,0,1,0,2,4,0,1,1,0,2,0,1,1,2,0,1,2,0,0,0,2,1,0
INTP,NT,INTP,1bgK4AyPmD9kDb7Cy02dMG,39,0.301128205,0.131687265,0.071290256,0.070452613,-27.22407692,7.053840005,0.41025641,0.498310235,0.044684615,0.012669307,0.965794872,0.069372822,0.103853846,0.034649401,0.165815385,0.184208598,99.07723077,33.67958545,0.865650226,0.209117663,5,1,2,2,0,0,0,1,5,1,0,1,1,2,1,1,2,0,0,1,0,3,9,1
INTP,NT,my INTP live,5whxRaZeUouCpfwmA6ixNl,24,0.632958333,0.135265111,0.659541667,0.144378723,-7.279333333,2.742803923,0.541666667,0.508977378,0.083508333,0.103235631,0.168120808,0.206926833,0.166841667,0.14916433,0.476875,0.194603345,123.6224583,33.38821368,0.157441005,0.292660004,1,0,0,1,0,2,0,1,1,0,3,3,1,4,3,1,0,1,0,0,0,1,1,0
INTP,NT,INTP 6w5 Gemini ,6JeXQnl6MobDB9E97JNu04,21,0.601761905,0.147916498,0.715761905,0.116092164,-5.973333333,1.433229512,0.238095238,0.43643578,0.0962,0.106075256,0.119121067,0.166382507,0.249847619,0.204066951,0.50752381,0.188128578,125.8903333,27.9112315,0.046566234,0.179698607,0,0,0,0,0,2,0,2,0,1,1,1,1,1,1,2,0,3,0,2,0,1,2,1
INTP,NT,INTP,0EXoN6qYmBujkkiDzt75iW,16,0.519875,0.126263151,0.7576875,0.169435423,-7.65475,3.200590123,0.6875,0.478713554,0.05075625,0.023932515,0.14424865,0.189013386,0.20803125,0.180797141,0.3771875,0.161054119,130.417,30.21507907,0.265857473,0.350844712,0,0,0,1,1,1,0,1,0,1,2,0,1,1,2,0,3,1,0,0,0,1,0,0
INTP,NT,Intp ,1nOplRREJzmEenDNzApezr,50,0.5659,0.140595272,0.64874,0.189436415,-8.08738,3.016780483,0.7,0.46291005,0.03578,0.010618409,0.265793231,0.271367077,0.16932,0.139440181,0.5015,0.206909943,122.8554,30.82108456,0.180997826,0.315786203,1,9,1,0,3,2,1,4,1,2,3,3,2,1,4,1,5,0,2,0,1,2,2,0
INTP,NT,INTP,4UenSdpayAbVyFnhMKBjJm,50,0.529,0.151221827,0.6866,0.184998952,-7.59508,3.867133114,0.64,0.484873221,0.06149,0.054680725,0.154626488,0.225950856,0.15636,0.126716748,0.484978,0.220733846,125.20678,31.78404499,0.184225157,0.342572017,1,3,1,1,4,1,5,0,2,5,1,2,2,4,9,1,0,0,0,1,0,3,1,3
INTP,NT,INTP Songs,1u65GzF7PyS7ZEG5EoJYKQ,16,0.5759375,0.169164799,0.714875,0.137893135,-6.24775,2.623160702,0.6875,0.478713554,0.07306875,0.075687865,0.200051775,0.26582124,0.16735625,0.151348996,0.4865,0.222651896,124.4324375,35.309632,0.212987848,0.365121469,1,3,0,0,0,1,0,0,0,1,3,1,0,1,3,0,0,0,0,0,0,1,0,1
INTP,NT,intp - logician,2qFvNUGGLi6RYKTVICgAHC,50,0.51182,0.142576394,0.52191,0.219125015,-8.48324,3.798150885,0.72,0.453557368,0.050796,0.054200738,0.292791728,0.28619186,0.17823,0.143361611,0.372896,0.2067813,112.58834,27.55260368,0.047291613,0.133208002,1,4,0,4,5,1,3,1,5,1,1,3,2,1,2,1,2,4,2,2,1,3,1,0
INTP,NT,INTP Playlist,0nntzUvijAPYYaLTuBMdfu,50,0.59996,0.146993677,0.66446,0.171269952,-7.36692,3.121253462,0.6,0.494871659,0.084976,0.089538074,0.21421428,0.245941311,0.227686,0.207752635,0.49068,0.23696403,127.4416,28.41291209,0.02767157,0.135253247,1,3,4,3,5,1,3,3,2,4,5,0,4,1,2,0,2,3,0,1,0,1,2,0
INTP,NT,It’s INTP season !,7Cg9iJgVLfxXMohnc0y3My,50,0.54978,0.131907712,0.73966,0.167952205,-6.71954,2.420755745,0.68,0.471212071,0.071264,0.074731958,0.140958385,0.227531209,0.191284,0.139490382,0.489088,0.194654449,122.91972,31.00477528,0.269849088,0.335102865,1,5,1,3,2,3,0,2,3,4,3,2,2,4,5,0,4,0,4,0,0,1,1,0
INTP,NT,intp,5nQ7a8p7O4je8UG73gksT0,50,0.5432,0.148117438,0.62666,0.219082187,-8.51534,3.67596204,0.64,0.484873221,0.061432,0.052952761,0.241137818,0.288831377,0.176448,0.148133995,0.421912,0.245146818,126.80862,28.9599548,0.148076206,0.30204055,2,3,0,0,2,1,3,3,5,3,4,3,3,5,6,1,0,0,1,0,0,2,0,3
INTP,NT,INTP,5tR1m3k41lZEMfOUuk9M7K,13,0.58,0.174330147,0.668369231,0.247593495,-9.650461538,5.723868267,0.692307692,0.480384461,0.067976923,0.062016908,0.167539877,0.266898234,0.177307692,0.159153052,0.472153846,0.27515809,117.6935385,36.07233834,0.395975949,0.390667786,0,0,0,0,0,0,1,0,0,1,3,1,1,2,2,0,0,0,0,0,0,1,0,1
INTP,NT,intp. ,27Ztb4FBzSLGG9D2Qgv9xv,32,0.525625,0.128118833,0.469275,0.209415856,-9.94778125,4.215623328,0.6875,0.470929075,0.054015625,0.059114788,0.434712188,0.355337495,0.15696875,0.103786336,0.35595,0.205004823,112.50125,31.3026137,0.06813854,0.209027328,1,5,0,2,2,3,5,1,1,0,1,0,1,2,3,1,1,1,1,1,0,0,0,0
INTP,NT,INTP IN ME🤓🥴😐,0JpUxbnn8Kb4vHs6nAZWrC,35,0.517428571,0.115987141,0.632971429,0.188206002,-8.004942857,2.70551639,0.828571429,0.38238526,0.048877143,0.029507707,0.240811297,0.297174475,0.166854286,0.123919111,0.334645714,0.184256693,128.6152,33.35254547,0.210831131,0.318262067,0,4,0,1,1,0,0,0,3,1,4,3,4,1,4,0,2,2,1,1,0,2,1,0
INTP,NT,INTP IN ME🤓🥴😐,0JpUxbnn8Kb4vHs6nAZWrC,35,0.517428571,0.115987141,0.632971429,0.188206002,-8.004942857,2.70551639,0.828571429,0.38238526,0.048877143,0.029507707,0.240811297,0.297174475,0.166854286,0.123919111,0.334645714,0.184256693,128.6152,33.35254547,0.210831131,0.318262067,0,4,0,1,1,0,0,0,3,1,4,3,4,1,4,0,2,2,1,1,0,2,1,0
INTP,NT,intp × infj,6IZOA980uzsT4yBKJD7hIq,40,0.554575,0.11250365,0.587525,0.194512011,-6.90605,2.765091995,0.9,0.30382181,0.0471725,0.047625106,0.35957225,0.318963888,0.15668,0.087619525,0.450475,0.207764905,129.986775,28.66940769,0.006064891,0.037455904,0,5,1,2,8,0,2,0,2,1,0,6,2,0,3,0,0,1,4,0,0,2,1,0
INTP,NT,My intp playlist,4a45t8xdt6Oej4529wOgEo,41,0.620097561,0.153904484,0.581292683,0.17714489,-7.538487805,2.488814729,0.512195122,0.506060827,0.10197561,0.098442871,0.248893537,0.239604796,0.150546341,0.092798575,0.453558537,0.226821991,125.5311463,27.23186844,0.031001378,0.103661696,0,2,1,2,1,0,2,5,4,0,1,3,3,4,3,3,0,0,0,1,1,0,4,1
INTP,NT,INTP,5c5qpt1DtasSa9qepEwAtp,38,0.568210526,0.165190007,0.643263158,0.180358604,-7.153315789,2.650599026,0.657894737,0.480782908,0.078521053,0.084029751,0.226577826,0.2765415,0.150997368,0.128070801,0.461152632,0.273742496,127.0408158,33.00414171,0.117577484,0.276534997,0,4,4,2,6,0,2,1,2,1,2,2,2,2,2,1,0,2,0,0,0,1,0,2
INTP,NT,INTP,5C8L6u3Rb7DQZMMqBuEkTu,16,0.59575,0.152329686,0.613125,0.141940304,-7.633875,2.167851098,0.4375,0.512347538,0.06368125,0.028061105,0.19403875,0.20824048,0.2441625,0.150073599,0.3639375,0.15595062,124.7208125,24.83215672,0.078787867,0.234368733,1,1,2,1,1,0,0,0,1,1,1,2,0,2,0,0,0,1,0,1,0,0,1,0
INTP,NT,Lazy puppeteer villain • INTP,4p62RXMiV47W5yrUhg4fQw,37,0.618135135,0.165472079,0.627243243,0.189667898,-7.026081081,2.754149056,0.486486486,0.50671171,0.094367568,0.082314269,0.249605541,0.265943287,0.237837838,0.202987298,0.530532432,0.233463269,116.4071892,23.88642114,0.033769792,0.150227614,1,3,0,4,3,3,0,2,2,2,1,1,0,3,0,1,0,2,1,2,0,3,1,2
INTP,NT,INTP,50ya8pkUIfns2zDjZFYZ7r,50,0.52812,0.128098279,0.624798,0.23118299,-8.02554,3.674240875,0.68,0.471212071,0.062314,0.055913319,0.257460688,0.336455567,0.18034,0.12982334,0.416118,0.208108333,124.19804,32.10213905,0.147800271,0.29587021,2,4,1,3,3,2,3,1,2,2,5,1,6,4,2,0,1,2,1,0,0,3,0,2
INTP,NT,𝓘𝓝𝑇𝓟-𝑇 ,1bcIvwAmf9kdwbr3VN4Hrv,50,0.6648,0.140341566,0.72028,0.151674334,-4.99896,2.05509668,0.42,0.498569382,0.105862,0.083671232,0.10902982,0.127678173,0.189114,0.146057042,0.46922,0.168126324,130.37988,28.56915028,0.001777764,0.011222376,0,2,2,5,2,9,1,1,0,3,0,4,6,5,0,2,1,0,0,6,0,0,1,0
INTP,NT,INTP VIBES,0SNdEmHquRSH1vixEya6rM,50,0.57778,0.122845396,0.6435,0.148854846,-6.04634,1.637434262,0.36,0.484873221,0.087784,0.08051914,0.1929105,0.257693699,0.153332,0.079415267,0.38627,0.188844827,125.39332,24.08673878,0.018236547,0.12653446,1,2,3,3,3,2,1,3,1,2,2,1,1,3,1,4,0,3,2,1,2,1,4,4
INTP,NT,INTP,3qZonHy9CI9SNQjgX9ecUq,37,0.511513514,0.122046353,0.345243243,0.153998132,-12.55491892,3.069893722,0.891891892,0.314800094,0.034737838,0.006932626,0.739405405,0.197405457,0.140251351,0.096858948,0.320856757,0.169586269,112.6195135,26.10131069,0.091615952,0.200360918,1,5,0,2,6,1,5,0,3,0,1,4,2,0,0,0,1,0,0,0,0,4,1,1
INTP,NT,IntPop,3CsPZcts8qE7G6iIDLzHEN,50,0.67278,0.089642212,0.80368,0.113695339,-6.0389,2.036700175,0.42,0.498569382,0.054226,0.030245983,0.1096918,0.116934326,0.202992,0.20248701,0.67602,0.189385741,117.39364,19.57710252,0.027804416,0.116747549,3,1,4,3,0,1,1,1,4,4,3,2,2,7,3,2,0,1,1,1,1,1,2,2
INTP,NT,INTP,0kKmMVt9BPipsuz7TmkMN9,23,0.53626087,0.144257414,0.727695652,0.167427714,-6.947565217,2.811832431,0.695652174,0.470471969,0.044965217,0.023182901,0.095395452,0.146988451,0.170578261,0.119294993,0.512652174,0.214584082,131.1971304,30.74940846,0.20251461,0.347899233,0,1,1,0,2,1,1,1,1,1,1,4,2,0,2,0,1,0,1,0,0,0,1,2
INTP,NT,intp 6 w 5,65JmOI2AlPvKb5nIknRM19,39,0.514512821,0.142016654,0.619615385,0.236361968,-6.917307692,3.470508693,0.58974359,0.498310235,0.048771795,0.027934236,0.271622692,0.311937689,0.182141026,0.164622159,0.422028205,0.242170285,124.2750769,34.77340543,0.010412642,0.056638085,0,4,2,0,5,2,0,1,1,3,1,3,1,2,4,0,1,2,3,2,0,0,2,0
INTP,NT,INTP- a genius?,305FdwU1HhO9ubcU6Eu7Pu,50,0.547469388,0.137672634,0.714244898,0.173028843,-6.419571429,3.137664504,0.510204082,0.505076272,0.088806122,0.076998058,0.120987335,0.172683986,0.211269388,0.163497824,0.456010204,0.212127507,129.0991633,33.87561296,0.123670384,0.264578463,1,1,1,0,1,4,3,5,2,3,1,2,5,4,3,2,1,1,3,0,0,3,0,3
INTP,NT,INTP😬,7i5ghAvlZOZlGlMDXCTYsp,33,0.538393939,0.155885964,0.580969697,0.190437241,-7.72069697,2.329211555,0.696969697,0.466693722,0.154815152,0.163005098,0.33887,0.274350427,0.185221212,0.156322399,0.473218182,0.208827593,118.1868788,31.03870045,0.000360482,0.001568496,0,4,1,0,3,0,4,2,2,1,1,5,1,1,3,0,0,2,0,1,0,0,1,1
INTP,NT,intp <3,4Ve7w50Cmh8CdfyspEkdVJ,50,0.63894,0.106845761,0.6267,0.143638755,-6.31708,2.522762446,0.52,0.50467205,0.064256,0.047945769,0.3185238,0.229815134,0.165746,0.097442515,0.49732,0.20798248,124.47616,27.57606865,0.024499238,0.136582967,1,8,2,4,2,1,1,1,1,3,3,0,2,3,2,4,1,3,2,2,0,0,2,2
INTP,NT,INTP,5BeuY9rMdR2MQYQj7yyISJ,34,0.719411765,0.112074682,0.706470588,0.1381392,-6.616147059,1.693005685,0.529411765,0.506640397,0.145155882,0.085245162,0.224268235,0.207325593,0.19,0.157734145,0.448702941,0.19741556,109.4446471,28.66286124,0.002645796,0.013053602,0,1,3,4,1,3,1,1,0,0,3,3,0,1,2,1,0,4,3,1,1,0,1,0
INTP,NT,INTP Shenanigans,1qv0F5H22BPBJtc2pmoFpU,50,0.59028,0.139473945,0.64684,0.206598335,-6.94106,2.945239683,0.74,0.443087498,0.098436,0.132304184,0.322578712,0.286403485,0.171358,0.135248622,0.52626,0.197032765,129.72988,30.60322754,0.058797108,0.186432247,0,6,1,2,3,1,5,1,1,0,5,3,1,2,4,4,4,0,1,1,0,2,2,1
INTP,NT,INTP - The Logician,617W30iaAQlzfyz2M6j9i4,37,0.574945946,0.127883399,0.609008108,0.222958484,-7.792621622,3.534161596,0.540540541,0.505227924,0.063248649,0.056260217,0.294400135,0.315723069,0.197148649,0.160336799,0.390010811,0.201808554,122.5423243,25.54503252,0.149791172,0.290345036,0,3,1,2,2,4,1,1,1,3,0,2,1,2,3,4,0,0,3,0,0,2,2,0
INTP,NT,＊*•̩̩͙✩•̩̩͙*˚ MY INTP VIBE<3 ˚*•̩̩͙✩•̩̩͙*˚＊,7dAQhApnu54FzA9q9PtAmS,50,0.59592,0.122820566,0.65,0.196107114,-6.78548,3.488074472,0.52,0.50467205,0.08446,0.081441716,0.24615902,0.285709236,0.188436,0.134392737,0.435268,0.172563882,124.1675,28.179298,0.108547572,0.254119422,0,5,2,1,0,3,3,4,3,4,0,1,4,5,2,3,2,1,3,0,0,2,2,0
INTP,NT,Intp <3,0QsPDSBRTMTQDyDuAfiohU,12,0.53825,0.174458708,0.692,0.201460125,-7.428583333,3.298826856,0.666666667,0.492365964,0.074291667,0.078840835,0.134917367,0.190222905,0.2069,0.165396625,0.40025,0.234514634,114.2146667,36.0047557,0.222333109,0.359961193,0,2,0,0,0,1,0,0,0,1,2,0,1,1,2,0,0,0,0,0,0,1,0,1
INTP,NT,intp,519WYaN5WhYcl8ahwCcjEJ,20,0.51795,0.123059025,0.5183,0.185775501,-8.67,3.100095499,0.7,0.470162346,0.05429,0.036917916,0.354431,0.328415264,0.149175,0.104751836,0.385,0.223571489,118.6783,27.87986364,0.054852993,0.203981333,1,3,0,0,3,1,3,0,1,1,1,1,1,0,0,2,0,1,1,0,0,0,0,0
INTP,NT,INTP’s late night dancing playlist ,7y3JYDs5hFqbiT4ADAn1gi,27,0.745037037,0.108077067,0.749851852,0.122023234,-5.187407407,2.055124519,0.481481481,0.509175077,0.077644444,0.075414666,0.075010507,0.079962772,0.210018519,0.162844858,0.676666667,0.211149965,122.1535185,21.34752991,0.010145216,0.034554486,1,2,2,1,2,2,1,2,0,1,1,4,1,1,0,1,0,2,1,1,0,0,1,0
INTP,NT,Perhaps I Will Throw Hands (intp),6SSTysfVPUVJQWqD8a9fyR,50,0.62186,0.137940539,0.64144,0.197839779,-6.8311,2.794949974,0.66,0.478518121,0.064428,0.056261547,0.2778487,0.287507609,0.202684,0.146670129,0.51916,0.230904553,119.03578,22.5906032,0.005048164,0.022442822,2,5,0,2,6,1,4,3,2,1,2,3,1,4,3,0,2,0,3,2,1,0,1,2
INTP,NT,55🦇,6PweFVbwLRyPLbQbYc9eKv,50,0.4718,0.147285091,0.64542143,0.195355035,-6.96658,2.19557756,0.7,0.46291005,0.043074,0.031726026,0.194767515,0.230996664,0.159936,0.110645506,0.381168,0.257827851,118.21442,30.46466573,0.191226449,0.312670159,1,4,3,3,9,2,3,3,3,0,2,1,2,1,1,0,1,2,1,0,0,5,2,1
INTP,NT,intp,3CTUPKFD2HYFaMFxis6jmy,39,0.539051282,0.14669606,0.610897436,0.20885273,-7.728128205,3.472462884,0.615384615,0.492864058,0.05205641,0.039528649,0.303265446,0.328709323,0.170546154,0.172466747,0.422884615,0.230766219,123.7196923,33.48531388,0.108817184,0.251522528,0,2,0,1,3,4,2,1,5,1,2,4,1,4,2,2,0,0,0,1,0,2,1,1
INTP,NT,@INT.playlist,613qj3z3abX4AK6ahiZKHC,50,0.66902,0.151355574,0.6392,0.149301503,-5.60316,1.688770406,0.62,0.490314351,0.078858,0.065287109,0.205077,0.219787484,0.13848,0.077927399,0.55458,0.217247258,116.03668,27.4576979,0.004653281,0.026170846,3,1,2,6,3,1,1,5,2,3,2,4,3,0,3,0,0,2,6,0,1,0,0,2
INTP,NT,INTPP🎵,0Md8ILehzDq0IXQ2seGHLt,50,0.59332,0.17128249,0.61002,0.217913528,-6.91716,3.555842782,0.52,0.50467205,0.108968,0.099228585,0.278927468,0.323768454,0.20135,0.17103197,0.448176,0.190577612,122.79692,33.91624555,0.058994246,0.187468599,2,4,1,2,1,6,2,0,1,6,2,4,4,1,3,4,2,2,0,0,0,1,2,0
INTP,NT,INTP,78zW5K1yGa3FHp6NUCLUb4,25,0.56292,0.125380727,0.61192,0.192843183,-6.87572,3.101989033,0.56,0.506622805,0.069328,0.058777231,0.27296908,0.302043188,0.200336,0.155912256,0.454192,0.206808055,119.77984,31.94112184,0.021105208,0.080631969,0,0,0,2,4,2,1,2,1,2,0,3,1,1,0,2,2,1,0,1,0,0,0,0
INTP,NT,INTPlay,21fft1OUNCCrERWzgt3lDN,50,0.53122,0.150729693,0.65788,0.213299697,-7.68974,3.650689853,0.54,0.503457434,0.064564,0.063534528,0.210811558,0.299309397,0.162536,0.109471554,0.450112,0.25596306,126.37086,29.49608561,0.103989182,0.240202247,3,2,0,0,3,1,2,3,3,3,3,1,2,4,8,1,0,2,1,1,0,2,2,3
INTP,NT,INTP. A cringe playlist.,12pqfjXCgZhokkPp0eePbO,17,0.492647059,0.115096667,0.877,0.106831643,-4.948176471,2.106820034,0.470588235,0.514495755,0.072729412,0.044816595,0.012952665,0.04613346,0.156570588,0.108929225,0.369941176,0.167128121,107.5557059,20.9629995,0.091075561,0.202547103,1,0,0,1,3,1,1,1,0,0,0,0,2,1,0,0,0,3,1,0,1,0,1,0
INTP,NT,intp taste,3Zl3TuykzLC7BCdueilCgp,50,0.53464,0.153847627,0.6084,0.186712373,-6.92248,2.12876288,0.64,0.484873221,0.060786,0.048327459,0.2605542,0.291679951,0.161364,0.100385318,0.3908,0.19588139,114.98116,29.33635388,0.011081478,0.041008809,2,1,3,1,8,2,2,0,7,3,1,3,3,2,3,0,2,2,0,1,0,1,3,0
INTP,NT,Intp,1VwWRPvP2v5DN8rfEhXeWC,24,0.557958333,0.133261586,0.689583333,0.211417559,-6.310833333,3.547137801,0.5,0.510753918,0.073666667,0.043492495,0.206242458,0.273215362,0.1795375,0.116684069,0.482125,0.195450942,142.7425417,30.64476596,0.017269808,0.050350915,0,1,0,1,2,3,0,0,1,0,1,0,1,6,2,0,1,0,2,0,0,0,1,2
INTP,NT,INTP-pendejo,5h1cLridwNyqrkBYTl887e,29,0.615862069,0.146945501,0.677241379,0.187159721,-7.77262069,3.058281922,0.586206897,0.501230014,0.064913793,0.057320762,0.195242152,0.241348365,0.160268966,0.134541675,0.489413793,0.23367308,117.6576207,28.57042517,0.239340981,0.352167114,2,1,0,1,1,1,1,3,0,1,3,1,1,1,6,2,1,0,0,0,0,1,1,1
INTP,NT,INTP,2MzvJfFlj42e5hTTimghfl,5,0.5294,0.142868121,0.7434,0.150972845,-7.0892,3.136826613,0.4,0.547722558,0.0709,0.056338175,0.061722,0.032730535,0.16158,0.177540072,0.492,0.321553262,128.7906,33.68678206,0.22357284,0.368555842,0,0,0,0,0,0,0,0,0,0,0,0,1,1,1,0,0,1,0,0,0,0,0,1
INTP,NT,intp-t,5NwI93fXqGemDGzPEz9DQ0,34,0.556264706,0.106242236,0.403602941,0.197172812,-9.982794118,3.46985978,0.941176471,0.238832574,0.039879412,0.014915393,0.476943029,0.30861287,0.145952941,0.084606265,0.338470588,0.183761078,123.1287647,31.85278636,0.048854366,0.16257871,0,3,0,0,4,1,3,0,2,1,5,2,2,0,5,0,2,0,2,0,0,2,0,0
INTP,NT,INTP ,0io505YUbqa9zqmU2KZarK,50,0.4408,0.156324884,0.572752,0.237077642,-9.9958,3.61469393,0.58,0.498569382,0.056644,0.061389493,0.284777592,0.271641664,0.198122,0.174029301,0.477058,0.238922524,127.68696,28.6833539,0.143322118,0.27334543,1,5,4,2,6,2,3,2,1,2,1,3,2,3,4,1,1,4,1,1,0,0,0,1
