mbti,function_pair,playlist_name,playlist_id,track_count,danceability_mean,danceability_stdev,energy_mean,energy_stdev,loudness_mean,loudness_stdev,mode_mean,mode_stdev,speechiness_mean,speechiness_stdev,acousticness_mean,acousticness_stdev,liveness_mean,liveness_stdev,valence_mean,valence_stdev,tempo_mean,tempo_stdev,instrumentalness_mean,instrumentalness_stdev,Cminor_count,CMajor_count,C#/Dbminor_count,C#/DbMajor_count,DMajor_count,D#_Ebminor_count,D#_EbMajor_count,Eminor_count,EMajor_count,Fminor_count,FMajor_count,F#/Gbminor_count,GMajor_count,G#/AbMajor_count,AMajor_count,A#/Bbminor_count,A#/BbMajor_count,Bminor_count,BMajor_count,F#/GbMajor_count,Gminor_count,G#/Abminor_count,Aminor_count,Dminor_count
ISTJ,SJ,Istj 😌,7n03GjfjmqX9aVDgEML0Uu,46,0.563391304,0.160082962,0.487052174,0.231732843,-8.983978261,4.55064507,0.652173913,0.481543412,0.081767391,0.070465983,0.42290913,0.352883123,0.157682609,0.140379108,0.350443478,0.210634011,128.3426087,34.81741291,0.058768964,0.182132921,2,2,1,4,1,2,2,2,3,3,3,3,5,3,2,1,1,2,4,0,0,0,0,0
ISTJ,SJ,POV: you’re an istj ,2AxqeM4iZrKp93SHznEJpl,50,0.63074,0.138956726,0.68818,0.169321056,-7.0192,3.403806681,0.58,0.498569382,0.089074,0.091059395,0.1547273,0.198818238,0.218076,0.152763656,0.516272,0.233472312,126.9971,31.12269602,0.18105595,0.306965826,3,4,1,1,2,0,0,2,2,1,2,3,2,6,3,2,1,3,3,3,1,2,3,0
ISTJ,SJ,This Is IST IST,37i9dQZF1DZ06evO3wl9ok,29,0.44972069,0.123456115,0.657755172,0.24768216,-8.765172414,5.309713276,0.586206897,0.501230014,0.039444828,0.013284835,0.214909737,0.285287909,0.166103448,0.130573388,0.289044828,0.186468263,125.0525862,26.63300983,0.450217241,0.321762758,1,3,0,1,3,0,1,2,3,0,2,1,3,0,0,0,1,2,0,0,0,1,4,1
ISTJ,SJ,ISTJ energy.,0wiM37pbpWhoNRGJSougUy,50,0.54702,0.169997178,0.55034,0.233102739,-9.4898,5.860784558,0.56,0.501426536,0.060368,0.052013191,0.319668232,0.334081615,0.182704,0.133359193,0.416902,0.24352991,122.0637,28.364908,0.181309319,0.324575907,1,4,2,1,2,1,1,3,2,1,5,4,5,0,3,1,1,3,2,2,0,1,5,0
ISTJ,SJ,This Is IAMJJ,37i9dQZF1DZ06evO3n6Dza,20,0.5934,0.159196139,0.5523,0.121467388,-9.5779,1.585899044,0.3,0.470162346,0.06076,0.030734866,0.140279,0.137380154,0.21524,0.182100196,0.38925,0.153762248,115.3575,34.0134128,0.12467022,0.255703546,0,1,1,0,1,0,0,1,0,0,1,3,1,0,1,0,0,5,0,1,0,1,2,1
ISTJ,SJ,ISTJ songs,4qhJjuTNmmAwRoFAER1Wxr,50,0.52244,0.157081697,0.55362,0.24032044,-8.684,4.008243495,0.8,0.404061018,0.052746,0.037984456,0.34194024,0.322176147,0.13787,0.072930418,0.41789,0.263363678,120.54648,36.50973855,0.048251888,0.175176349,1,9,2,5,3,1,0,0,3,0,2,2,6,1,2,1,4,0,3,2,2,0,1,0
ISTJ,SJ,istj 5w6,1sEZwkcsP4W1rgCvVQ3hFl,50,0.5643,0.125665128,0.49496,0.197566621,-9.04946,4.147099976,0.68,0.471212071,0.06993,0.069928944,0.385512822,0.331528469,0.160834,0.091370396,0.366208,0.22192583,121.07372,30.43687704,0.071911772,0.197500214,1,4,4,1,3,0,2,5,4,0,8,1,2,4,2,1,1,1,2,1,1,0,2,0
ISTJ,SJ,istj // the logistician ,00Ni0Ve2XMw43uPE6g73RN,26,0.537653846,0.142634902,0.607846154,0.202624321,-7.508384615,2.985350259,0.846153846,0.367946484,0.069230769,0.055682024,0.244834269,0.251550654,0.185346154,0.142474119,0.502038462,0.238382463,135.6893077,32.50127297,0.011187368,0.033549088,0,8,0,1,3,0,0,1,1,0,2,3,1,0,3,0,0,0,3,0,0,0,0,0
ISTJ,SJ,istj,4EpxqOOsU8y8CxKzn9AGVW,50,0.45036,0.146157416,0.5079,0.252152549,-10.16168,3.841948488,0.66,0.478518121,0.047934,0.051204267,0.41763566,0.362769009,0.158594,0.126971048,0.37792,0.223132057,117.9634,33.08258982,0.143011237,0.251180921,0,5,5,4,5,0,1,2,1,2,3,2,3,2,3,1,2,0,3,1,0,1,4,0
ISTJ,SJ,ISTJ playlist ᶠᵒʳ ʸᵒᵘ  ꨄ︎,5CqvuCVmeSDhHBQWceX7ty,50,0.56196,0.169695401,0.57313,0.250722445,-8.19666,4.035303138,0.62,0.490314351,0.065914,0.064139612,0.302781846,0.334778025,0.202914,0.156071556,0.427926,0.270402992,114.61918,29.41422517,0.142216002,0.290303522,1,4,2,3,4,0,3,3,2,1,1,0,4,2,4,5,2,0,1,1,0,3,2,2
ISTJ,SJ,"Virgo, ISTJ, and Dowon",6UKCZ2kH7sCFzg4u5135cv,50,0.62896,0.13236421,0.50304,0.181350822,-7.57832,2.859967036,0.7,0.46291005,0.085226,0.065671917,0.460976,0.276557098,0.18969,0.126910215,0.46658,0.201822016,108.32282,30.48896955,0.008630705,0.048522002,1,5,2,1,6,1,3,2,2,0,3,3,4,4,3,1,1,1,3,0,0,1,2,1
ISTJ,SJ,ISTJ,0Re9fC5x4DJAZWTCvOM0nj,36,0.508611111,0.121067461,0.504416667,0.230824531,-9.086361111,3.984779149,0.583333333,0.5,0.064163889,0.064878137,0.420260444,0.340043065,0.146063889,0.083355857,0.296608333,0.177515585,118.0728333,31.12267716,0.157236366,0.28017536,2,4,1,1,2,0,0,0,1,2,3,2,1,1,4,0,2,1,0,2,3,2,2,0
ISTJ,SJ,ISTJ's values,0e73cAuDPlQ3X8kP2W67TC,17,0.609117647,0.108355827,0.506235294,0.160765563,-9.040176471,2.591934274,0.705882353,0.469668218,0.083611765,0.058262712,0.398194118,0.276518924,0.173252941,0.115510671,0.444705882,0.168755654,117.3405294,39.12136529,0.022247657,0.087576294,0,2,0,0,1,1,0,0,1,1,1,0,2,0,3,2,1,0,0,1,1,0,0,0
ISTJ,SJ,istj made by an istj,1YDlGxCwnHD18LIxUCdYRd,28,0.558535714,0.184890254,0.559214286,0.237637813,-9.526571429,4.45099653,0.678571429,0.475594866,0.061071429,0.03368567,0.240415714,0.279694792,0.166596429,0.136792066,0.392835714,0.225824836,129.0824643,35.80404497,0.154087535,0.260253215,0,2,1,1,1,1,1,0,1,0,2,1,2,2,2,1,3,0,1,1,1,0,4,0
ISTJ,SJ,Istj,76I2yauVptFj4H3CqtLQGD,50,0.56966,0.121171932,0.595158,0.223531462,-8.01506,4.126836949,0.72,0.453557368,0.083228,0.089806584,0.284569,0.277437079,0.181464,0.137906086,0.48418,0.205168392,124.77134,31.35268864,0.036828798,0.146759879,0,5,1,4,2,0,2,2,1,2,6,0,9,1,2,1,1,4,2,1,0,0,2,2
ISTJ,SJ,ISTJ,3RqSdOTz8Zz72dBEVT7JrO,50,0.61382,0.153967223,0.75714,0.13359427,-5.1324,2.023789081,0.54,0.503457434,0.130164,0.10305954,0.101722928,0.165850731,0.212236,0.131039501,0.48856,0.212300438,127.43038,33.55854342,0.007847718,0.030055762,2,1,4,7,7,1,2,5,3,2,0,1,3,0,0,2,2,2,2,0,2,0,1,1
ISTJ,SJ,ISTJ,3Nn0M9rF3X5umZzMojv9CL,27,0.703407407,0.137810701,0.597592593,0.12845929,-7.817814815,2.635724423,0.703703704,0.465321627,0.100340741,0.073560955,0.282252593,0.218479572,0.155622222,0.085561765,0.458981481,0.196031418,112.7796667,23.32055684,9.37E-05,0.000363114,1,0,1,5,3,0,0,0,0,2,1,1,1,2,2,1,2,0,3,0,0,1,1,0
ISTJ,SJ,ISTJ ,3bHvNQPiyZ65kuvriBNGup,14,0.619285714,0.117521473,0.673857143,0.122273877,-5.106857143,1.926976861,0.428571429,0.513552591,0.0474,0.019558551,0.138662143,0.166360997,0.15,0.094769624,0.430785714,0.216878619,114.1225,22.94203627,0.024076153,0.056240899,3,0,1,1,2,0,0,0,1,0,0,1,0,2,0,0,0,0,0,0,1,0,2,0
ISTJ,SJ,God OFF / ISTJ,7tt2GX5h9ELKRIzPwZ61PP,50,0.60972,0.129441822,0.67384,0.172431869,-7.32446,2.839061631,0.68,0.471212071,0.069198,0.059404207,0.20677517,0.227662103,0.180894,0.138141537,0.47466,0.222270162,123.67158,30.74563283,0.072543926,0.169693265,1,3,2,8,5,0,0,1,4,3,1,1,4,4,2,3,0,2,2,1,1,1,1,0
ISTJ,SJ,ISTJ,0mcoLfM3gkDdwL7ngJUpr0,15,0.530466667,0.182903123,0.664533333,0.145083654,-6.4118,2.106510832,0.4,0.507092553,0.059913333,0.030405776,0.187035467,0.22516274,0.263033333,0.205304866,0.4154,0.192277255,126.9106667,35.66111478,0.024845047,0.063811513,1,1,3,0,1,0,0,1,0,0,2,0,0,1,0,0,1,0,0,0,1,1,0,2
ISTJ,SJ,ISTJ Type Beat,5l4jWrmH1z6rsmWlt4y0zw,16,0.5700625,0.09680597,0.6484375,0.25255784,-7.514625,4.005190364,0.875,0.341565026,0.03895625,0.014798467,0.265618125,0.355140901,0.1110875,0.036242569,0.454875,0.185423434,124.61225,21.34712467,0.092084806,0.198307875,0,3,0,0,2,1,1,1,0,0,1,0,4,0,2,0,0,0,1,0,0,0,0,0
ISTJ,SJ,istj,3yPDxzOKVmctwv3MaDMGjD,36,0.546083333,0.137908122,0.543277778,0.187746426,-8.464555556,3.182857346,0.527777778,0.506309398,0.04595,0.026834961,0.315447068,0.322500911,0.171061111,0.119602903,0.34175,0.206695371,121.2176111,23.16614563,0.0880553,0.228960829,1,3,3,2,3,0,0,2,1,2,2,1,2,1,2,3,1,1,1,1,3,0,0,1
ISTJ,SJ,infp to istj era,5O9q8DyqFCN2RhyeWZ9ia2,36,0.582694444,0.12745236,0.724888889,0.15420372,-4.780388889,1.43648705,0.888888889,0.318727629,0.081697222,0.072504303,0.191311389,0.153901325,0.201263889,0.145668134,0.505416667,0.203417568,127.9546389,32.6904863,2.57E-05,0.000138075,1,4,0,4,3,1,3,1,4,0,4,1,2,1,3,0,2,0,2,0,0,0,0,0
ISTJ,SJ,ISTJ 💠,5q3ETOJMc2o1miVoTBYuva,50,0.52856,0.149482257,0.462454,0.223439522,-9.71876,4.988983253,0.78,0.418451958,0.04618,0.041072221,0.4714629,0.364058172,0.14586,0.08873788,0.37947,0.230488886,121.2509,31.70709799,0.158178388,0.280084718,1,4,1,2,4,0,2,2,1,1,5,2,5,1,6,1,5,0,0,4,2,0,1,0
ISTJ,SJ,ISTJ ,5lFP9BjbdbI84MYT8hewkD,50,0.59706,0.150256164,0.62472,0.171912298,-7.08072,2.478876927,0.62,0.490314351,0.06584,0.069612815,0.148965568,0.17870525,0.179828,0.125483572,0.420308,0.214618466,123.06666,29.58320018,0.134084362,0.253302983,0,6,0,4,3,0,0,5,4,0,4,4,1,2,4,1,0,2,1,2,1,0,6,0
ISTJ,SJ,istj,6ZwvfVF1CHP0p4IBag8ONw,50,0.58146,0.10023039,0.63458,0.180551094,-5.42932,1.862971934,0.84,0.37032804,0.065254,0.064343178,0.3442226,0.259784725,0.15314,0.100778903,0.4308,0.17074662,123.80686,30.74872471,1.98E-06,9.16E-06,0,5,1,8,2,0,5,0,2,2,6,1,4,4,2,1,1,1,2,1,0,0,1,1
ISTJ,SJ,ISTJ INFP taste,7BwoRcBv8zNa7hs6tjwVZH,50,0.695,0.11343127,0.77886,0.10996122,-4.37506,1.628146504,0.64,0.484873221,0.084454,0.055730801,0.143711,0.161111526,0.169768,0.11695333,0.66768,0.151751871,123.75146,27.13513606,0.000219998,0.001012003,0,4,0,4,3,1,0,1,0,3,3,3,3,7,5,3,1,3,2,0,1,1,1,1
ISTJ,SJ,ISTJ,43Vqe1VmxbSpNzPChBHAgv,9,0.309111111,0.224829071,0.139312222,0.14044009,-23.35233333,7.84174354,0.222222222,0.440958552,0.036611111,0.014154014,0.747566667,0.348264612,0.110855556,0.04504881,0.088022222,0.081902057,97.016,41.13696754,0.825555556,0.233534853,2,1,0,0,0,0,0,0,0,1,0,0,1,0,0,0,0,2,0,0,0,0,0,2
ISTJ,SJ,istj,05oVkhEBT0V1hJCW8mF6D4,48,0.5535,0.129984287,0.586375,0.194744636,-7.494416667,3.406896846,0.458333333,0.503533613,0.052652083,0.048714968,0.239576979,0.266489509,0.19510625,0.126115373,0.4049375,0.22826772,115.2878125,26.67290573,0.043634666,0.153724686,2,4,1,5,2,0,0,4,2,2,1,2,1,2,2,3,1,2,1,1,1,1,6,2
ISTJ,SJ,istj tings,0ac2o4WdUfMPA98nCMOQja,21,0.622428571,0.124480348,0.532204762,0.250468242,-9.307666667,4.480545607,0.714285714,0.46291005,0.076409524,0.079708035,0.428437781,0.350349308,0.176361905,0.116543157,0.52,0.20583027,114.1119048,22.43850651,0.086515297,0.230412464,0,5,0,0,1,0,0,2,2,0,1,1,1,0,1,0,1,0,2,1,0,0,2,1
ISTJ,SJ,ISTJ 🦋,2jTDHVMd8LGk6U5XGneOq9,15,0.525066667,0.120148995,0.566133333,0.115763223,-7.812266667,2.341653002,0.8,0.414039336,0.041953333,0.022341501,0.2474796,0.298765879,0.158906667,0.084667758,0.2882,0.153322815,139.8458,33.06673015,0.009144303,0.032656552,0,1,1,1,0,0,0,0,1,0,2,0,1,3,1,0,0,0,2,0,0,1,1,0
ISTJ,SJ,ISTJ (PDB),0EctXmIqa6mA4uLo5TojBT,50,0.53996,0.150386978,0.53387,0.250167104,-8.90694,3.748617119,0.78,0.418451958,0.056342,0.050668761,0.36860232,0.347033838,0.137964,0.08742791,0.430104,0.271355876,116.044,32.52224826,0.100576588,0.255287447,1,7,2,5,2,0,0,2,3,0,2,2,5,3,3,0,5,0,1,3,3,0,0,1
ISTJ,SJ,Comfort Songs - ISTJ,22lLOvJbCcmGjLuUJK05XW,39,0.508897436,0.151633699,0.616230769,0.209531113,-7.468153846,2.900425455,0.794871795,0.409073869,0.050946154,0.042334817,0.194963872,0.277922231,0.1743,0.164433276,0.401074359,0.247572952,132.9851538,31.12367261,0.093186709,0.21561171,0,4,0,3,4,0,0,1,1,2,5,1,6,1,5,1,1,1,0,1,1,0,0,1
ISTJ,SJ,esfj x istj,3bF3pdi4J3BWhPzcFbVcyK,50,0.54564,0.114552503,0.51282,0.182528465,-7.74866,2.497990479,0.8,0.404061018,0.052866,0.045214634,0.47014816,0.323105531,0.144752,0.100004272,0.359942,0.16206284,115.66372,29.14915572,0.007363867,0.040573869,0,9,3,2,4,0,1,0,1,2,3,1,5,2,6,0,5,1,0,2,1,0,2,0
ISTJ,SJ,ISTJ mbti,6YRus1Xds7sHu6BLgdbF6q,29,0.569862069,0.198129057,0.517275862,0.239632739,-8.798551724,3.417762035,0.75862069,0.43549417,0.052462069,0.026289276,0.288242793,0.318420379,0.158844828,0.117574704,0.415310345,0.24194217,115.3137241,36.68489087,0.118227609,0.257112548,1,3,2,1,2,0,0,0,2,0,3,1,5,1,2,0,1,2,1,1,0,0,1,0
ISTJ,SJ, intj/istj playlist,3nS80iG5eDXHXIXTbjEfwC,50,0.58144,0.132278488,0.67036,0.177068275,-6.82856,3.218093136,0.6,0.494871659,0.08364,0.077601268,0.17218854,0.205853361,0.196294,0.135133458,0.53736,0.199738274,127.76922,31.34984983,0.096502669,0.246841928,0,5,1,3,2,0,4,3,2,2,2,1,0,3,4,3,1,4,1,3,2,0,4,0
ISTJ,SJ,ISTJ,1ZqNaoPSs7P6yQDaQYB9KA,35,0.638771429,0.162044672,0.6626,0.173620987,-6.281828571,2.261144407,0.628571429,0.490240894,0.071462857,0.070782588,0.218185877,0.238825718,0.165628571,0.132989207,0.559114286,0.208912277,123.9574571,31.91213245,0.027522509,0.117803148,0,2,2,3,0,2,1,4,4,2,2,1,2,2,2,1,1,1,1,2,0,0,0,0
ISTJ,SJ,Istj mood,7IPp6nHSWdZnbNgRfTGVfd,22,0.557863636,0.131682987,0.660990909,0.218811556,-7.365909091,3.394423479,0.409090909,0.50323628,0.060290909,0.05247627,0.189791695,0.254760133,0.178927273,0.147782621,0.427181818,0.250446579,114.8124545,29.60270226,0.204281764,0.338221614,2,0,1,0,1,0,0,0,1,0,2,3,0,3,0,1,1,1,0,1,2,2,1,0
ISTJ,SJ,ISTJ,3xfZFgZQKEqPz8EJQxwMnX,37,0.603621622,0.132296038,0.547567568,0.19705943,-6.944405405,2.276092844,0.702702703,0.463373192,0.066489189,0.063222586,0.463012162,0.310377816,0.207610811,0.111246917,0.403035135,0.198884922,113.4455946,30.79534993,0.058520116,0.212836486,0,2,1,1,3,1,1,2,3,2,2,0,1,3,6,1,2,0,1,1,1,0,2,1
ISTJ,SJ,「 istj 」,3vIoTaSq2yQbjtXdA8VXcx,50,0.345826,0.121472427,0.0945162,0.083538447,-22.20952,5.738935744,0.28,0.453557368,0.04098,0.006377608,0.96398,0.044776766,0.10458,0.017714009,0.167524,0.104639021,109.71524,35.56298726,0.8589278,0.211953383,3,0,0,1,3,1,4,4,1,3,2,1,1,1,0,3,1,5,0,0,2,1,8,5
ISTJ,SJ,embodying the istj slytherin gemini i am,5fmJNZeVrIMDFRhNwjpmC2,50,0.58342,0.15020545,0.61088,0.158620281,-7.42362,2.273424755,0.54,0.503457434,0.053132,0.033274489,0.187132319,0.198214722,0.161066,0.118544599,0.388672,0.218081527,114.58972,26.4248016,0.048728139,0.153051471,3,10,1,2,1,1,0,2,0,2,0,1,4,1,3,3,5,3,0,1,3,0,4,0
ISTJ,SJ,"estj, entj, intj, istj, istp",6Q4l73KN7JDLOebGK4jkBl,33,0.629,0.151752471,0.678272727,0.156150623,-6.378,3.06762407,0.606060606,0.496197663,0.08510303,0.079852972,0.144079364,0.177678334,0.218081818,0.159427708,0.529666667,0.23501086,126.5639697,27.51059058,0.098734635,0.231491649,1,4,0,2,2,0,1,1,2,1,3,2,1,1,3,1,0,0,0,1,1,1,5,0
ISTJ,SJ,ISTJ,2hv5ZZj0kA0iCT7C2j5ife,15,0.496333333,0.147987773,0.588466667,0.236942087,-8.456466667,4.605904252,0.666666667,0.487950036,0.055066667,0.047670576,0.2522732,0.29076052,0.154166667,0.066009498,0.372833333,0.23082087,115.2802667,28.87649671,0.001003183,0.00222685,3,0,0,1,1,1,0,0,2,0,2,1,1,0,2,0,0,0,0,1,0,0,0,0
ISTJ,SJ,ISTJ x INTJ,3w8ho1s0cvk5JJ5sXHXQj7,49,0.571979592,0.164955106,0.63244898,0.17892073,-6.633755102,3.055291145,0.571428571,0.5,0.060885714,0.041720419,0.283501796,0.29877524,0.173067347,0.104362494,0.502061224,0.214699636,128.2770612,34.31903539,0.089017105,0.224247194,1,5,2,2,2,4,0,1,3,1,1,3,3,4,5,0,0,4,1,2,3,1,1,0
ISTJ,SJ,ISTJ  ,5I04P3MhsKnlk8LmEEP0GS,50,0.47498,0.136856918,0.538926,0.232370825,-9.87972,3.873711378,0.72,0.453557368,0.040372,0.019849094,0.217534192,0.235001381,0.145092,0.082496082,0.428748,0.229516279,123.48728,25.1091051,0.143609351,0.247130396,0,11,1,0,4,0,1,7,3,0,1,2,6,1,4,0,3,3,2,0,0,1,0,0
ISTJ,SJ,istj-t,1i5KbQIgsR4xpkEGZjcrbt,50,0.5284,0.14706822,0.5426,0.152603795,-7.65152,2.13095513,0.78,0.418451958,0.042008,0.046071647,0.346350751,0.317473455,0.152414,0.094505752,0.367022,0.229539478,111.0349,27.02850258,0.170421906,0.300968501,1,8,2,2,2,0,3,1,2,1,4,1,2,4,3,1,2,1,4,3,1,1,1,0
ISTJ,SJ,Sei lá musicas que um istj escuta,2vltvPFZoKKI7YToJA8nTX,50,0.60382,0.153266567,0.64642,0.179089772,-7.87384,3.187250759,0.58,0.498569382,0.08084,0.078015878,0.20031042,0.257614149,0.19956,0.163919412,0.484492,0.222058394,119.68582,30.61970261,0.12940227,0.259828918,2,3,0,5,4,0,0,2,1,4,1,2,1,4,7,2,1,2,1,1,3,1,3,0
ISTJ,SJ,"infj, intj, istj, intp, infp",74zPobBKxQk5TQUcYHIvoE,50,0.65276,0.139023498,0.5853,0.135096224,-7.50856,2.64969507,0.42,0.498569382,0.088278,0.071204908,0.20425454,0.225691657,0.207662,0.155631961,0.374814,0.178345122,116.92034,23.99039418,0.030988478,0.111010134,2,3,5,3,4,0,0,1,1,2,1,1,1,2,2,5,2,4,0,2,2,0,4,3
ISTJ,SJ,istj 23,41hhcM19AkTWgIeY7D5734,50,0.58584,0.111831389,0.41092,0.182343457,-9.36508,3.461985038,0.8,0.404061018,0.0473,0.024937997,0.62129328,0.304152945,0.12973,0.073477794,0.38752,0.166777285,106.66572,25.31849034,0.025669396,0.110742555,1,5,2,2,3,0,2,2,3,3,5,0,5,4,2,1,1,1,3,5,0,0,0,0
ISTJ,SJ,ISTJ playlist,033ZTVgm58MDoHiWXWWosw,38,0.562394737,0.113554497,0.666710526,0.175895532,-8.160921053,3.014981488,0.684210526,0.471069121,0.06115,0.052388557,0.247840789,0.249758667,0.198378947,0.153143034,0.443276316,0.207726511,127.3761579,34.02106597,0.199167477,0.33942746,0,2,0,4,2,1,0,3,1,3,4,1,1,2,2,1,0,0,4,4,1,0,2,0
ISTJ,SJ,Istj vibe,3RwG6lxgLNnGW9RMWfftt3,42,0.659095238,0.131824867,0.665952381,0.159792389,-5.873261905,1.702281526,0.523809524,0.505486737,0.081533333,0.075458477,0.126425,0.204291545,0.184557143,0.136926931,0.495742857,0.223710654,118.6714524,26.12844169,0.008653879,0.029164636,1,4,2,0,3,0,1,3,1,3,3,2,3,3,2,3,1,4,0,1,2,0,0,0
ISTJ,SJ,istj,3y9cnhSdUyUl4o8AgArXA2,50,0.6037,0.110259296,0.59574,0.172424466,-6.73938,2.132315154,0.74,0.443087498,0.054678,0.042699316,0.30172906,0.24153346,0.156842,0.108949445,0.45866,0.195205032,122.61728,31.80189027,0.029952168,0.124774409,1,4,1,4,5,0,1,2,2,2,7,3,3,5,1,0,2,3,2,1,1,0,0,0
ISTJ,SJ,istj 1w9 struggles,2U1sOdXvt3AW8sFLWionks,4,0.76275,0.088205725,0.67225,0.154603525,-6.28125,2.676533501,0.5,0.577350269,0.06755,0.040088444,0.334625,0.225462257,0.247,0.151993421,0.60175,0.087568545,121.26025,19.14886043,9.18E-06,1.84E-05,0,1,0,1,0,0,0,0,0,0,0,1,0,0,0,0,0,0,0,0,0,0,0,1
ISTJ,SJ,a playlist for istj,37YGG7PnpLklXsBsr5pCQg,15,0.521933333,0.106168644,0.463466667,0.202425601,-8.802266667,3.039604802,0.8,0.414039336,0.06116,0.043847655,0.557446667,0.289920986,0.174946667,0.099220569,0.326746667,0.158106537,102.3487333,16.99424707,0.074427304,0.209423172,0,0,0,0,0,1,3,0,0,1,4,0,0,0,3,0,1,1,0,1,0,0,0,0
ISTJ,SJ,ISTJ,6GfKSkwhNGv8YpKazSw3JL,40,0.493,0.169317484,0.57665,0.204271256,-8.3437,3.71333922,0.525,0.505736325,0.04202,0.020075016,0.341598465,0.340968616,0.15258,0.108325931,0.3868525,0.229678463,122.798125,28.50117302,0.214260813,0.35043104,2,7,0,4,3,3,0,1,0,1,2,0,2,0,2,0,0,3,0,1,1,1,6,1
ISTJ,SJ,istj 5w6,0WEd5QOCDuQfLoihPXKof1,24,0.554541667,0.153881936,0.6996375,0.190542878,-7.221208333,3.387670535,0.625,0.494535355,0.067079167,0.061987032,0.193965417,0.250436935,0.191525,0.16933359,0.5126875,0.284887537,125.7480833,30.28881389,0.221615446,0.3101793,0,3,0,1,1,0,1,2,0,0,2,2,3,1,2,0,0,0,1,0,0,1,2,2
ISTJ,SJ,22istjetztda,6K64j0COd2m0UNxspfOPvV,50,0.65726,0.135695008,0.6272,0.161564545,-8.41952,2.979953062,0.58,0.498569382,0.121432,0.116375784,0.319304478,0.262476054,0.182258,0.115528929,0.531394,0.235096632,125.86728,32.71962609,0.137665606,0.255421105,2,6,0,2,6,1,1,3,2,0,3,3,2,3,2,1,2,6,0,0,1,1,1,2
ISTJ,SJ,istj lvfe,1fgHpCc8PRyKtApTLLzbQc,50,0.51454,0.138627266,0.60992,0.176399921,-7.45378,2.729900322,0.56,0.501426536,0.042542,0.019111286,0.239384098,0.279464773,0.15747,0.114055989,0.40123,0.20495343,115.45802,29.44697528,0.126743989,0.228545285,3,5,1,2,4,0,1,2,1,2,3,3,2,4,2,1,1,3,0,3,4,1,2,0
ISTJ,SJ,istj.,0y1xAynUWVLMcR2RCiczcW,50,0.52304,0.141382093,0.5071,0.229943316,-8.90776,4.062508447,0.64,0.484873221,0.05732,0.064565196,0.48696078,0.358885577,0.184322,0.140648387,0.366008,0.203690637,120.47644,29.54113959,0.068973031,0.203676184,2,7,2,2,3,1,4,6,1,1,4,1,3,0,3,2,1,2,3,1,0,0,0,1
ISTJ,SJ,Istj | Ev,085LtibfmFUU657dooyQBn,50,0.54758,0.132457631,0.48598,0.197015641,-9.57106,2.851489188,0.88,0.328260723,0.042006,0.023946773,0.5307646,0.284163046,0.147028,0.128130093,0.410998,0.194189693,116.18148,27.19309719,0.048354632,0.152946749,1,7,1,3,7,1,1,0,4,0,3,0,6,2,5,0,2,1,1,3,0,0,2,0
ISTJ,SJ,istj ass actin' up,6iDbohhNKXVKePqVozILEJ,31,0.656354839,0.147799312,0.554935484,0.11997109,-7.312612903,2.193534175,0.451612903,0.505879411,0.094983871,0.076773025,0.215026452,0.213506454,0.1454,0.095507884,0.37586129,0.207172319,119.626129,31.2276627,0.010854148,0.03672684,1,1,0,0,2,1,0,1,0,3,2,2,2,3,0,1,1,2,1,2,1,2,2,1
ISTJ,SJ,ISTJ PLAYLIST,5y4B42w1ldg8DXXv5sWRgw,10,0.7297,0.114515453,0.549,0.204257463,-7.338,3.582375624,1,0,0.11197,0.124071924,0.45506,0.358148564,0.21146,0.145765963,0.5547,0.185321972,114.3182,25.67525448,0.054463624,0.172005656,0,4,0,1,1,0,0,0,1,0,0,0,1,1,1,0,0,0,0,0,0,0,0,0
ISTJ,SJ,ISTJ 1w9 vibes 🗿,5gY7k4Vw81BXDh5u47X1Sf,42,0.576928571,0.161988466,0.630238095,0.219028432,-8.481809524,4.081510889,0.523809524,0.505486737,0.042945238,0.017645869,0.272083214,0.30940009,0.166752381,0.120373393,0.530816667,0.240769735,124.3479762,28.40959479,0.147771448,0.296947442,2,4,0,2,3,2,2,3,1,1,3,1,2,0,2,0,2,3,0,1,1,1,4,2
ISTJ,SJ,JCs: For the ISTJs 🧘🏻‍♀️🧘🏾‍♂️,5HS5syPwfxGGGYW6aCjxwa,29,0.609862069,0.162431024,0.501448276,0.196989229,-10.07962069,3.273635838,0.75862069,0.43549417,0.044706897,0.023784147,0.47487931,0.282830984,0.139582759,0.07713046,0.504931034,0.2471561,106.1413103,27.06065431,0.416535672,0.402797236,0,2,0,1,6,0,1,1,2,1,0,0,3,2,2,0,1,3,0,2,0,0,2,0
ISTJ,SJ,"si, soy ISTJ 1w9 ",2eZLN1s3kJRTOnHRHsgBtm,37,0.287254054,0.121606857,0.064538108,0.075014987,-25.87332432,6.20127774,0.756756757,0.434958836,0.043972973,0.006640517,0.963891892,0.11048901,0.109610811,0.041298848,0.141443243,0.149976445,92.8167027,25.67653182,0.837316216,0.226387978,1,2,2,4,3,1,4,1,1,1,1,1,5,4,3,0,1,1,0,0,1,0,0,0
ISTJ,SJ,aries intj virgo istj ,0pL2Wc5silW2ymhlE7D568,50,0.4815,0.155573495,0.52718,0.225998617,-9.63098,3.160164917,0.78,0.418451958,0.072238,0.079984475,0.31288586,0.354539862,0.191482,0.143502429,0.337156,0.210442289,115.31064,25.98108266,0.063183063,0.161699344,0,6,1,9,7,1,1,2,1,1,1,1,3,1,3,1,2,2,4,1,1,0,1,0
ISTJ,SJ,ISTJ 🐧,2HXZOxWGHtvwGywelF3DIP,10,0.5709,0.10213874,0.7314,0.101143682,-4.4906,0.89535793,0.3,0.483045892,0.1869,0.147914645,0.15856,0.126064597,0.16284,0.11117372,0.6358,0.185027806,134.4377,34.10287064,1.66E-07,5.25E-07,0,0,0,2,1,0,0,0,0,0,0,0,0,0,0,1,0,2,0,0,0,1,1,2
ISTJ,SJ,istj kpop,3D2AzPt3k9dyIfEYdCphZe,21,0.648619048,0.110312047,0.837238095,0.098798231,-3.289047619,1.356307689,0.095238095,0.300792604,0.093661905,0.043888216,0.104938905,0.109851531,0.193533333,0.153814483,0.630761905,0.186377548,123.991,28.30930406,8.71E-05,0.000341808,0,0,0,0,0,1,0,1,0,3,0,4,1,0,0,2,0,1,1,0,1,2,4,0
ISTJ,SJ,music taste ng isang istj na pisces,02GQyXeDUE5cBcvhfzLbR1,50,0.6176,0.102947183,0.581474,0.194101554,-7.55576,3.231966234,0.84,0.37032804,0.052902,0.051130675,0.28340068,0.300209646,0.169694,0.113297199,0.496162,0.224607363,118.46632,27.33224376,0.045692472,0.151501753,0,6,2,6,2,1,0,0,2,0,4,0,4,4,7,1,0,2,1,6,0,2,0,0
ISTJ,SJ,ISTJ/ISTP 6w5,6dCR9Y9YqiWYRQhg7GUMHN,30,0.508,0.136262424,0.692166667,0.193099775,-6.6583,2.590852052,0.5,0.508547628,0.065223333,0.05480154,0.207766223,0.283302568,0.15852,0.106667251,0.402616667,0.202821804,122.9078333,27.16825923,0.05117021,0.157292076,2,2,3,2,2,1,2,1,1,1,1,1,2,2,1,0,0,1,0,0,1,1,3,0
ISTJ,SJ,➪𝙸𝚜𝚝𝚓,1KRA0qtTSgENyPYA31kpaA,30,0.605133333,0.1371975,0.551066667,0.186551266,-8.153166667,2.96975759,0.433333333,0.504006933,0.06865,0.091391427,0.280591151,0.284686991,0.148603333,0.111169751,0.459216667,0.250981601,107.3578667,24.44194632,0.119898454,0.237598811,2,2,0,0,4,0,0,3,1,1,0,4,1,1,0,1,4,2,0,0,2,0,1,1
ISTJ,SJ,istj :),1PCrwZeoKZUe4vUOYZnj6V,47,0.584042553,0.150987756,0.654553191,0.20338257,-6.92887234,3.463649574,0.531914894,0.504374939,0.059331915,0.031800172,0.261702838,0.291972413,0.167395745,0.11398809,0.467474468,0.225198621,127.2891702,30.57744988,0.099765016,0.232430832,1,4,6,3,0,0,1,3,0,1,3,2,3,2,7,2,1,2,0,1,3,1,1,0
ISTJ,SJ,casca | character playlist,4xzVeMFzOfmq9Kz8G7C7oC,25,0.44264,0.11543392,0.679212,0.208714694,-7.53424,5.323411228,0.6,0.5,0.048884,0.02887181,0.206740216,0.307338999,0.176452,0.185275568,0.36984,0.249576379,128.8184,32.02913102,0.217144427,0.360090182,2,2,1,1,1,0,2,1,0,1,1,1,1,3,1,0,3,0,0,0,1,1,1,1
ISTJ,SJ,ISTJ - Taylor's Version,7tuX5r84HFSZusZfzLmG9M,33,0.584969697,0.108233395,0.565545455,0.143361451,-7.468757576,2.07487087,0.878787879,0.331433983,0.048360606,0.031666198,0.267055242,0.301082129,0.132642424,0.073910233,0.374939394,0.159790672,120.6719394,28.15524672,0.000279217,0.001034843,1,5,1,0,3,0,0,0,5,0,5,0,6,2,2,0,0,0,0,1,0,0,2,0
ISTJ,SJ,ISTJ Gemini,1UfNu8dL1AJcnykIhfp7wF,47,0.588702128,0.147709161,0.459978723,0.190489814,-9.155702128,2.916113874,0.680851064,0.471186429,0.06542766,0.068242603,0.49335434,0.338414349,0.148455319,0.08865347,0.432621277,0.218507909,115.7751277,28.57676326,0.124784959,0.260693844,4,2,0,3,2,1,4,1,4,0,3,0,3,0,2,1,2,2,3,4,1,0,3,2
ISTJ,SJ,istj-t,7pUFryVLhIUsanyPD8pE2J,11,0.561181818,0.152988116,0.438490909,0.211891319,-8.487636364,5.358296339,0.727272727,0.467099366,0.038972727,0.00895512,0.503367273,0.369040135,0.154809091,0.085863106,0.359345455,0.202162095,125.9025455,30.0720288,0.084117431,0.278889204,2,2,0,1,2,0,0,0,0,0,1,1,1,0,0,0,1,0,0,0,0,0,0,0
ISTJ,SJ,Istj mood,556TVhk0BKaNGbyo5T6xis,29,0.563689655,0.142441493,0.672268966,0.216014942,-7.242724138,3.785591961,0.586206897,0.501230014,0.060268966,0.070159345,0.237481252,0.297258813,0.177265517,0.132482954,0.427393103,0.24238531,114.9191724,29.39724487,0.185242931,0.324279369,2,0,1,0,3,0,0,1,1,1,2,3,1,4,0,1,3,1,2,1,0,1,1,0
ISTJ,SJ,ISTJ x INFP,7s6ZjHQDXXbBGIPR102Fnu,50,0.5781,0.133464701,0.611854,0.210903161,-8.17786,3.648464838,0.72,0.453557368,0.055678,0.049823961,0.30631724,0.333237066,0.169046,0.104603733,0.423474,0.233211652,118.60974,30.56442253,0.146176702,0.283296533,1,4,1,6,3,0,4,2,2,1,3,2,3,2,5,1,1,1,2,1,0,1,4,0
ISTJ,SJ,ISTJ x INFP,7s6ZjHQDXXbBGIPR102Fnu,50,0.5781,0.133464701,0.611854,0.210903161,-8.17786,3.648464838,0.72,0.453557368,0.055678,0.049823961,0.30631724,0.333237066,0.169046,0.104603733,0.423474,0.233211652,118.60974,30.56442253,0.146176702,0.283296533,1,4,1,6,3,0,4,2,2,1,3,2,3,2,5,1,1,1,2,1,0,1,4,0
ISTJ,SJ,istj,40K8mZuqVCPhGUsspsLON1,17,0.650588235,0.097774012,0.600647059,0.146694811,-6.390294118,1.886356003,0.529411765,0.514495755,0.130417647,0.112734956,0.249829412,0.27646976,0.187405882,0.164821617,0.456588235,0.150370816,114.6585294,32.00451068,0.000749996,0.002692155,1,2,0,2,0,0,2,3,0,0,0,1,1,0,0,0,1,0,0,1,0,1,2,0
ISTJ,SJ,istj 6w5,3gj7XWhzUJvtiILxfTPvGs,14,0.407857143,0.129888625,0.496357143,0.287984403,-9.722928571,3.767733709,0.714285714,0.468807231,0.049642857,0.036117452,0.395695909,0.402181359,0.134514286,0.075884202,0.206821429,0.140173432,128.6769286,33.60457936,0.099678649,0.218199113,0,2,0,1,0,0,0,1,0,1,4,0,0,1,0,0,0,0,1,1,0,0,1,1
ISTJ,SJ,istj,3c9h6YCYBY4uJdGUfcqrKR,11,0.581636364,0.181877031,0.734545455,0.206633184,-5.427272727,1.519178731,0.727272727,0.467099366,0.080918182,0.100743167,0.175220909,0.208984591,0.147654545,0.085591277,0.556363636,0.133210565,128.5218182,30.5388515,0.129979606,0.295260769,0,1,1,3,0,1,0,0,1,0,0,0,1,1,0,0,1,0,0,0,1,0,0,0
ISTJ,SJ,Istj playlist,46OOiBB4pP1gaE8kPkcuMX,50,0.57558,0.127694963,0.6199,0.161923924,-6.2848,1.984073906,0.66,0.478518121,0.075788,0.087606508,0.34800762,0.290999617,0.161468,0.082138408,0.456858,0.202776865,125.65706,34.75172934,0.005626628,0.025155765,1,3,2,1,1,0,1,0,1,0,5,4,4,6,4,2,5,2,1,1,2,0,2,2
ISTJ,SJ,istj vibes,3BYKQ1pcILH3aI5aoXSEwo,42,0.583928571,0.144609211,0.621738095,0.176915173,-6.466071429,2.171552568,0.547619048,0.503760539,0.068847619,0.060062712,0.259418333,0.266334884,0.158633333,0.101234745,0.391835714,0.209740703,125.7689524,29.3275295,0.000650506,0.00340262,4,2,1,1,3,0,1,2,4,0,3,3,0,2,4,1,0,2,3,0,0,2,4,0
ISTJ,SJ,istj type shit,6tHWqDrJSayBa1jv6EYsia,28,0.59875,0.13491743,0.578975714,0.192777719,-8.383178571,5.855444267,0.785714286,0.417855447,0.059578571,0.056639329,0.301527607,0.304017427,0.145078571,0.094656073,0.497275,0.248301055,110.4868571,26.26030101,0.107841266,0.202232677,1,6,0,2,1,0,0,0,2,0,2,1,4,1,4,0,0,1,0,0,2,0,1,0
ISTJ,SJ,💎 Sam Trapani 💎,6DA9MTqvy0fJJNcYexQscT,50,0.55468,0.148412613,0.57014,0.262257625,-8.56998,4.235675969,0.7,0.46291005,0.06242,0.055983332,0.381887028,0.36270647,0.195062,0.138473442,0.45448,0.212744576,116.01004,28.84952837,0.115734016,0.241547906,0,3,1,4,4,0,3,4,2,2,0,3,4,3,5,0,3,2,1,3,1,1,1,0
ISTJ,SJ,cassss ☆,2Jz2ORndwOlPxXuCqPWfpM,50,0.68866,0.113288616,0.71398,0.13905622,-4.58538,1.847752191,0.42,0.498569382,0.082824,0.057933962,0.2144435,0.225802855,0.20515,0.163211953,0.54866,0.200829283,124.9162,25.68240168,0.000556197,0.001900827,2,6,2,2,0,1,1,3,1,1,1,4,5,2,1,4,0,3,0,2,2,3,2,2
ISTJ,SJ,istj love songs,3jPgvr4uqzUlACTgS5pjiP,40,0.50975,0.142988748,0.43033,0.230864967,-9.759175,4.264770736,0.8,0.405095747,0.0490075,0.059095374,0.457323825,0.393176792,0.1379175,0.07266955,0.3150825,0.210473975,115.6143,30.34370183,0.070945905,0.173918753,2,11,3,2,1,0,4,0,1,1,2,0,5,0,2,0,1,0,1,2,1,0,0,1
ISTJ,SJ,Neotraditional Country,4cfGtp640V8F7T5EQeCNCP,49,0.633469388,0.074946676,0.658959184,0.166588935,-8.743061224,3.027145661,0.979591837,0.142857143,0.035479592,0.008941942,0.248253265,0.174520061,0.222234694,0.153356545,0.724020408,0.169842389,122.9170408,31.62904279,0.000707578,0.002307479,0,7,0,0,4,0,0,0,11,0,3,1,9,1,7,0,4,0,0,2,0,0,0,0
ISTJ,SJ,yoshikage kira | character playlist,1Jimkh5QUjHdz5nvBqXxr3,37,0.574324324,0.166791296,0.662778378,0.240991483,-8.265621622,4.388455064,0.702702703,0.463373192,0.068632432,0.087822558,0.186331838,0.263155566,0.192848649,0.145880057,0.499059459,0.250750978,119.6083784,25.03269136,0.157874214,0.279094186,2,2,1,4,4,0,1,0,0,1,0,1,2,4,2,1,3,1,4,0,0,1,2,1
ISTJ,SJ,ISTJ💙,2LwI8slT960OvQ25TmMwqU,36,0.561222222,0.166391811,0.712177778,0.207709828,-7.261361111,5.713660134,0.75,0.439155033,0.069402778,0.066158884,0.187387239,0.284416892,0.191536111,0.147564276,0.519936111,0.276092332,122.3220556,30.68906343,0.148136627,0.301427988,1,3,0,1,4,1,2,1,2,1,2,0,3,2,4,2,1,1,1,2,1,1,0,0
ISTJ,SJ,ISTJ 1W9,1u0zv1wr21tTR6tPZL8VgY,50,0.62316,0.123015904,0.61168,0.120258809,-7.0872,2.16649235,0.48,0.50467205,0.087284,0.074543299,0.15061896,0.138042513,0.190466,0.120490797,0.377864,0.218634768,124.6538,22.62136033,0.027509605,0.127299518,0,0,3,1,6,0,0,1,0,3,0,2,1,2,3,3,2,4,5,4,3,3,1,3
ISTJ,SJ,JUNGWON 🐈,764D6NdPiaIyTKBKrzCbYi,50,0.6544,0.154265343,0.708282,0.167597528,-5.70764,3.438931726,0.54,0.503457434,0.100544,0.086185396,0.17104794,0.223775064,0.166136,0.089348375,0.54398,0.188197409,112.18358,26.9194822,6.78E-05,0.000356939,1,3,0,7,1,2,1,0,0,3,0,4,4,4,2,3,0,2,3,2,1,5,2,0
ISTJ,SJ,playing with my istj,22CHXO3ydv063h2tPIt8fa,38,0.537236842,0.130763338,0.403947368,0.20493281,-9.421710526,2.821209966,0.921052632,0.273276313,0.033468421,0.00775047,0.697251053,0.269759832,0.128489474,0.057443635,0.401684211,0.196201235,104.2861842,22.33905294,0.008164294,0.022514275,0,2,0,3,9,0,1,1,2,1,1,0,5,3,3,0,0,0,1,5,1,0,0,0
ISTJ,SJ,ISTJ,4CKJgK7b4yj9uetsv4NB9E,36,0.542777778,0.142015112,0.631888889,0.20773249,-7.752527778,3.529043217,0.777777778,0.421637021,0.064091667,0.070178936,0.301399347,0.32747901,0.148175,0.108297385,0.4937,0.238225667,121.985,24.73321885,0.059058103,0.167311301,1,3,0,3,4,1,0,0,1,1,3,2,6,2,4,0,1,2,0,1,0,0,1,0
ISTJ,SJ,istj: the logistician,2MpmrZJJFUFYe1vW6BJnya,31,0.543354839,0.156162853,0.593548387,0.196110996,-7.83816129,3.186019702,0.806451613,0.401609664,0.05473871,0.039318144,0.258401,0.266332722,0.159712903,0.112973613,0.434235484,0.260359288,113.8635806,30.23421514,0.048102139,0.182211775,0,3,2,1,3,0,2,1,2,0,3,0,8,1,1,0,0,0,1,0,1,1,1,0
ISTJ,SJ,istj 9w1,2Iv6p6XgMF5Ru9MJwCAEms,35,0.587514286,0.164699257,0.475834286,0.202810571,-10.17282857,3.991468206,0.628571429,0.490240894,0.046511429,0.032011944,0.495412286,0.325219169,0.167285714,0.132826023,0.472368571,0.26070246,122.7141143,34.3418561,0.376979549,0.377576087,0,1,1,3,2,1,1,2,4,1,2,0,1,4,1,2,0,2,1,2,0,2,2,0
ISTJ,SJ,god complex ,17gpgqz0ETe2joQjQlUzRO,50,0.52468,0.138041319,0.63944,0.193619252,-6.58034,2.598550417,0.74,0.443087498,0.050006,0.054236449,0.203579668,0.248857792,0.168386,0.111806316,0.417246,0.218209346,130.62844,33.58365261,0.135203013,0.285557362,2,5,0,3,3,0,2,1,3,0,8,1,5,2,4,1,0,1,1,1,0,0,6,1
ISTJ,SJ,ISTJ playlist,7skij5qLAuFkpe4H3CgPKR,34,0.506647059,0.158451959,0.573617647,0.220984713,-8.162,4.062823082,0.794117647,0.41042563,0.040808824,0.032701565,0.319202059,0.317919767,0.190494118,0.143740176,0.395308824,0.232047671,116.7086765,27.86735806,0.165276635,0.301026449,0,5,1,2,3,0,1,1,2,0,3,1,1,1,3,0,3,1,0,3,2,1,0,0
ISTJ,SJ, OO,4u2MH7Qjkpf4NTNW3dIQEV,50,0.61606,0.120697025,0.86138,0.136540327,-3.72356,2.611502939,0.54,0.503457434,0.109506,0.080699385,0.08452616,0.130602003,0.230132,0.136508321,0.7078,0.197095543,132.4675,28.95125273,0.051111378,0.171344063,0,1,0,6,3,0,0,2,0,5,0,4,4,4,5,2,0,8,3,1,2,0,0,0
ISTJ,SJ,istj supremacy,7KttVFM51zEr21HQPOvDwX,50,0.60286,0.141851893,0.68184,0.169024133,-6.49532,2.544270397,0.6,0.494871659,0.062436,0.06650967,0.147602568,0.210523125,0.211858,0.125575402,0.52768,0.223080606,123.05656,26.35707848,0.063551195,0.191429466,1,7,2,4,2,0,0,2,2,2,4,2,5,0,3,0,0,3,1,2,0,2,4,2
ISTJ,SJ,chaton🐈‍⬛,1mgYFoRi45VyNuXswWVxTG,50,0.60634,0.155488383,0.61384,0.20440859,-7.4715,3.052043412,0.72,0.453557368,0.056112,0.033580641,0.234228764,0.25933694,0.17844,0.116456841,0.505314,0.248496169,122.93714,31.58553095,0.120220313,0.271790021,1,8,0,1,5,0,1,3,2,0,4,1,5,3,2,3,1,2,1,3,0,1,3,0
ISTJ,SJ,Entj + Istj ♡ ,467vj6LUX90tmwUxGtZkie,43,0.605023256,0.140319107,0.696674419,0.152109879,-6.287604651,1.595364851,0.651162791,0.482242822,0.060983721,0.055198028,0.228377549,0.2451398,0.225732558,0.228462529,0.612093023,0.230240125,126.7514651,34.39997996,0.050992611,0.168188242,0,7,0,2,5,0,2,6,2,0,0,1,4,2,3,0,0,2,0,1,1,0,4,1
ISTJ,SJ,garnet ,0l3adHiSWKLp0RJvQ6luli,44,0.675113636,0.108601944,0.694909091,0.150328449,-6.970886364,2.454682675,0.477272727,0.505257768,0.093377273,0.094113412,0.145545341,0.201767636,0.206377273,0.172720932,0.599931818,0.220892944,118.4260682,28.53106797,0.129621345,0.247252703,3,3,2,3,5,0,0,3,1,1,2,0,1,0,1,2,0,5,2,3,1,3,2,1
ISTJ,SJ,little miss perfect,72Po5AIJNPjrARfrtn3qg0,50,0.54306,0.122496882,0.55122,0.221097937,-7.90048,2.928090157,0.74,0.443087498,0.064268,0.067990493,0.371842278,0.336249648,0.150366,0.100746312,0.376972,0.190572281,126.05226,28.1026174,0.018680073,0.077945683,0,6,1,5,5,0,1,1,4,0,3,4,2,2,5,0,2,1,1,1,1,1,2,2
ISTJ,SJ,istj socratic seminar,2CeIpbkXoo616HZLRfKqrq,50,0.50132,0.153396437,0.51842,0.215213429,-8.99408,4.264600122,0.68,0.471212071,0.054836,0.044503821,0.41868268,0.355678883,0.150228,0.095804785,0.391264,0.248201255,115.84668,32.49403619,0.118585733,0.244526775,1,5,2,3,7,0,0,2,1,0,3,0,2,1,6,3,1,2,2,3,3,0,3,0
ISTJ,SJ,istj // the logistician ,5MS1uLS6mnexyWgfFaBFUR,26,0.537653846,0.142634902,0.607846154,0.202624321,-7.508384615,2.985350259,0.846153846,0.367946484,0.069230769,0.055682024,0.244834269,0.251550654,0.185346154,0.142474119,0.502038462,0.238382463,135.6893077,32.50127297,0.011187368,0.033549088,0,8,0,1,3,0,0,1,1,0,2,3,1,0,3,0,0,0,3,0,0,0,0,0
ISTJ,SJ,💫Haneul💫,1HisgpAR2j3p0tLY5EPRBy,9,0.562888889,0.168164684,0.545555556,0.158914372,-7.666222222,3.033635928,0.333333333,0.5,0.053766667,0.051893834,0.268343667,0.27735633,0.110166667,0.038682005,0.3997,0.26068949,121.7495556,32.89487041,0.013141878,0.038201155,1,0,0,0,0,2,0,0,1,0,0,0,0,0,1,0,1,0,0,0,0,0,2,1
ISTJ,SJ,i hate myself,1zsrtf3M2w6mRAW8XCRtJv,26,0.503115385,0.138286464,0.540153846,0.193732949,-9.194423077,2.597465552,0.730769231,0.452344321,0.057465385,0.058183331,0.424647846,0.303730418,0.164507692,0.106461057,0.338392308,0.165896669,128.8849615,30.75952088,0.162863467,0.298268205,0,1,0,0,3,0,0,2,1,0,4,0,3,0,4,0,3,2,0,0,1,0,1,1
ISTJ,SJ,ISTJ ♡,5354SYHvlqXQMXCw09oyeO,42,0.538142857,0.148874242,0.493904762,0.206444915,-8.77752381,3.74138678,0.714285714,0.457229957,0.072454762,0.072378016,0.417595,0.339700884,0.164180952,0.189953767,0.349890476,0.206580442,118.976119,32.62577849,0.032336505,0.141489308,1,1,1,3,3,1,1,3,5,2,4,1,5,3,0,1,1,1,4,0,1,0,0,0
ISTJ,SJ,cassie silven,0WeliZnVMKX65U4xwT9cCq,46,0.467717391,0.171258565,0.433421739,0.241962434,-10.05082609,4.864075974,0.5,0.50552503,0.044352174,0.024291807,0.452545196,0.383364841,0.122347826,0.066050031,0.259915217,0.206114606,118.5941957,30.80962162,0.08919833,0.253863742,1,5,0,1,1,3,1,1,1,1,1,2,3,3,2,2,1,3,1,3,2,1,2,5
ISTJ,SJ,istj 8w7,4oGy05fC70tPSeA0qEXrwo,50,0.61072,0.172341384,0.743682,0.181857118,-6.87044,3.29692279,0.34,0.478518121,0.093444,0.095156524,0.187543298,0.24921452,0.23252,0.154355139,0.51552,0.190223739,134.72602,31.85258158,0.119302089,0.277752735,3,4,3,4,1,1,0,2,0,1,0,2,2,3,0,2,0,5,2,1,1,1,7,5
ISTJ,SJ,istj songs,74e6fdAyhRHTk0U2146JZj,10,0.6074,0.213089548,0.5487,0.158527285,-7.8887,2.224069646,0.7,0.483045892,0.05728,0.050157725,0.21491,0.193744617,0.12243,0.069300442,0.495,0.245574157,122.9927,32.63945918,0.089653085,0.17049504,0,0,1,0,2,0,0,0,1,0,3,0,0,1,0,0,0,0,0,0,1,0,1,0
ISTJ,SJ,istj x infj,791d4ZKy3FIltkWgMS8AXg,48,0.605333333,0.138286833,0.671020833,0.1523457,-6.1588125,2.313543562,0.625,0.489246055,0.069635417,0.057512739,0.152103053,0.209275839,0.19094375,0.167890037,0.47029375,0.20672982,122.0648333,27.04856551,0.019254656,0.110785212,1,3,2,4,4,0,0,1,1,2,0,3,5,4,3,4,4,1,0,2,2,0,1,1
ISTJ,SJ,(:) istj공주,2zQSEWaMsgI7kjLrwzkq53,19,0.672631579,0.112328492,0.723315789,0.146171533,-4.641842105,1.991379261,0.473684211,0.512989176,0.111557895,0.111872315,0.177653158,0.175817719,0.202821053,0.156438119,0.549789474,0.199995439,124.6370526,27.94656642,2.36E-05,9.54E-05,1,0,1,0,3,0,0,1,1,0,0,1,0,1,0,1,1,1,3,0,0,2,2,0
ISTJ,SJ,"a 1, an istj, and a sagittarius walk into a bar",2eHrEOR7FYkH1KFoYNWJlh,32,0.56521875,0.148156355,0.473021875,0.234781757,-9.239875,3.325764513,0.78125,0.420013441,0.055884375,0.042917897,0.59345625,0.296947148,0.147503125,0.124666278,0.450134375,0.245963445,119.134625,38.59752458,0.040413582,0.115240459,0,3,2,1,1,0,2,0,2,0,4,2,1,2,3,0,3,0,2,1,1,1,1,0
ISTJ,SJ,hokuto hidaka 💎,2f8u5gHin8TSi2As2bRr78,31,0.496258065,0.154315255,0.55043871,0.236354662,-8.379870968,2.960462641,0.806451613,0.401609664,0.049416129,0.057140237,0.37676129,0.345607205,0.146048387,0.092326269,0.38806129,0.227049849,116.4849355,26.4127764,0.040853124,0.148705881,1,5,0,1,1,0,2,2,0,1,2,0,3,4,1,0,1,0,1,4,0,0,1,1
ISTJ,SJ,therapy,0hGs3MhTerQK5haAU6cfWi,50,0.50124,0.123825183,0.66964,0.193373674,-7.95586,3.735983153,0.6,0.494871659,0.052894,0.053668957,0.194273356,0.26975533,0.135136,0.073093174,0.35758,0.22079428,126.95276,30.94419697,0.364447762,0.375697926,0,5,2,1,4,0,2,2,1,2,4,0,3,4,4,2,0,5,1,1,2,1,2,2
ISTJ,SJ,Администратор | ISTJ,2vWJvmXRIOHVmPYFGnPrpj,50,0.56368,0.121456205,0.70458,0.180228437,-7.0698,3.272047047,0.32,0.471212071,0.065174,0.078036869,0.158706586,0.210332726,0.215434,0.154032726,0.482238,0.26009354,129.47656,27.80936673,0.043973065,0.140820756,2,3,4,2,1,1,0,4,1,1,0,6,2,3,0,2,1,2,0,3,2,1,9,0
ISTJ,SJ,istj estp rivals to coworkers to lovers to exes back to lovers,4YTmKw3P5xHHT1SoZsUkB1,50,0.66282,0.098010347,0.79702,0.094537217,-4.46546,1.275217328,0.56,0.501426536,0.063028,0.047280233,0.06378761,0.082146102,0.176672,0.119382982,0.6862,0.190775325,120.28874,21.94193195,0.00060732,0.002290872,1,2,1,3,2,1,2,3,3,4,2,3,2,7,2,1,1,2,2,0,2,2,1,1
ISTJ,SJ,ISTJ,2ohyVqBdeO907D7EhgN3SK,8,0.52975,0.186342043,0.503,0.293302379,-9.289875,4.845868916,1,0,0.038675,0.011201626,0.47765,0.394129645,0.17045,0.107289142,0.42825,0.264267586,123.99375,24.81107775,0.167613875,0.307155026,0,1,0,0,1,0,0,0,1,0,1,0,3,1,0,0,0,0,0,0,0,0,0,0
ISTJ,SJ,lan wangji,6Zhtnf6bCvzbUMMeH9gXWn,17,0.504764706,0.100692309,0.471411765,0.161081524,-9.741058824,3.145047664,0.647058824,0.492592183,0.040341176,0.023026427,0.323302353,0.299192274,0.136335294,0.072386652,0.414088235,0.211875275,111.732,29.85007805,0.027572892,0.094081813,2,1,0,0,3,0,1,1,1,0,0,1,0,0,3,1,1,1,0,1,0,0,0,0
ISTJ,SJ,istj,6VK8MUEG8I2u0LkmH4Tf3r,18,0.531222222,0.137445842,0.752555556,0.152317865,-7.726888889,3.036175979,0.888888889,0.323380833,0.062822222,0.087088924,0.225763889,0.184552776,0.2663,0.244712201,0.610611111,0.259481415,126.5702778,31.75918312,0.008532029,0.030651652,0,3,0,2,4,0,0,0,0,0,0,1,2,1,3,0,0,0,0,1,0,1,0,0
ISTJ,SJ,Mbti mitski because I am mentally ill,7kjajGlZkacQbDymISUXnF,16,0.452375,0.115443998,0.4399375,0.257474521,-9.95475,4.112052051,0.8125,0.403112887,0.0402375,0.015119077,0.376663706,0.410187357,0.10566875,0.023646472,0.35375625,0.250057148,115.0195,25.74293561,0.026123639,0.097097935,0,2,0,2,4,0,0,0,0,1,0,1,2,0,0,0,1,0,2,0,0,0,1,0
ISTJ,SJ,valya,2f5rYeKfq54iRv4lxtfXtW,19,0.582684211,0.151221711,0.813789474,0.094740921,-4.477578947,1.652359334,0.526315789,0.512989176,0.097336842,0.071073618,0.084744842,0.125401528,0.217226316,0.17035761,0.512994737,0.207597823,130.9747895,25.79611075,0.042983811,0.132844339,0,0,2,1,2,0,0,3,0,1,1,0,3,0,0,0,0,0,2,1,1,2,0,0
ISTJ,SJ,you crave the academic validation - study playlist,1g0U0fhgAxFPIjFcsH6qUb,50,0.313632,0.174301747,0.1478956,0.140395283,-21.19332,6.446708182,0.42,0.498569382,0.053676,0.061910962,0.93404,0.096462314,0.11507,0.065714619,0.150842,0.16458854,101.7669,29.55720808,0.716483758,0.328583715,1,4,1,1,3,1,3,4,1,3,1,1,5,1,1,0,1,4,0,0,2,0,7,5
ISTJ,SJ,jamie,1MSAh4BV6qHsb8ewgCDDch,20,0.62105,0.146824448,0.45211,0.256028966,-11.84995,6.129978823,0.85,0.366347549,0.069025,0.06387912,0.4671685,0.36537024,0.185085,0.146808057,0.377795,0.263855103,135.89365,34.76718028,0.265245792,0.394094003,0,4,1,2,2,0,2,1,1,0,2,0,1,1,1,0,1,0,0,0,0,1,0,0
ISTJ,SJ,istj 1w9,2dov2f2KctTbphAqjcWHBd,50,0.5291,0.184860814,0.5115,0.193728218,-8.26806,3.91803538,0.7,0.46291005,0.071866,0.065736203,0.37800426,0.344592429,0.154776,0.106026238,0.3866,0.219432943,119.8106,29.61484862,0.04106667,0.145522864,4,10,2,0,1,0,1,2,2,0,5,3,3,2,2,1,3,2,2,4,0,0,1,0
ISTJ,SJ,Lovey Dovey Omihina,07DYqcR8NkF35HQSM8vSJe,41,0.50902439,0.14920665,0.364226829,0.194500485,-10.2142439,4.17089968,0.902439024,0.300406229,0.039973171,0.014724096,0.62986678,0.302630953,0.148990244,0.08944302,0.3635,0.232487204,110.7033659,31.74900191,0.033929289,0.146983636,1,4,0,3,3,0,3,1,1,0,4,0,5,3,3,0,1,2,3,4,0,0,0,0
ISTJ,SJ,♤ mcsm oc cuz POG,1o1xdjRboUDqOcZkli2hdg,50,0.4603,0.139104608,0.552848,0.237734181,-8.98062,5.14809404,0.72,0.453557368,0.046484,0.029411884,0.331161268,0.357887305,0.158262,0.095446916,0.35778,0.198766261,126.32178,33.59170027,0.172592667,0.315970748,2,7,0,3,5,0,1,4,2,2,4,1,2,4,4,1,3,0,0,1,0,0,2,2
ISTJ,SJ,ISTJ,0btPl7vXX9UZxMZNG1ksCG,17,0.656058824,0.122265833,0.768529412,0.162259097,-4.240941176,1.624797313,0.529411765,0.514495755,0.103858824,0.086957203,0.158707206,0.223113879,0.180064706,0.103997758,0.562705882,0.162051213,122.5025294,26.61208216,7.29E-05,0.000223038,2,1,0,4,0,0,0,1,0,0,0,0,1,1,1,1,0,0,0,1,1,1,1,1
ISTJ,SJ,One Song for Every MBTI,5ng1bCMZzaUl7EcM6bR8Du,16,0.5585,0.153815907,0.72275,0.212512431,-5.5346875,3.22828063,0.6875,0.478713554,0.07046875,0.039429206,0.175511687,0.283724291,0.22528125,0.158850732,0.53470625,0.214267731,132.0555625,31.96529105,0.002625501,0.005992166,0,4,1,0,1,0,1,1,1,0,1,1,1,1,0,1,1,0,0,0,0,1,0,0
ISTJ,SJ,ISTJ,3F3d7vaMhEBbjOOX81j5ye,24,0.578666667,0.124688365,0.64125,0.193593534,-6.965166667,2.837724696,0.833333333,0.380693494,0.052041667,0.02814549,0.33177125,0.333736391,0.17675,0.103612564,0.494625,0.160893919,118.9222083,24.98999198,0.011900613,0.057319799,1,2,1,0,3,0,1,1,2,0,1,0,1,2,4,0,1,0,1,2,1,0,0,0
ISTJ,SJ,🎹 June,3E5gYNTS4RMZxYh2l9nWwy,50,0.50814,0.167084118,0.623876,0.212205582,-8.99548,4.259621475,0.7,0.46291005,0.054134,0.055643316,0.297396414,0.307983437,0.146334,0.08816528,0.498946,0.281621396,133.80138,26.03835908,0.331748161,0.355809498,1,5,1,2,8,0,1,1,1,2,3,0,7,2,3,4,1,2,2,0,2,0,0,2
ISTJ,SJ,istj,7M9jUgbyrJPzFFwrXR7FxU,27,0.568333333,0.117693213,0.549296296,0.186891127,-8.045,2.663669938,0.777777778,0.423659273,0.052914815,0.047591674,0.37703427,0.279676,0.173207407,0.109176374,0.393288889,0.215497366,133.5557778,28.33063071,0.146902179,0.293545468,0,3,0,1,1,1,0,1,3,1,3,0,1,3,2,0,0,0,0,4,1,0,1,1
ISTJ,SJ,🦚 Witherspoon of Everblood ⛓,7AV2rsmxsfpU2qFZzXBT4K,50,0.50124,0.142522688,0.507542,0.211280272,-9.95314,3.819943001,0.46,0.503457434,0.046132,0.03835469,0.44089154,0.333761624,0.167532,0.128570828,0.362868,0.196386825,111.06932,26.41516088,0.167238854,0.332320615,1,3,2,4,5,1,1,5,2,4,0,2,1,3,3,5,0,3,1,0,0,1,2,1
ISTJ,SJ,GOAL GETTERS 🎯 HUSTLE & CONQUER 🌇  ABUNDANCE 💄 STEM WOMEN MAGIC 🤍 ,2zn5EVVP0xg6j0Ueaazt59,34,0.740529412,0.129882053,0.663705882,0.09145939,-6.424264706,1.283214248,0.588235294,0.499554168,0.10335,0.072658884,0.085101676,0.085016853,0.131167647,0.073333661,0.514805882,0.209240807,129.5280294,29.13332441,0.020089082,0.114492231,1,4,2,6,3,0,0,2,0,1,0,3,2,1,2,1,0,1,2,0,1,0,2,0
ISTJ,SJ,Maxie vibes (oc),5lPw04yM6d3SB0SR1A55GH,31,0.573806452,0.160762023,0.620380645,0.232292951,-7.949290323,5.9311513,0.677419355,0.475190963,0.068545161,0.077371402,0.336930452,0.314864549,0.162216129,0.118859567,0.491493548,0.234142346,115.9420323,28.5691983,0.175170749,0.34523132,1,2,1,1,3,0,1,1,3,1,3,1,3,1,0,1,1,2,2,1,0,0,2,0
ISTJ,SJ,Aspen Balamor,36getXzxllaIznMIg1jIUM,18,0.599777778,0.10849427,0.709833333,0.204790926,-5.6145,2.181951238,0.5,0.514495755,0.073283333,0.067595077,0.170942778,0.23250449,0.17805,0.116279694,0.548111111,0.246478943,119.2206111,26.74015007,0.050070669,0.212363973,0,0,0,3,1,0,1,2,0,1,1,1,1,0,2,0,0,2,0,0,1,1,0,1
ISTJ,SJ,🦚 Witherspoon of Everblood ⛓,7AV2rsmxsfpU2qFZzXBT4K,50,0.50124,0.142522688,0.507542,0.211280272,-9.95314,3.819943001,0.46,0.503457434,0.046132,0.03835469,0.44089154,0.333761624,0.167532,0.128570828,0.362868,0.196386825,111.06932,26.41516088,0.167238854,0.332320615,1,3,2,4,5,1,1,5,2,4,0,2,1,3,3,5,0,3,1,0,0,1,2,1
ISTJ,SJ,Istj,18ohGr4VxIISq3KAzOyBN4,9,0.624888889,0.157810364,0.554,0.232286999,-8.977666667,4.826674917,0.333333333,0.5,0.046988889,0.024696075,0.287488889,0.323345943,0.1872,0.165009295,0.4867,0.262689189,109.1618889,20.00449017,0.000697324,0.001857308,1,0,1,1,0,0,0,0,0,1,0,1,1,0,1,0,0,0,0,0,1,0,0,1
ISTJ,SJ,milkcore,7rhI9N2SyUBEKlN9bjYCnx,50,0.54384,0.163047052,0.598298,0.221271427,-8.22552,4.211416148,0.62,0.490314351,0.06332,0.041828396,0.30119904,0.324723254,0.187428,0.140006926,0.40062,0.206013529,133.53074,26.78689911,0.188551637,0.330438302,3,12,3,3,3,2,0,1,1,1,2,1,1,3,2,2,2,2,1,1,0,0,3,1
ISTJ,SJ,MBTI - ISTJ,2J6irnN5SQ8egVi9IcDmZI,2,0.6635,0.004949747,0.6445,0.047376154,-7.6395,3.775243105,1,0,0.0323,0.009758074,0.2715,0.214253355,0.1295,0.031819805,0.5975,0.214253355,106.9525,9.822420297,0.17850555,0.252429272,0,1,0,0,0,0,0,0,0,0,0,0,0,0,0,0,0,0,0,1,0,0,0,0
ISTJ,SJ,ISTJ,43n7zh8YTmfQeCx8ir5xGc,17,0.575,0.192057934,0.465705882,0.170413015,-8.27,2.324258484,0.529411765,0.514495755,0.060311765,0.047726668,0.446566471,0.300974204,0.132552941,0.073592995,0.453170588,0.212549305,127.3713529,35.67934074,0.075793241,0.209093825,2,1,0,1,0,0,1,0,1,1,0,0,1,1,0,2,2,0,1,0,1,0,0,2
ISTJ,SJ,heskel elrius,6PikY3bKhRje2HCfaPmVNY,18,0.393111111,0.147855609,0.517766667,0.275628695,-10.88244444,6.458227331,0.277777778,0.460888599,0.058622222,0.048935102,0.370286111,0.35548493,0.168155556,0.161300907,0.325505556,0.254133868,116.4213333,38.85702373,0.383081092,0.39499299,2,0,0,1,1,0,1,3,0,1,0,1,0,0,1,1,1,2,0,0,2,0,0,1
ISTJ,SJ,༺˚📚｡˚𝐼𝒩𝒯𝒥 𝒮𝑜𝓃𝑔𝓈༺˚,4mHZjy40LgNHgROI67oF0T,20,0.59055,0.14608306,0.6983,0.148606899,-6.1465,3.082648767,0.55,0.510417786,0.073985,0.069034395,0.1553927,0.206988498,0.209075,0.148464112,0.436445,0.209673964,129.1901,29.02345261,0.109357825,0.234364527,1,1,1,1,0,0,0,2,0,1,2,0,0,3,1,3,1,0,0,2,0,1,0,0
ISTJ,SJ,"love, istj",5N3ch0Y2Gmz2G33qTsSPYw,28,0.6015,0.125620092,0.432407143,0.180467758,-8.198035714,3.667298385,0.75,0.440958552,0.066625,0.071472039,0.509026071,0.3371641,0.155642857,0.090882893,0.425025,0.230209167,108.3222857,26.92313526,0.001026519,0.005403904,0,2,1,1,4,0,2,0,2,1,0,2,2,2,2,0,2,0,2,0,1,0,1,1
ISTJ,SJ,istj,1OdCamJA9l3x7jOOA76jiP,50,0.6421,0.126789276,0.58678,0.150799812,-7.61514,2.819132411,0.54,0.503457434,0.077282,0.067244242,0.16218768,0.206596927,0.19306,0.134057484,0.397042,0.219030164,119.58438,24.37499348,0.043367045,0.171001175,2,3,3,6,2,1,1,0,1,1,1,2,1,5,1,3,2,4,3,1,0,2,2,3
ISTJ,SJ,sp9 & istj,0WCWw2VGckyHn6lSewjcoj,12,0.647083333,0.124009866,0.600083333,0.197122693,-8.131,3.907322938,0.5,0.522232968,0.191566667,0.168493589,0.223447667,0.274888803,0.226666667,0.136460673,0.463833333,0.247758986,111.8014167,27.01825941,0.019002392,0.060834992,0,0,1,1,0,1,2,1,1,0,0,1,2,0,0,0,0,1,0,0,0,0,1,0
ISTJ,SJ,; sucrette,5yWAojAeaaEoRNOulxwdjg,50,0.57972,0.145433769,0.641738,0.25119052,-7.54748,4.588148087,0.62,0.490314351,0.059974,0.042785473,0.23270368,0.302873402,0.155448,0.109794932,0.488714,0.250899731,129.986,29.307204,0.088059584,0.240763493,0,4,3,1,5,0,1,2,2,0,0,1,5,8,3,1,1,6,1,0,2,0,4,0
ISTJ,SJ,❀ ྀ⠀ ▓⠀⠀✿ ྀ⠀▓ ⠀,6TTA6WYYBUc7XHxVsG37Ow,50,0.41368,0.146659461,0.62806,0.240758361,-7.17376,3.534535345,0.7,0.46291005,0.046232,0.02268964,0.15922135,0.279107446,0.163106,0.096417031,0.350422,0.254587959,113.73332,32.25282263,0.091274912,0.210145048,1,7,1,4,7,1,1,1,2,3,2,3,3,3,4,0,0,1,0,2,2,1,1,0
ISTJ,SJ,MEU ISTJ,0DJvvM1Bl86lBtsaJf0wZN,15,0.527866667,0.161649032,0.689666667,0.140876677,-6.617333333,2.299240268,0.733333333,0.457737708,0.0837,0.068864557,0.158093227,0.230094438,0.245833333,0.220887032,0.5704,0.233829853,137.6040667,39.10171306,0.042845207,0.163268159,0,2,0,1,2,0,0,3,0,0,1,0,2,0,3,0,0,1,0,0,0,0,0,0
ISTJ,SJ,🌑POV: ISTJ falling in love with ENFP🌕,5fDSZLHbfKCOjsLE7mGsOo,47,0.577276596,0.132212889,0.589153191,0.22496556,-7.652489362,3.575782802,0.744680851,0.440754546,0.051319149,0.026052828,0.372624532,0.328533913,0.158297872,0.115694809,0.487425532,0.247519147,121.7132128,31.39354798,0.046988198,0.150641918,0,6,1,5,8,1,0,1,2,0,0,1,3,3,4,1,2,3,1,1,0,1,1,2
ISTJ,SJ,.:+*Sophisticated*+:.,6csbCTIU8mi0VlBWlURGgg,50,0.67376,0.137408457,0.50986,0.172106874,-7.51178,2.265789877,0.68,0.471212071,0.090052,0.094048993,0.344117986,0.228968974,0.170496,0.12022563,0.46028,0.194186639,119.08562,26.7803618,0.019661822,0.08955766,2,6,5,1,4,1,2,1,0,2,3,2,6,1,4,2,1,0,2,4,0,0,0,1
ISTJ,SJ,Empresses & Goddesses | Queen Archetype | Female Power,1Km2ylvNvwIvLWAASNhe6Y,50,0.70096,0.148817099,0.62602,0.174166879,-6.59886,2.709385765,0.48,0.50467205,0.125632,0.11178873,0.18181024,0.206273393,0.199816,0.16137056,0.456988,0.225743179,126.78662,29.74421376,0.040874274,0.151215606,2,2,3,5,3,0,0,2,2,4,1,1,0,3,3,3,2,6,1,2,1,3,1,0
ISTJ,SJ,ISTJ,7MFq3FGublpnjYkPTUo46y,50,0.55346,0.107355258,0.66256,0.144868154,-6.83378,2.811852518,0.6,0.494871659,0.04194,0.022759335,0.167227511,0.207653904,0.17925,0.10600568,0.481226,0.187673578,121.08294,33.30409751,0.153149573,0.275900337,2,4,2,0,9,1,1,1,1,1,4,2,4,0,2,1,2,2,1,2,2,2,2,2
ISTJ,SJ,MBTI Types As Songs - At Their Best / Worst,1l637Lrl1Jz4OZSppxR35p,32,0.628625,0.150143104,0.6406875,0.169949601,-6.48796875,2.620862755,0.8125,0.396557769,0.075390625,0.063019149,0.234497688,0.283038161,0.173084375,0.149849613,0.522875,0.215997125,115.6322813,25.7791777,0.025064632,0.095037382,0,2,1,2,4,0,0,2,1,1,4,0,3,2,4,0,1,0,2,1,1,0,1,0
ISTJ,SJ,istj 1w9 so/sp 163 lii vlef rcoei mel-chol,5zBFxwXzotXByNFS84EIEi,33,0.497333333,0.153000749,0.599918788,0.206964828,-8.244030303,4.788772582,0.575757576,0.501890366,0.062478788,0.06257412,0.257212909,0.304855961,0.168866667,0.12413948,0.454554545,0.2739903,113.2819091,35.24799157,0.184346196,0.311698371,0,4,1,2,2,0,0,1,1,2,1,0,1,2,1,1,0,1,1,4,5,1,1,1
ISTJ,SJ,✨Istj✨,1rAOmoBEmlOQS2GTtDx3I7,43,0.509813953,0.171830101,0.512202326,0.258789864,-9.476162791,4.460165985,0.76744186,0.427462574,0.056053488,0.047585033,0.373152977,0.356079824,0.143018605,0.072326282,0.458390698,0.292502999,123.3200698,38.64418116,0.086137169,0.258881138,2,7,2,2,3,0,0,2,2,1,4,0,8,0,2,0,3,0,1,1,0,1,1,1
ISTJ,SJ,Lawrence Aubert,0YqDyB4Aqc7k62M5zEaK7N,50,0.54562,0.149965559,0.4948,0.213672265,-9.08286,4.20567219,0.7,0.46291005,0.055938,0.036909757,0.5038989,0.359064732,0.181756,0.13175038,0.38297,0.219354838,121.68924,29.62279344,0.067732864,0.174530594,0,5,1,4,5,0,3,3,3,0,1,4,3,0,3,0,3,1,1,4,1,1,1,3
ISTJ,SJ,luís,4RXEAWGDQ8ZBAYuth3HMfF,37,0.564675676,0.13972812,0.471,0.167434233,-7.913432432,2.522384019,0.459459459,0.505227924,0.054762162,0.038254225,0.429993243,0.286964849,0.156110811,0.096151789,0.344605405,0.211541899,118.8130541,27.29895552,0.02778301,0.139034719,2,3,2,2,1,1,0,4,0,2,2,1,1,1,1,0,1,2,4,1,3,1,1,1
ISTJ,SJ,farnese | character playlist,1ZPcR2HzrkuAKjfE8gLnwB,26,0.465192308,0.149517094,0.668673077,0.223925297,-7.719884615,4.144786058,0.576923077,0.503831474,0.040969231,0.010588438,0.198132769,0.310894634,0.191992308,0.143019075,0.4234,0.256409886,133.8951923,40.03027492,0.199273154,0.314258085,0,3,1,0,2,0,0,0,0,2,2,1,0,1,3,2,1,1,2,1,3,1,0,0
ISTJ,SJ,ISTJ Playlist,0mu7HBWsVlYIoeGfBfIqEo,26,0.521461538,0.160850547,0.522884615,0.218334849,-8.903346154,3.378334121,0.884615385,0.325812594,0.047311538,0.025018958,0.397061654,0.326294056,0.15675,0.113104554,0.360223077,0.230826387,118.5343077,33.9081616,0.055599149,0.198566883,0,6,1,0,1,0,1,0,3,0,2,0,5,1,0,0,2,0,2,0,1,0,0,1
ISTJ,SJ,ISTJ,2JPXYppJXYtuOhiXY0msQj,32,0.59153125,0.183999121,0.55925,0.208331467,-7.6795,3.486924488,0.5625,0.504016129,0.064025,0.051943108,0.355710906,0.32557294,0.225409375,0.16088569,0.46540625,0.219883086,121.3906875,30.41756433,0.0377886,0.104950341,1,2,0,1,1,0,2,2,1,4,3,2,2,2,2,1,2,1,0,0,1,1,0,1
ISTJ,SJ,istj (03),1DHceZKRQamtyxjK8l2Pma,32,0.54903125,0.161564625,0.45496875,0.195465282,-8.2378125,2.515340988,0.78125,0.420013441,0.043415625,0.021013285,0.501316875,0.295372128,0.14219375,0.076700313,0.37578125,0.198872424,111.3472813,27.71235504,0.005766916,0.019923609,2,2,0,1,1,0,2,0,0,0,1,1,8,2,2,0,2,0,3,1,1,0,0,3
ISTJ,SJ,one song for each mbti | classical,0NObHzrSiLXhHQY7E07VdF,16,0.27625,0.112767903,0.1572125,0.106003685,-19.74275,7.144516485,0.375,0.5,0.04355,0.024295185,0.8785625,0.140016651,0.1308625,0.08526187,0.2090375,0.211633381,106.9456875,46.95799179,0.681806709,0.388055713,2,2,1,1,0,0,0,2,0,1,1,0,0,0,1,0,1,1,0,0,2,0,0,1
ISTJ,SJ,ɪʀᴇɴᴇ ,1lLiTlwFCo6DoZu4Vis3Ju,32,0.68815625,0.130288788,0.7179375,0.128425688,-5.621875,2.02139908,0.28125,0.456803409,0.11424375,0.087327238,0.127721875,0.173856976,0.215109375,0.197924074,0.52653125,0.181915256,119.40975,28.60185922,0.004867191,0.02434804,0,0,4,3,2,0,0,1,0,2,0,4,0,1,0,1,0,5,1,2,1,1,2,2
ISTJ,SJ,blue jays,5WWBNQwIvtmGpEnhXP9Dzl,16,0.537125,0.160132809,0.5048125,0.218630653,-8.5938125,3.262309554,0.875,0.341565026,0.05433125,0.035359029,0.50246875,0.280982293,0.15978125,0.091092826,0.36409375,0.227564073,112.007875,32.13765236,0.039570419,0.141646332,0,2,0,0,2,0,1,0,1,0,1,0,1,1,2,0,1,1,0,2,0,0,1,0
ISTJ,SJ,ya ( an istj playlist),7gvCkzwOrJ8964M5KPPMrB,50,0.58934,0.173968753,0.68934,0.186682598,-6.27784,2.546463986,0.64,0.484873221,0.073042,0.0662491,0.203412008,0.24479644,0.16934,0.115573207,0.499274,0.215534795,125.41404,30.72550154,0.048012178,0.129888799,2,5,1,2,4,0,0,2,1,3,5,0,4,1,5,0,4,5,0,1,1,1,2,1
ISTJ,SJ,pov: you’re the trophy child 🏆,5AP4Hdb340L6AQ4lD55lbU,16,0.6128125,0.103107852,0.512,0.191772782,-8.5841875,3.029552953,0.8125,0.403112887,0.08811875,0.081157832,0.431786313,0.364613503,0.1492125,0.11309887,0.5269375,0.188196872,138.9791875,32.24076181,0.034702775,0.122956338,0,4,0,1,2,0,0,0,3,1,0,0,0,0,1,2,0,0,0,2,0,0,0,0
ISTJ,SJ,another one of those enfp x istj fuckers 😂,4d6wnMOMp96kZJVyNUiCMr,27,0.649111111,0.119358327,0.617888889,0.213408661,-7.046222222,3.276632058,0.888888889,0.320256308,0.067092593,0.061824416,0.295746667,0.292593904,0.189433333,0.116959845,0.58162963,0.229074584,119.8169259,27.8992326,0.003436729,0.010828007,0,2,2,1,3,0,2,1,1,0,2,0,1,1,3,0,1,0,2,5,0,0,0,0
ISTJ,SJ,👨‍🦳提前步入老年,0IrQle3qeWt1Q9T4OG3fU2,47,0.624787234,0.116955387,0.571617021,0.223298937,-7.321978723,3.74370865,0.723404255,0.452150786,0.044510638,0.04075156,0.475877234,0.291756202,0.155029787,0.082174044,0.460510638,0.226037691,127.2148511,29.93353228,0.012424586,0.082685395,1,5,1,4,3,0,1,2,5,2,4,2,1,2,1,1,4,0,3,1,1,0,3,0
ISTJ,SJ,POV: Your me,6xYpkK2kauMGHlyqJl66hk,31,0.586,0.165029694,0.559835484,0.258680749,-8.831580645,4.771615113,0.709677419,0.461414375,0.073580645,0.07831118,0.435671897,0.361513612,0.222196774,0.223978637,0.524419355,0.209995361,123.4297742,30.1859181,0.015069319,0.051942147,0,5,2,0,5,0,0,0,2,0,1,0,6,0,2,0,0,3,1,0,1,0,1,2
ISTJ,SJ,🎧 ,2D9zlfzeH0gFfMcu3CEvdB,50,0.53018,0.162081951,0.63052,0.192337739,-8.23168,3.256125063,0.76,0.431419111,0.040602,0.020771276,0.230158143,0.28095491,0.141454,0.106236608,0.486528,0.23602073,124.63554,30.02467282,0.282297077,0.340349487,2,4,1,1,5,2,4,0,3,2,3,2,3,1,7,1,1,0,2,4,0,1,1,0
ISTJ,SJ,death the kid | character playlist,5U16fBosBG0NxIu2y2Gepz,36,0.544611111,0.152227138,0.723925,0.231246859,-6.969055556,4.912014524,0.583333333,0.5,0.100230556,0.102209116,0.173700675,0.2572486,0.179241667,0.164437058,0.412358333,0.226350672,125.8373056,33.85645897,0.297513606,0.380124624,1,2,0,3,2,1,1,1,0,4,2,0,2,4,1,1,1,2,2,1,1,1,3,0
ISTJ,SJ,silvanus chatterjee ,3dweAvNLqOorIiN7ArlBvh,50,0.47508,0.132832692,0.358098,0.178239218,-10.18394,3.398248777,0.76,0.431419111,0.03929,0.012612987,0.622148,0.301871498,0.127302,0.06927099,0.262302,0.182861081,119.77202,32.31697429,0.090122793,0.214158016,1,4,0,3,2,0,4,0,1,0,3,2,1,2,8,2,5,2,3,2,2,1,1,1
ISTJ,SJ,ist.joaquin.guz7,6hS6fTuFh28BLUl13d3f57,50,0.7938,0.072113856,0.68942,0.111185098,-6.52622,1.615765129,0.56,0.501426536,0.1231,0.076093578,0.2266662,0.197765683,0.153286,0.131831022,0.66246,0.210428252,112.72806,30.69955798,0.017370322,0.070393375,1,4,3,6,2,2,0,3,0,2,1,0,3,4,1,4,0,0,4,3,2,0,5,0
ISTJ,SJ,desiderium,0PmkKvsSpIWMcqS5ugaho5,15,0.506266667,0.164770605,0.4756,0.211384822,-9.668933333,4.231390458,0.533333333,0.516397779,0.064826667,0.058333125,0.524513333,0.336052285,0.177873333,0.113424988,0.363466667,0.217720616,121.1440667,33.63949446,0.169740932,0.314377667,1,1,2,1,1,0,2,0,0,0,0,1,0,1,0,0,0,0,1,1,3,0,0,0
ISTJ,SJ,babie,0kqu0gq5LTid0uy8VjdYmE,25,0.57924,0.099615628,0.6748,0.174549897,-6.81852,2.956314783,0.6,0.5,0.046524,0.018664679,0.1784487,0.243557068,0.174012,0.122007928,0.518756,0.226139367,123.01256,24.88301934,0.106342308,0.22425407,1,1,0,0,3,0,0,0,2,1,3,1,2,0,3,1,0,1,0,1,1,1,2,1
ISTJ,SJ,🎢 Norma,3DjEMjOKHqq4PURQ886rFK,48,0.607,0.096702659,0.640770833,0.232518152,-8.833770833,3.13457251,0.8125,0.39444278,0.050897917,0.038245737,0.29248796,0.304766859,0.20465625,0.176936071,0.625125,0.234340871,123.61725,24.49592807,0.097752707,0.20742913,1,5,1,1,7,0,2,0,3,0,0,1,7,3,2,0,3,3,5,1,0,0,1,2
ISTJ,SJ,m b t i,27E8ft3XkWDgnCixcUTcGU,16,0.5524375,0.097093061,0.6646875,0.192420969,-7.3635,2.612831874,0.75,0.447213595,0.04061875,0.009558467,0.216543875,0.308969659,0.1549,0.103763128,0.4661875,0.214118415,137.6595,25.61835961,0.047286364,0.124000999,1,2,1,1,1,0,1,0,1,0,2,0,1,0,2,0,0,2,1,0,0,0,0,0
ISTJ,SJ,fictional ESXP men <3,7BAo6OqFIf9MhWK7EIesOa,50,0.67886,0.121842824,0.7605,0.160281799,-5.25118,2.954581912,0.52,0.50467205,0.076902,0.050124305,0.12562854,0.200028188,0.197662,0.152578892,0.71494,0.172465011,127.63278,23.22927306,0.001101931,0.004848941,1,3,4,3,3,0,1,3,3,2,0,1,3,2,3,3,3,4,0,2,3,1,1,1
ISTJ,SJ,DiamondNii Personality💙,293ziHVi3oTGiHs1vJJKpZ,31,0.558935484,0.103542563,0.735290323,0.15981973,-6.220451613,2.710208047,0.483870968,0.508000508,0.09416129,0.101016872,0.104889484,0.160829218,0.222493548,0.144598561,0.429970968,0.241613936,137.5254516,29.46107365,0.204557639,0.306044307,1,0,0,0,2,0,0,1,1,0,0,3,2,1,3,0,1,0,4,1,3,1,6,1
ISTJ,SJ,my villain origin story,1TFaC7AcflFdUPUP0ygI5u,50,0.51814,0.133567381,0.82158,0.158212475,-4.37072,2.389675454,0.66,0.478518121,0.085114,0.072124688,0.08482061,0.161634196,0.191946,0.13442551,0.52064,0.214138784,133.3556,31.62394904,0.029730184,0.141345964,0,4,2,6,4,1,2,3,2,3,3,2,6,1,2,2,2,3,0,1,0,1,0,0
ISTJ,SJ,typology ᵔᴗᵔ,4jZ12YygVKLNzqlilaJ0cJ,11,0.590454545,0.13985018,0.452818182,0.189092474,-10.01063636,3.618799394,0.727272727,0.467099366,0.034645455,0.00623993,0.438538182,0.332045096,0.133781818,0.085577472,0.379990909,0.224078783,108.9581818,14.5732656,0.141421818,0.25855454,0,0,0,1,2,0,1,0,2,0,0,1,0,0,2,0,0,1,0,0,0,0,1,0
ISTJ,SJ,monotonia,3NfvREnzjK3Sbfu0BynJcg,28,0.548071429,0.122325288,0.519785714,0.17626944,-9.198321429,2.828233254,0.821428571,0.390021028,0.046378571,0.036194049,0.439630179,0.296429508,0.183375,0.174339965,0.450960714,0.248278754,116.2336429,22.50469019,0.071040953,0.19549856,0,6,0,0,4,0,1,1,3,0,2,0,1,1,3,0,1,0,1,0,1,1,1,1
ISTJ,SJ,If I was a playlist,1i01AC5R3SlqA2OJ3PV37T,50,0.46836,0.148329303,0.69418,0.187457717,-6.80686,2.966754923,0.74,0.443087498,0.05852,0.041323191,0.200414638,0.264024867,0.168814,0.095278869,0.511998,0.17965426,127.3598,35.2457966,0.155356464,0.275126101,1,4,2,2,3,1,2,1,1,2,4,2,3,4,4,0,1,2,4,5,1,0,0,1
ISTJ,SJ,Fi dom: INFP & ISFP,2up79VJcEpVsHuMvySWCG2,47,0.66612766,0.140641792,0.608085106,0.187190304,-6.542978723,2.785744116,0.404255319,0.496052875,0.103142553,0.090668097,0.248774468,0.26255031,0.177451064,0.14195425,0.468510638,0.176757248,119.8022553,34.39586473,0.00472981,0.020172333,1,1,2,3,5,1,0,1,0,5,1,8,2,1,0,1,3,2,0,3,3,0,4,0
ISTJ,SJ,.:+*Sentimental*+:.,1fLe1ElXoO77nMvz06Kk8X,50,0.516,0.153586112,0.455932,0.199903351,-9.17192,3.63977419,0.86,0.350509833,0.05628,0.063566058,0.408232,0.355312925,0.16767,0.125090417,0.281284,0.201838557,118.13926,32.69149878,0.083498864,0.188841096,0,6,0,5,5,0,2,2,3,2,6,0,3,1,7,0,0,0,1,4,1,0,0,2
ISTJ,SJ,bruno bucciarati | character playlist ✮,61EYYdBVVsIFxWLmaKoaFL,37,0.484027027,0.196685661,0.555510811,0.247273351,-8.878027027,4.165516991,0.513513514,0.50671171,0.058078378,0.073997339,0.406803243,0.350174294,0.196291892,0.167592643,0.375294595,0.248131214,118.5087838,34.72959166,0.110692568,0.248125632,2,1,0,0,2,1,3,1,0,2,2,0,3,2,0,3,1,1,2,3,3,1,2,2
ISTJ,SJ,leone abbacchio | character playlist,2i5l5yK6OBNuMtbT6GEYa8,30,0.505933333,0.111932841,0.678633333,0.202949711,-7.383966667,3.650720623,0.733333333,0.449776445,0.048796667,0.027315797,0.186799333,0.248992013,0.198423333,0.174196454,0.398313333,0.183361566,126.5357,26.840948,0.196259776,0.318734932,2,4,1,1,2,0,2,0,1,0,1,0,1,4,1,2,3,1,0,2,0,0,0,2
ISTJ,SJ,rei ayanami | character playlist,3BCpww3uQc3aoQ1mDPQbCq,40,0.517075,0.17954078,0.57525,0.231736118,-8.9641,3.947624828,0.4,0.496138938,0.06059,0.052457787,0.380175325,0.35010523,0.2018475,0.157159517,0.34439,0.228501029,122.759025,34.55315176,0.170140166,0.275152768,7,3,0,1,2,0,1,3,0,2,0,3,2,3,1,2,2,1,1,0,2,0,2,2
ISTJ,SJ,Mbti edge,4DjK4n3nbkuaibAt7ctnzH,16,0.5853125,0.181908299,0.694375,0.173636354,-5.3070625,1.531873514,0.5625,0.512347538,0.09024375,0.086053557,0.153911594,0.244173276,0.1578,0.106531704,0.5220625,0.243777622,122.609875,33.19806081,0.000996073,0.002927239,0,1,0,2,0,0,2,1,1,1,1,0,1,0,1,2,0,1,0,0,0,0,1,1
ISTJ,SJ,illumi zoldyck | character playlist,6QPBEW9W3IjZBOVrlKwGTZ,32,0.42473125,0.184866741,0.5931125,0.262326647,-9.4116875,4.381514353,0.375,0.491869377,0.05925,0.056265018,0.282284275,0.369029419,0.187440625,0.125820961,0.301571875,0.221768198,127.5948438,37.98211312,0.447840657,0.370513605,3,2,1,1,1,0,1,1,0,3,0,0,3,2,1,2,1,3,0,0,2,1,1,3
ISTJ,SJ,Ｍａｙａ,5vPGJc3yJOzL0eF5Nyr9m6,29,0.554241379,0.108735477,0.609044828,0.236341598,-7.820413793,3.709419983,0.793103448,0.41225082,0.087458621,0.103771805,0.365919655,0.35416403,0.174127586,0.117735038,0.509517241,0.213752297,122.1669655,28.80523371,0.135637822,0.295098108,0,8,,1,1,,2,2,0,0,2,0,3,0,2,1,2,0,0,2,0,0,3,0
ISTJ,SJ,Jason Baldwin's Playlist,2vxMJhPE3mUgUWvKsGw8a5,50,0.55288,0.125707571,0.49414,0.251467693,-9.35718,3.848256434,0.68,0.471212071,0.055406,0.055909834,0.47548434,0.356643314,0.186928,0.149487871,0.51562,0.216774301,120.14628,24.36729755,0.012304496,0.050895117,2,6,,2,4,,1,4,2,1,3,3,5,2,3,0,1,2,4,1,1,1,1,1
