mbti,function_pair,playlist_name,playlist_id,track_count,danceability_mean,danceability_stdev,energy_mean,energy_stdev,loudness_mean,loudness_stdev,mode_mean,mode_stdev,speechiness_mean,speechiness_stdev,acousticness_mean,acousticness_stdev,liveness_mean,liveness_stdev,valence_mean,valence_stdev,tempo_mean,tempo_stdev,instrumentalness_mean,instrumentalness_stdev,Cminor_count,CMajor_count,C#/Dbminor_count,C#/DbMajor_count,Dminor_count,DMajor_count,D#_Ebminor_count,D#_EbMajor_count,Eminor_count,EMajor_count,Fminor_count,FMajor_count,F#/Gbminor_count,F#/GbMajor_count,Gminor_count,GMajor_count,G#/Abminor_count,G#/AbMajor_count,Aminor_count,AMajor_count,A#/BbMajor_count,Bminor_count,A#/Bbminor_count,BMajor_count
INFJ,NF,INFJ Playlist!!,2HTkX7Q03qo3jrPvfz1XCy,50,0.53026,0.141893005,0.69014,0.162906761,-6.73336,2.594439374,0.52,0.50467205,0.055892,0.056145605,0.185469508,0.214289831,0.197954,0.123234825,0.46668,0.182133663,123.22546,32.823542,0.195036841,0.309712103,6,4,2,2,1,1,1,1,4,2,2,2,1,2,1,1,1,3,5,6,2,0,0,0
INFJ,NF,This Is Inf,37i9dQZF1DZ06evO3SeHZd,50,0.6654,0.104156084,0.41108,0.152028306,-10.79756,2.925748871,0.26,0.443087498,0.088266,0.084354027,0.237461314,0.253112287,0.189096,0.162794744,0.43454,0.194995469,99.42746,28.48007585,0.662444266,0.273933607,5,3,2,1,6,4,3,0,3,0,1,1,2,1,2,2,3,1,6,0,0,4,0,0
INFJ,NF,This Is INF1N1TE,37i9dQZF1DZ06evO2gEhGg,50,0.62752,0.089986675,0.89672,0.091512693,-3.39622,1.789910353,0.5,0.505076272,0.187964,0.137097595,0.014073806,0.058866887,0.218584,0.17038082,0.33932,0.209851837,134.09514,33.44215299,0.124323663,0.226818795,0,2,2,10,0,5,0,0,4,1,5,0,7,2,0,1,1,3,0,1,0,5,1,0
INFJ,NF,Infj 😌,2J1Xdogu9HbBxJvrutXGNi,42,0.583666667,0.142936566,0.572880952,0.18398929,-7.942238095,2.847797264,0.714285714,0.457229957,0.077035714,0.093735314,0.274363,0.275511766,0.162547619,0.104165345,0.453688095,0.220730744,118.3581905,26.38745801,0.046877857,0.157276692,1,8,2,2,0,4,0,1,3,3,1,2,1,0,0,4,0,1,2,4,1,2,0,0
INFJ,NF,infj women,1o0KTRvQ1vviGUk5A9osMT,16,0.4171875,0.161166257,0.4975625,0.24992398,-9.3136875,4.674821247,0.375,0.5,0.0403875,0.01469412,0.405877625,0.406346165,0.157525,0.098305269,0.3086875,0.237063063,119.9610625,31.12146296,0.26004915,0.308060879,1,0,1,1,0,1,0,0,1,0,0,2,2,0,3,1,1,0,0,1,0,1,0,0
INFJ,NF,This Is I.N.F,37i9dQZF1DZ06evO2BZHgQ,50,0.63826,0.129633205,0.73156,0.161168458,-7.10216,2.427523407,0.48,0.50467205,0.3071,0.103998087,0.1229784,0.15618735,0.247842,0.191113386,0.58396,0.179949989,108.17912,36.18521933,3.08E-05,8.87E-05,0,0,2,5,0,3,1,0,3,1,1,1,2,6,0,5,1,2,0,1,0,8,8,0
INFJ,NF,infj songs,39oj6TOAf9CPaPjQD9NmM5,50,0.52164,0.121844793,0.55026,0.221570997,-8.45342,3.723905812,0.56,0.501426536,0.050188,0.045119029,0.38992784,0.334456642,0.136134,0.074618241,0.365432,0.197532665,110.48428,25.96603256,0.135575695,0.286762713,3,5,1,1,0,2,0,1,1,1,3,5,2,2,3,4,2,1,1,1,3,5,1,2
INFJ,NF,the infj villain,0boPB8t57SSS8l2Hl4Tnh1,50,0.54786,0.127208652,0.70058,0.179955107,-5.97602,2.006154037,0.5,0.505076272,0.077266,0.063031021,0.12547534,0.189566633,0.192144,0.166285965,0.45394,0.202485919,119.26778,33.38755463,0.017600266,0.082381688,0,2,3,4,4,3,1,0,3,1,3,1,2,0,1,4,1,6,3,2,2,2,2,0
INFJ,NF,infj-t,1uYp2jw8kcuBA8ZRwqQ1pQ,50,0.53212,0.164636475,0.43109,0.209811862,-9.74064,3.653842846,0.86,0.350509833,0.062516,0.074257817,0.538498188,0.354357492,0.166352,0.107325646,0.383764,0.233524532,114.40278,30.88004715,0.106034448,0.227573434,2,6,0,1,0,7,0,0,2,6,1,7,1,3,1,4,0,1,0,2,5,0,0,1
INFJ,NF,infj anthems,171amjDXELO7G60AFXxSoo,50,0.51266,0.121579337,0.451044,0.217290054,-9.10818,3.900537026,0.66,0.478518121,0.03808,0.012696344,0.4875832,0.354981187,0.14528,0.081779532,0.24735,0.155660682,115.19374,26.48410414,0.088722271,0.195121983,1,4,2,2,0,4,0,1,3,4,3,2,2,0,1,4,1,2,1,4,4,1,2,2
INFJ,NF,INFJ (PDB),56neB7M8J9soAbHk2BZL8i,50,0.518552,0.140484826,0.57806,0.215347693,-7.432,3.928174967,0.56,0.501426536,0.0569,0.053037418,0.314371634,0.354076638,0.149354,0.086891312,0.382552,0.17956606,111.44706,27.77782079,0.071796816,0.180220633,4,5,1,6,3,3,1,1,1,1,2,3,2,1,1,2,1,3,2,1,2,3,1,0
INFJ,NF,INFJ૮₍˶• . • ⑅ ₎ა,0SeKF1AK3e1OaesI7bBUxU,50,0.55322,0.16807242,0.6052,0.200718099,-7.47684,2.962095159,0.7,0.46291005,0.04474,0.023592103,0.32760708,0.333303867,0.184788,0.134359769,0.51142,0.239417583,123.97474,30.77856865,0.143682549,0.30986175,2,4,3,2,0,5,0,2,1,0,0,3,2,2,3,5,0,4,1,4,2,3,0,2
INFJ,NF,INFJ community,5kIG72Gnmdj62hL88FuILz,50,0.51762,0.150096553,0.61586,0.170597511,-7.18988,2.337536604,0.52,0.50467205,0.050334,0.038008805,0.2934965,0.312060227,0.173358,0.109351332,0.327334,0.188863113,113.62254,23.36950536,0.107046673,0.241220228,4,3,2,2,1,1,0,1,2,1,1,3,4,1,3,3,0,3,4,4,4,1,2,0
INFJ,NF,for the infj ,744xfGtw16CwlW59YkTiU3,50,0.54256,0.138105278,0.563318,0.200740067,-8.6667,2.904833468,0.72,0.453557368,0.04839,0.037212595,0.38826352,0.321971261,0.212354,0.155330297,0.43016,0.227380888,118.01964,29.67301633,0.177788158,0.27899173,3,4,3,1,1,4,0,1,4,2,0,3,0,7,1,6,0,2,1,3,2,1,0,1
INFJ,NF,Infj,4wCAPoDLrnK8ljpkfbWkxx,50,0.53026,0.141893005,0.69014,0.162906761,-6.73336,2.594439374,0.52,0.50467205,0.055892,0.056145605,0.185469508,0.214289831,0.197954,0.123234825,0.46668,0.182133663,123.22546,32.823542,0.195036841,0.309712103,6,4,2,2,1,1,1,1,4,2,2,2,1,2,1,1,1,3,5,6,2,0,0,0
INFJ,NF,INFJ,0IIzVq5MIoKnduwpBcpiGQ,50,0.6062,0.136174708,0.4305,0.204901395,-9.2936,3.223946346,0.84,0.37032804,0.04439,0.018283373,0.5366038,0.304660752,0.138434,0.066891394,0.354966,0.196737048,113.5323,24.62473309,0.010447452,0.035594742,2,9,0,1,1,5,0,1,0,4,0,5,1,1,1,3,0,5,2,0,2,1,0,6
INFJ,NF,Infp but it's actual infp songs,72PVFthY1iGZy9a2MDJfKf,33,0.587636364,0.135644254,0.556272727,0.191641963,-8.21569697,3.356867471,0.636363636,0.48850421,0.074272727,0.083388227,0.341433939,0.267076757,0.154542424,0.112495672,0.44760303,0.216068682,131.8712424,33.21600809,0.061040864,0.177558727,1,5,0,1,1,1,1,0,4,0,1,2,0,0,1,3,1,2,1,2,1,0,1,4
INFJ,NF,INFJ woman.,2SgKZnyGC9GHH53sXswVDy,50,0.62928,0.135066581,0.63706,0.168476657,-6.42328,1.940351052,0.54,0.503457434,0.111286,0.111278034,0.18657462,0.199056021,0.136702,0.080628545,0.481214,0.219679046,126.8396,30.90532126,0.049631415,0.13104362,3,5,3,2,1,1,1,1,1,2,1,3,3,1,1,4,3,2,1,3,3,3,2,0
INFJ,NF,Infj,1HNlG2Ri423ZOFvgfYQnhF,50,0.54582,0.121638254,0.59386,0.188923914,-7.33554,2.609062387,0.62,0.490314351,0.070482,0.062795381,0.295434808,0.285290254,0.1841,0.139178033,0.350798,0.187474797,128.65244,31.56939542,0.084820897,0.224503876,2,4,0,4,0,3,0,1,2,1,3,5,2,3,1,1,2,2,3,2,4,2,2,1
INFJ,NF,INFJ vibes,0m5pMLkSfKXNpHQreYF0RW,50,0.5113,0.149249859,0.5073242,0.244274786,-9.39012,5.794352545,0.76,0.431419111,0.054136,0.046381104,0.3930144,0.354986175,0.176626,0.146228259,0.406804,0.262752001,118.95402,31.30423535,0.144841121,0.264217508,0,8,2,1,1,9,0,2,2,2,2,2,0,4,1,2,0,3,3,4,1,0,1,0
INFJ,NF,INFJ Kpop Songs,2fLyPEfr4b47Jre4c2TQGH,50,0.60448,0.105678032,0.70738,0.162665161,-4.88694,1.773857268,0.52,0.50467205,0.074528,0.070618732,0.15434742,0.184710531,0.186066,0.101176033,0.4634,0.172460466,121.5732,29.56116937,9.38E-05,0.000469975,2,0,4,5,2,1,0,1,2,2,4,3,1,2,1,1,2,8,0,0,1,4,2,2
INFJ,NF,INFJ,23y6Hlav7ZEthIx4nfiprZ,50,0.4881,0.166805306,0.506954,0.253073716,-9.49508,4.183391715,0.66,0.478518121,0.054822,0.050365838,0.386098558,0.328695035,0.184582,0.164492793,0.371356,0.250188341,119.72244,31.32106463,0.132910189,0.281940619,1,4,0,3,1,6,1,2,2,2,0,3,2,1,5,3,2,1,2,3,2,1,0,3
INFJ,NF,infj vibes,2PyywxAvnoLxSMzssBjuoK,50,0.52674,0.133964023,0.550912,0.218998319,-8.30766,4.761280884,0.66,0.478518121,0.055546,0.051624208,0.3497724,0.33064145,0.210724,0.149932267,0.373556,0.21825646,113.2782,33.00677811,0.102711253,0.212948939,1,4,2,1,1,2,0,3,2,3,2,7,3,3,0,1,0,2,4,4,3,2,0,0
INFJ,NF,infj soundtrack..,2D3s8Lppph2KvOnQtr0r0t,50,0.48752,0.151999227,0.479928,0.231612021,-9.87042,4.537971978,0.7,0.46291005,0.0459,0.022295923,0.4778648,0.358470236,0.128782,0.063547067,0.308142,0.204331646,118.41574,28.79814041,0.164473132,0.289094056,2,6,1,4,2,6,1,0,2,2,2,2,2,3,1,6,0,1,0,1,3,2,0,1
INFJ,NF,infj // the visionary ,2fHK41mb288anu6dQDNuB8,48,0.514895833,0.154590501,0.511916667,0.218248719,-10.5181875,4.551624894,0.791666667,0.410414079,0.044964583,0.038318011,0.446229929,0.359849067,0.161095833,0.114117757,0.374872917,0.254105141,125.1321667,35.8905349,0.35849526,0.361768163,0,7,1,2,0,3,0,0,1,6,1,1,1,5,1,4,1,2,2,4,1,2,0,3
INFJ,NF,🎧 INFJ/9w1 🌊,2wAA5kRItemscc0sqyWvOx,50,0.51804,0.140345195,0.556808,0.243264293,-9.4362,4.677818408,0.64,0.484873221,0.05474,0.045938619,0.35393826,0.341011261,0.150914,0.12072524,0.412128,0.227781696,123.04246,36.58920625,0.300116857,0.389427596,2,0,3,2,1,5,0,2,1,1,0,4,2,2,2,5,2,3,2,5,2,3,0,1
INFJ,NF,ISFP playlist ♡,6uUl4hMRrrVYjIFic9gp4j,50,0.6332,0.126416061,0.67016,0.177254615,-5.91302,2.357529912,0.56,0.501426536,0.083066,0.070399219,0.20622584,0.276836308,0.167384,0.112649903,0.478764,0.195716703,117.7007,29.92704025,0.020415082,0.121466158,1,3,1,3,1,0,1,0,3,3,4,3,3,4,1,3,0,4,2,3,2,4,1,0
INFJ,NF,infj ,0Vb8rBWlOpDgC5Uuu5LL89,50,0.54828,0.129067304,0.63154,0.20279005,-5.85742,2.962015214,0.46,0.503457434,0.072162,0.074437498,0.25919938,0.270866245,0.177364,0.109726589,0.402186,0.213705197,116.47198,29.49088225,0.001333376,0.005884168,3,0,3,2,6,2,1,1,4,4,2,6,1,4,0,2,0,2,2,0,0,4,1,0
INFJ,NF,Infp songs <3,0VWRita9yORbhfBc80CNfz,50,0.5208,0.164157465,0.618752,0.218963975,-7.24238,4.592926571,0.64,0.484873221,0.065084,0.053946804,0.263626766,0.300976405,0.15108,0.100298959,0.402024,0.20274605,131.27542,31.14320906,0.045329397,0.164013337,1,5,1,3,3,5,0,0,6,2,2,2,0,2,1,2,0,4,1,2,1,2,1,4
INFJ,NF,INFJ playlist,78u1dg0ofGUJjmFlBYTbP6,43,0.533139535,0.137697318,0.621093023,0.226103939,-7.654976744,3.506166707,0.441860465,0.502485517,0.0473,0.032396958,0.2348311,0.268115048,0.145106977,0.088917199,0.42705814,0.241176274,115.7973953,24.39608405,0.123348104,0.23776003,2,2,1,2,1,2,1,0,2,0,2,4,3,1,1,1,2,3,3,0,2,5,1,2
INFJ,NF,INFJ,01PJMGPTwydYcE07CmGO7X,50,0.56482,0.137725354,0.62208,0.158731559,-7.139,2.666553282,0.32,0.471212071,0.068716,0.056037674,0.160150684,0.197948817,0.183566,0.126627775,0.429,0.2151736,125.16488,29.06818588,0.072146951,0.180994294,2,1,2,0,2,0,1,0,3,1,2,0,2,2,4,1,2,3,5,1,2,4,5,5
INFJ,NF,pov ; you’re an infp,4Ap1GBkipIaX3dHPiMk96v,50,0.5604,0.141450071,0.445862,0.24259167,-10.57224,5.685179015,0.82,0.388087934,0.065178,0.058684317,0.4796774,0.36140648,0.169092,0.12663451,0.351366,0.195116122,114.69308,30.03414246,0.069537275,0.206277029,2,12,0,4,0,2,0,2,2,0,0,2,0,1,0,4,1,1,1,7,5,1,2,1
INFJ,NF,infj songs ♡,28nuegyX1rNkP16IKVHFSU,38,0.521657895,0.128653374,0.556552632,0.197524641,-7.996052632,3.26497214,0.578947368,0.500355492,0.061997368,0.06312265,0.361788921,0.339950585,0.140107895,0.079588901,0.382613158,0.204852688,106.6248947,24.99350367,0.106956944,0.230954727,3,2,1,1,1,1,0,2,1,3,1,4,2,3,1,1,1,1,1,1,2,2,2,1
INFJ,NF,INFJ 4W5,0bfuJU7NagUVXgmLP7R3DT,50,0.564408163,0.123595091,0.635693878,0.232775124,-7.642326531,3.214956579,0.591836735,0.496586991,0.051404082,0.030011171,0.265374661,0.299653764,0.189142857,0.140623936,0.470434694,0.23529686,117.6153061,30.52329789,0.159545441,0.289252885,1,3,1,1,1,2,1,3,3,1,4,4,0,2,1,4,1,2,4,5,1,3,0,1
INFJ,NF,INFJ's depth,0wwNS3TP0JRMBCfpTyiKE6,18,0.535444444,0.117816019,0.359494444,0.142175618,-9.175111111,2.491605646,0.722222222,0.460888599,0.051644444,0.031656413,0.615544444,0.326056067,0.187644444,0.134300393,0.336111111,0.136886767,100.4355556,32.30458637,0.001198377,0.003884036,1,2,0,0,0,0,0,2,0,0,1,2,0,1,1,2,0,2,0,0,2,2,0,0
INFJ,NF,infj,7nruKMLe9ZgTIFkbYShBP6,47,0.456829787,0.097447493,0.372510638,0.094486225,-7.69412766,2.062319089,0.957446809,0.204029709,0.033606383,0.005488344,0.745702128,0.136593958,0.146242553,0.079871042,0.278,0.107371156,133.7694255,28.22790613,7.06E-05,0.000355829,0,5,0,2,0,2,0,7,0,2,1,3,0,3,0,3,1,3,0,5,2,0,0,8
INFJ,NF,infJ,0odnHyApyCUuAffbnXgoY3,50,0.5211,0.122287425,0.55024,0.191227993,-7.34508,2.752594693,0.78,0.418451958,0.043988,0.039221733,0.37387188,0.299178397,0.146816,0.087240553,0.339816,0.193893598,110.24534,31.07102328,0.051975644,0.17546643,2,4,1,4,1,6,0,1,2,5,0,3,3,0,0,1,0,7,2,1,4,0,0,3
INFJ,NF,pov: you’re an infj ,1qEWVe7gE8fa1nnOHyuaZM,50,0.51094,0.139009236,0.574222,0.229756524,-7.91078,4.39297947,0.56,0.501426536,0.047294,0.026161363,0.28049018,0.34659891,0.17194,0.13311577,0.365496,0.236316376,118.56768,26.88503856,0.083686956,0.175307432,0,7,0,1,1,1,0,1,5,4,4,3,1,1,3,0,0,5,5,3,2,1,2,0
INFJ,NF,entp x infj,4ovXM2PgaToExxIcOCUDr2,50,0.4828,0.145756436,0.612556,0.277638816,-9.52602,5.694494457,0.72,0.453557368,0.051092,0.024118566,0.27934461,0.363287381,0.18906,0.129227006,0.437738,0.252016632,128.38728,34.66313932,0.155477135,0.302439947,1,9,0,4,1,3,1,1,0,2,2,1,3,2,0,5,0,2,2,3,2,2,2,2
INFJ,NF,INFJ,1SNQ3oHgVOdVwSgFvCFH04,50,0.64666,0.1560728,0.68782,0.160271414,-6.97588,3.019005355,0.56,0.501426536,0.09915,0.124270707,0.15935006,0.232463532,0.169222,0.163338175,0.581162,0.221363995,127.11404,28.76160007,0.103044799,0.248724033,1,3,3,5,0,5,0,0,5,4,3,0,2,2,1,1,2,2,1,2,2,2,2,2
INFJ,NF,Lofi for INFJs 🍊,0W3xlxQD07aJI96Y6eBLnV,43,0.650511628,0.102983441,0.270489302,0.140388307,-14.69293023,6.012641248,0.581395349,0.499168744,0.069976744,0.065528499,0.742574419,0.235873206,0.155906977,0.137057351,0.2712,0.171217885,106.2768605,33.48566052,0.81372093,0.188628424,1,3,1,1,2,2,1,0,2,0,1,2,1,2,1,5,2,3,1,3,2,4,1,2
INFJ,NF,INFJ,43Hqm5oYtKuKlVvZsptXx5,50,0.5605,0.161284038,0.42013,0.174699883,-10.05038,4.076278965,0.82,0.388087934,0.080558,0.074327247,0.56033,0.303823508,0.167592,0.140306708,0.291498,0.193665748,115.33536,31.66220344,0.046961181,0.167431162,0,7,0,4,0,3,0,1,4,6,0,2,0,2,1,10,0,0,1,4,2,1,2,0
INFJ,NF,INFJ,62Z75GHgU6dUvXRu4YbWX4,50,0.65582,0.162070492,0.6127,0.210169247,-7.3487,3.215678151,0.74,0.443087498,0.077844,0.067374831,0.3582798,0.287642511,0.194172,0.14797088,0.55878,0.239538953,118.27666,30.15182525,0.012838317,0.051225054,0,4,1,4,2,2,1,5,2,0,1,3,1,1,0,6,1,2,1,4,4,3,0,2
INFJ,NF,infj :'),7yfZH7H25hPEvyxXAKYJ0H,50,0.58274,0.148725855,0.522614,0.195488713,-8.88162,4.672552084,0.7,0.46291005,0.092488,0.098007248,0.4065764,0.326485985,0.145032,0.106073466,0.454282,0.242272007,117.56404,27.55937061,0.046637562,0.165962998,1,3,0,2,1,5,0,2,1,4,2,4,0,3,0,4,3,1,2,3,2,3,2,2
INFJ,NF,INFJ🪐🔭,4CZDWswUOhSEPcahuu7AAR,50,0.5511,0.138256232,0.57442,0.180274857,-7.36546,2.878348671,0.62,0.490314351,0.0644,0.060937388,0.380607,0.309375634,0.175752,0.096003901,0.449088,0.216640254,118.14838,34.96890817,0.029259266,0.087659212,3,5,3,2,0,3,0,2,1,1,1,2,3,3,1,1,0,4,2,2,4,5,0,2
INFJ,NF,infj √,7tBJCFwmTVbIuzMlD4AdCI,50,0.53508,0.154904821,0.60514,0.203841376,-7.90922,3.021641001,0.56,0.501426536,0.05065,0.043193845,0.29803628,0.281015828,0.15945,0.137092317,0.39372,0.205711413,116.14756,28.99533459,0.081170752,0.190168715,3,3,0,3,1,3,0,0,1,1,3,3,1,1,1,3,2,1,0,6,2,8,2,2
INFJ,NF,INFJ,1atrSzRz2WEI9fYAYfFndU,50,0.4527,0.123299081,0.3805892,0.20557646,-11.87162,6.262573524,0.74,0.443087498,0.037594,0.009249786,0.5702674,0.373320522,0.132008,0.083487999,0.239894,0.157018915,119.60744,30.20431715,0.149711594,0.319707899,1,6,2,0,0,5,1,0,0,5,2,4,1,2,2,5,0,3,1,2,3,3,0,2
INFJ,NF,INFJ,4Myt7OkKW1jdwlTX82JS5d,22,0.465318182,0.11380576,0.486318182,0.18950773,-7.812727273,2.382293237,0.681818182,0.476731295,0.0502,0.054518551,0.432100909,0.315810477,0.157186364,0.109828244,0.276772727,0.14836244,113.5501364,32.54131752,0.079814118,0.233070432,3,3,0,1,0,0,0,1,0,1,0,2,1,1,0,2,0,0,0,2,2,3,0,0
INFJ,NF,INFJ,37UwVDxgolivHHzwl7s3DQ,50,0.6687,0.128290208,0.70642,0.115103519,-6.83332,1.800905673,0.5,0.505076272,0.08841,0.07769468,0.12865884,0.188958334,0.198648,0.172485414,0.55982,0.221714994,120.02904,27.75297967,0.137135594,0.251677639,2,7,3,4,1,1,0,1,2,0,4,1,3,1,3,4,2,4,2,1,0,2,1,1
INFJ,NF,infj <3,6utXKDd34PmCTrYz1xzdRX,50,0.52124,0.153449262,0.454406,0.220112321,-9.93696,4.429183663,0.86,0.350509833,0.044124,0.028324091,0.497707651,0.351087663,0.16962,0.120444139,0.356358,0.201851461,117.57832,31.19347217,0.167292122,0.278176912,1,8,0,4,1,8,0,1,0,2,2,3,1,2,0,3,0,2,1,5,3,1,0,2
INFJ,NF,every infj’s playlist,3wnbpuAKArovCpBPepc3SB,50,0.6051,0.132458272,0.50688,0.144614003,-8.4044,2.257466216,0.92,0.274047516,0.064522,0.049014156,0.435466,0.276906261,0.138754,0.065656267,0.366578,0.174871994,123.4841,32.32165255,0.01550052,0.079904058,0,8,0,3,1,4,0,2,1,1,0,6,2,5,0,5,0,5,0,3,3,0,0,1
INFJ,NF,INFJ 🍂🍪🎧,76dQG48VVXUlohCWDkcLWh,50,0.49002,0.132211718,0.436292,0.234179771,-10.44026,4.871692259,0.6,0.494871659,0.04865,0.058967045,0.52897946,0.376387699,0.161268,0.121386395,0.300264,0.180736194,125.90308,26.12075299,0.179232998,0.293750744,2,2,2,2,1,1,0,1,3,5,1,2,4,2,1,4,2,2,1,4,3,1,2,2
INFJ,NF,INFJ,13cGGywO75ZBdUDioEjRgn,50,0.52998,0.11213958,0.400184,0.199496591,-10.37954,4.234251919,0.82,0.388087934,0.048586,0.028891126,0.609104,0.300628839,0.147938,0.090652561,0.338344,0.173679601,119.0678,33.19237764,0.039718222,0.137181541,1,9,1,1,0,3,0,0,2,2,1,2,1,1,0,6,1,4,1,9,4,0,1,0
INFJ,NF,INFJ ✨️,7a4DEMxso4K8rVYTDeJ8Ow,50,0.62216,0.117745204,0.689318,0.177339922,-6.89914,2.872813618,0.74,0.443087498,0.05604,0.046623061,0.193764106,0.272478423,0.169106,0.14105407,0.610218,0.214173163,122.92718,26.76771431,0.110264204,0.225412334,1,6,0,4,1,5,0,1,2,3,0,1,4,3,0,3,0,3,2,3,2,1,2,3
INFJ,NF,infj thinking moments,6hb3dUyq17hDPsIJKcNAHV,50,0.62598,0.121897329,0.53044,0.154745764,-6.64054,2.217516318,0.64,0.484873221,0.098,0.10597055,0.382878,0.248739659,0.167534,0.113231548,0.48382,0.205950429,129.8688,35.7270027,0.01026843,0.035614273,1,2,3,2,1,2,1,5,0,2,2,3,3,2,2,4,0,4,1,2,0,2,2,4
INFJ,NF,infj-t ✧,114BOsMEQHpVyVy6vnQTcp,22,0.507045455,0.182063955,0.508909091,0.177157425,-8.292090909,3.591153004,0.545454545,0.509647191,0.053477273,0.059097643,0.453513636,0.349942417,0.232163636,0.155149493,0.342127273,0.222803409,103.0578182,31.21517765,0.052866986,0.198700617,0,0,1,3,3,0,0,0,0,1,0,2,2,2,0,0,1,3,1,0,0,1,1,1
INFJ,NF,infj,2J3Oq3AInb5lcbVVuk8HpL,50,0.60306,0.132316629,0.6154,0.157861603,-7.07748,2.059790422,0.56,0.501426536,0.071938,0.074212953,0.229317186,0.252938179,0.206112,0.129346566,0.48498,0.228234528,118.44176,27.29856766,0.022138006,0.102842772,2,8,2,2,2,2,0,1,2,0,0,3,3,1,1,2,1,4,1,2,3,4,4,0
INFJ,NF,Infj x entp,5IT0CDzG5eTlBruFQDsxF9,26,0.633846154,0.118921047,0.680730769,0.226347619,-6.493307692,3.35148115,0.576923077,0.503831474,0.050919231,0.030255195,0.189702154,0.283128273,0.161096154,0.090646291,0.599769231,0.185507586,117.6678077,22.16213448,0.009351473,0.021369519,2,1,2,2,0,1,0,0,1,0,0,2,0,0,1,5,1,2,1,0,2,2,1,0
INFJ,NF,Infj,1vK5YhGGBF6WiBW8EGCLM8,50,0.56468,0.121267867,0.533472,0.169751019,-8.29052,3.511628155,0.68,0.471212071,0.06416,0.080477668,0.388533,0.312396493,0.150176,0.088578365,0.425982,0.221203864,116.6394,35.20201423,0.062100502,0.18196936,3,6,1,3,2,5,0,0,0,4,0,5,1,2,1,1,1,3,3,2,2,3,1,1
INFJ,NF,infj,7yyFHLbZX3qgGCt88OpihQ,29,0.666655172,0.147045735,0.551551724,0.204028637,-7.417,2.995401094,0.655172414,0.483725281,0.104303448,0.129374002,0.298729655,0.302096014,0.192437931,0.100380392,0.578068966,0.242174366,113.1403448,28.8265672,6.23E-06,1.47E-05,1,2,3,2,0,1,1,2,0,3,0,0,0,0,0,2,3,2,0,0,4,2,0,1
INFJ,NF,infj cult ,7wv70Bkfb0MSFwXJ80xjU9,50,0.61498,0.101392446,0.7381,0.146533725,-4.41336,1.686195522,0.48,0.50467205,0.077724,0.069703903,0.17125122,0.181570034,0.18745,0.125184664,0.51414,0.168933027,123.61154,29.20838014,0.000311876,0.001174985,2,2,1,5,4,2,1,1,2,2,3,3,5,3,2,2,3,3,1,1,0,2,0,0
INFJ,NF,DOUBLE INFJ,6SAPQ7jBFjWlQ0oN1AqusK,17,0.582470588,0.10809609,0.508470588,0.210433813,-7.987294118,2.765921677,0.823529412,0.392952624,0.116494118,0.120005825,0.483382353,0.342856942,0.142552941,0.093219681,0.411352941,0.20076975,111.0174118,29.14209273,1.99E-06,4.57E-06,0,1,1,2,0,1,0,0,0,1,1,2,0,2,0,0,0,2,0,2,1,0,1,0
INFJ,NF,Infj,1tV2liYKikq2D5vFnPRgIE,50,0.55794,0.143547391,0.69726,0.197783205,-8.24898,3.392104575,0.6,0.494871659,0.05223,0.045970355,0.226933803,0.292614845,0.196766,0.124455491,0.521492,0.250287186,127.82998,28.68032503,0.22251925,0.323399538,4,4,1,3,1,2,1,3,0,1,1,3,2,1,0,4,1,4,4,3,1,2,3,1
INFJ,NF,infj,0OyiBmB7UN2wZUCfXFldya,50,0.522814,0.147289674,0.560052,0.186896797,-8.44764,3.910129455,0.56,0.501426536,0.055592,0.053991306,0.36369948,0.340571949,0.13615,0.076534989,0.391886,0.184697885,113.82732,27.17810155,0.079031882,0.19319778,4,5,0,4,3,3,0,1,1,2,6,7,2,1,0,1,0,1,1,0,3,5,0,0
INFJ,NF,INFJ/INTJ,5CStUmcoi2wvtxn0A8kBg4,12,0.545416667,0.107650494,0.788583333,0.124201785,-5.841166667,1.439240319,0.25,0.452267017,0.109766667,0.081475745,0.127456483,0.209608844,0.202516667,0.216048062,0.481666667,0.183680223,140.534,33.57778559,0.001300049,0.004025092,2,0,1,0,2,1,0,0,1,0,0,0,0,1,0,0,1,0,0,1,0,0,2,0
INFJ,NF,INFJ ,6SFksFdWOroKz2hdBQUTVl,50,0.50262,0.159391303,0.37748,0.237540997,-12.4195,6.79837553,0.84,0.37032804,0.063338,0.057307249,0.597774,0.343015274,0.173866,0.117780269,0.297442,0.213536939,116.50022,32.19315376,0.23164581,0.358125425,1,2,0,7,0,6,0,3,2,4,1,4,0,0,2,2,1,7,0,3,0,0,1,4
INFJ,NF,infj,0orl46UhHRXojf8ZItBfgA,18,0.582611111,0.110981789,0.628055556,0.14933085,-6.872777778,1.955797733,0.666666667,0.48507125,0.039894444,0.013098831,0.148112778,0.185354975,0.1473,0.099572923,0.409338889,0.190375719,117.0191667,27.80318417,0.046516247,0.137161214,1,3,0,0,0,1,0,0,1,2,1,2,1,1,0,0,1,2,0,0,1,1,0,0
INFJ,NF,infj smoke mix,1hBm1X5tuUT0ZzOx2QBNt5,50,0.71072,0.114754225,0.71278,0.163104986,-6.05338,2.796402192,0.66,0.478518121,0.127712,0.121937521,0.147319,0.216706261,0.215598,0.15005535,0.488536,0.234795803,118.42574,29.75361453,0.112046776,0.215946869,0,4,2,7,1,7,0,0,1,2,2,0,2,0,1,5,0,3,2,4,0,1,5,1
INFJ,NF,leo ✦ ✧ infj,2QOceFDNlMbLvDZ4JZ3QxD,50,0.55468,0.161427236,0.59674,0.183925097,-7.0782,2.642550013,0.52,0.50467205,0.069576,0.081644642,0.2448886,0.254244235,0.211956,0.19420897,0.384246,0.241969908,126.04768,33.3687936,0.031582436,0.113425671,1,4,3,1,1,3,0,0,3,0,1,3,2,1,5,4,0,3,4,4,0,4,0,3
INFJ,NF,infj,7ewJEUHf1kmSfFg6p9mZOy,50,0.45864,0.189880065,0.346298,0.191252683,-12.11836,4.482198917,0.58,0.498569382,0.062118,0.055738898,0.5936934,0.329956855,0.16065,0.114862449,0.239114,0.173084723,111.88622,30.47714849,0.226039845,0.270453293,0,4,1,0,0,6,0,0,4,1,2,4,3,0,5,3,1,2,2,5,1,0,3,3
INFJ,NF,Infj-tunes,3UrvDHasRRMFOTOOlLCD5I,50,0.51994,0.137019053,0.46259,0.205801696,-9.86756,4.350030697,0.72,0.453557368,0.04596,0.038122852,0.436690506,0.358039952,0.17806,0.125289912,0.36472,0.194927934,117.91152,29.84843717,0.071322703,0.201233024,1,7,0,2,2,2,0,3,2,5,2,1,1,1,0,1,1,2,1,3,4,4,0,5
INFJ,NF,Infj,1K1NJmLPq0PJ271izjli5h,29,0.501827586,0.133516738,0.525441379,0.244749332,-9.764896552,5.593312521,0.620689655,0.493803974,0.039693103,0.027379319,0.398562666,0.331165342,0.181162069,0.121860952,0.349593103,0.244693267,112.6460345,31.03260422,0.314915241,0.368159273,1,0,0,2,1,2,0,1,1,2,1,4,1,1,1,2,1,3,1,0,1,3,0,0
INFJ,NF,INFJ raps,2K5XrVtTsaW9wyvFSR42uy,50,0.63804,0.098762333,0.56646,0.105989066,-8.34676,2.670050306,0.58,0.498569382,0.182198,0.121333318,0.3039332,0.254977234,0.177964,0.116020805,0.46458,0.18316103,123.9105,37.00919502,7.43E-05,0.00027016,1,2,3,7,1,2,0,0,3,1,2,4,3,0,1,2,1,4,2,1,1,2,2,5
INFJ,NF,INFJ,4ufZ8PHqSoowMXvRF38QNG,50,0.54634,0.137579159,0.61774,0.216648762,-8.9065,4.228820974,0.72,0.453557368,0.0452,0.020397249,0.229456898,0.232314862,0.213238,0.190947792,0.510088,0.225445073,117.22294,20.75595478,0.077042245,0.22010798,0,6,5,3,0,2,0,1,1,4,0,2,0,2,3,9,0,0,0,4,1,4,1,2
INFJ,NF,Infj/infp,1e4BKHIVcQkiAR4NWF5Jmn,50,0.59486,0.131791116,0.63202,0.197299885,-5.76022,2.707359797,0.7,0.46291005,0.07062,0.058187975,0.29550384,0.274836303,0.153352,0.123567364,0.425764,0.205066065,124.31572,29.89088501,0.012727461,0.058148458,3,7,1,5,2,5,0,1,1,1,2,2,1,0,0,5,0,2,2,5,0,2,1,2
INFJ,NF,Infj 4w5 Capricorn🍂🍂,35lFKRjmS2rM0Eb3057teB,50,0.55958,0.133356984,0.57078,0.252041889,-9.07208,4.366725046,0.88,0.328260723,0.056646,0.047275723,0.360144422,0.312386462,0.158274,0.18128025,0.4988,0.177336415,121.9607,31.88491549,0.028369957,0.131220912,3,2,0,2,1,6,0,3,0,2,0,8,0,3,0,10,0,1,1,4,1,1,0,2
INFJ,NF,INFJ,0if47lB7jA7a8InDapdOED,50,0.54156,0.164083871,0.50242,0.205132122,-7.724,3.691682212,0.76,0.431419111,0.046328,0.026491431,0.50201429,0.306511663,0.12885,0.071547659,0.415602,0.189813501,120.61644,29.97548635,0.02797581,0.111131964,2,4,0,0,2,6,0,4,0,1,0,5,3,2,1,2,0,2,0,4,4,4,0,4
INFJ,NF,Infj/infp,1e4BKHIVcQkiAR4NWF5Jmn,50,0.59486,0.131791116,0.63202,0.197299885,-5.76022,2.707359797,0.7,0.46291005,0.07062,0.058187975,0.29550384,0.274836303,0.153352,0.123567364,0.425764,0.205066065,124.31572,29.89088501,0.012727461,0.058148458,3,7,1,5,2,5,0,1,1,1,2,2,1,0,0,5,0,2,2,5,0,2,1,2
INFJ,NF,Infj 4w5 Capricorn🍂🍂,35lFKRjmS2rM0Eb3057teB,50,0.55958,0.133356984,0.57078,0.252041889,-9.07208,4.366725046,0.88,0.328260723,0.056646,0.047275723,0.360144422,0.312386462,0.158274,0.18128025,0.4988,0.177336415,121.9607,31.88491549,0.028369957,0.131220912,3,2,0,2,1,6,0,3,0,2,0,8,0,3,0,10,0,1,1,4,1,1,0,2
INFJ,NF,INFJ,0if47lB7jA7a8InDapdOED,50,0.54156,0.164083871,0.50242,0.205132122,-7.724,3.691682212,0.76,0.431419111,0.046328,0.026491431,0.50201429,0.306511663,0.12885,0.071547659,0.415602,0.189813501,120.61644,29.97548635,0.02797581,0.111131964,2,4,0,0,2,6,0,4,0,1,0,5,3,2,1,2,0,2,0,4,4,4,0,4
INFJ,NF,my INFJ vibes >>>>>,2hcAUR19SlEk47UmUXISK1,50,0.6238,0.142772403,0.59928,0.16049325,-6.71794,2.120764681,0.52,0.50467205,0.077784,0.058529422,0.303524786,0.266517088,0.17675,0.129634057,0.45446,0.176851167,118.4743,28.57127954,0.020349242,0.130941053,2,4,5,1,0,3,0,0,3,2,1,4,0,5,5,2,1,2,3,0,1,2,2,2
INFJ,NF,infj,0B9r59zF1OXwG843dD7lHH,50,0.57328,0.141483978,0.48718,0.173429712,-7.33332,2.690253053,0.78,0.418451958,0.05901,0.057306114,0.5418024,0.297287811,0.143078,0.0828016,0.338102,0.19172254,114.653,28.3384549,0.013656077,0.06059093,0,3,0,2,1,4,2,2,1,4,1,3,0,3,1,5,1,5,2,2,4,1,1,2
INFJ,NF,INFJ-T,6cmgKZ3qQHt8ohWzNB1xet,50,0.57014,0.150454415,0.80068,0.117921184,-5.0002,1.592200172,0.72,0.453557368,0.057674,0.034452391,0.030807928,0.047798702,0.191534,0.140742854,0.58446,0.238309883,130.08298,23.42474294,0.011858684,0.033104282,0,7,0,4,1,5,0,1,0,2,1,3,2,1,0,3,0,3,1,3,3,7,2,1
INFJ,NF,infj,6dGXucUoX2pMkHpwqf429t,50,0.6376,0.139220864,0.76068,0.171166161,-6.81224,3.320628528,0.62,0.490314351,0.10128,0.098541302,0.133171934,0.195556635,0.209566,0.18324202,0.366942,0.234669613,122.27782,17.1707078,0.499658806,0.367855324,3,3,1,5,1,1,0,0,0,1,1,0,6,0,0,11,2,7,0,1,1,2,3,1
INFJ,NF,infj girlies♡︎,7FpmxTJLnIkPKSpqRMuvyz,50,0.55482,0.109960975,0.5602,0.170858815,-7.89488,2.657123307,0.64,0.484873221,0.04932,0.0411095,0.45056028,0.323270282,0.124354,0.060249777,0.373058,0.173214768,116.6241,26.51179977,0.000466798,0.001368601,3,9,2,2,0,3,0,0,4,3,2,7,2,2,0,1,0,1,1,0,3,3,1,1
INFJ,NF,Infj ,6AOj9fJGrrsA400sicxXTu,50,0.60262,0.108826747,0.7083,0.167633985,-4.81212,1.920376851,0.5,0.505076272,0.072062,0.070483479,0.1723888,0.185331256,0.18392,0.095806938,0.49486,0.160903953,119.00096,29.27412003,0.000149947,0.000603878,4,0,4,5,4,2,0,0,1,2,3,4,2,3,1,1,1,5,0,0,1,3,2,2
INFJ,NF,Infj-T,5GA1EDLyM5KqLdXaCD9lda,50,0.604204545,0.136202411,0.612113636,0.162356801,-5.670272727,2.052943178,0.727272727,0.450510633,0.053122727,0.030618347,0.235929091,0.257660332,0.175806818,0.13727508,0.407347727,0.167028042,125.7730227,34.26694332,0.000516132,0.002638559,1,6,1,2,0,5,0,2,0,2,3,2,2,2,2,4,0,3,0,3,1,3,0,0
INFJ,NF,intj/infj ☆,1vI8MAM2u4BkrtEYlXUqwJ,50,0.4613,0.156713081,0.44582,0.22710545,-10.83314,4.612635132,0.5,0.505076272,0.040328,0.013109181,0.41928928,0.364033409,0.142578,0.083053895,0.272316,0.180930138,116.96162,26.04657108,0.183443612,0.308505836,3,7,1,2,2,5,2,1,4,1,3,0,2,3,2,1,1,0,3,3,1,2,0,1
INFJ,NF,Infj vibes,14HGkIZKEvLmC5lHgVY9qn,36,0.545861111,0.166185981,0.533694444,0.203886638,-7.898638889,2.829152121,0.75,0.439155033,0.066183333,0.06209522,0.357246111,0.318387894,0.1654,0.122040221,0.338638889,0.149984219,118.0020278,29.38098014,0.080462583,0.203826166,0,2,0,3,0,2,0,0,0,4,0,4,2,1,1,4,0,3,0,1,2,4,2,1
INFJ,NF,infj,3YWrlwqKPVKvQVavnWva6Y,50,0.58588,0.129182775,0.62518,0.13884725,-6.36834,2.433148406,0.46,0.503457434,0.075484,0.063385785,0.278984518,0.217908251,0.157362,0.125350032,0.427834,0.19542841,121.3565,31.94856668,0.023882346,0.119213175,2,2,3,1,3,2,2,0,2,0,2,3,2,2,1,2,3,2,3,3,6,2,2,0
INFJ,NF,Infj homossexual,1IKszu65JzRs77JMgWqcxH,50,0.61278,0.142055794,0.6108,0.215114777,-6.86222,3.540308013,0.5,0.505076272,0.0747,0.072056608,0.266731894,0.314163574,0.183648,0.148062183,0.53144,0.224232492,123.79304,27.21596562,0.058783708,0.185912264,2,6,4,5,0,1,0,1,3,0,3,1,6,1,1,4,1,3,4,2,0,0,1,1
INFJ,NF,Infj taste,0ujxEXbdGptzNmqFAYpCjX,50,0.52352,0.143850154,0.532918,0.221782209,-8.98648,3.725388095,0.52,0.50467205,0.042706,0.019576917,0.40058536,0.335177899,0.151432,0.091744306,0.411006,0.224013274,116.08666,25.71743143,0.005826817,0.018581224,3,5,3,1,2,3,0,1,1,1,3,4,5,0,1,3,2,1,1,3,2,3,0,2
INFJ,NF,INFJ,7mb8xYUp94bumGIg6N5OAK,33,0.558363636,0.126230399,0.626454545,0.17441296,-7.033272727,2.593414921,0.545454545,0.505649897,0.058709091,0.050491047,0.262925758,0.254579933,0.141845455,0.072879151,0.422072727,0.214396011,117.1168182,30.94667135,0.001506419,0.004246316,1,6,1,0,0,1,1,0,0,1,0,2,1,0,2,3,2,3,1,0,1,5,1,1
INFJ,NF,INFJ,5iY8XxjwhUBEXHDhrl7Q52,41,0.553853659,0.146360097,0.632,0.168271655,-7.757,2.860535378,0.414634146,0.498778997,0.061739024,0.061739035,0.23109379,0.256760108,0.184082927,0.128786115,0.37457561,0.215359323,112.8038537,25.57528779,0.112850054,0.241995905,1,0,1,2,1,1,0,0,4,1,3,2,2,3,2,3,1,2,4,2,0,4,1,1
INFJ,NF,INFJ (~‾▿‾)~,4Wlqnv3EuP0m1xxa4xHY9b,50,0.55774,0.144465773,0.68582,0.196945314,-6.85734,2.952769966,0.64,0.484873221,0.05261,0.039769244,0.242651028,0.291219563,0.164256,0.138827535,0.455788,0.237725657,123.09968,31.41582135,0.174134128,0.309213395,1,6,1,2,0,3,0,0,2,1,2,2,0,3,2,5,2,1,3,5,2,4,1,2
INFJ,NF,Infj Songs,77PrYEUXvBhGMmLou5Bcc0,50,0.59816,0.120014686,0.7082,0.173767262,-5.60118,2.185092168,0.44,0.501426536,0.102098,0.10079711,0.1618806,0.191217058,0.175842,0.125484111,0.451896,0.206578843,111.84038,26.66673818,0.001154495,0.004149292,1,3,6,2,2,3,1,0,1,2,6,3,3,2,1,1,0,2,1,2,1,3,3,1
INFJ,NF,infj *ੈ✩‧₊˚      ,2UQW5tOTF6z8ILvLSmGWaz,21,0.468095238,0.145539653,0.498142857,0.194272563,-9.482142857,2.595107209,0.571428571,0.507092553,0.039128571,0.017091406,0.386904048,0.347482308,0.137642857,0.070285643,0.3154,0.21251787,111.9634762,29.89156517,0.197614762,0.291507144,2,3,0,1,0,0,0,1,1,0,2,2,0,1,3,1,1,0,0,2,1,0,0,0
INFJ,NF,INFJ,72u1WzJYneY3abmNUQWI3K,50,0.40046,0.11564499,0.254766,0.176586423,-12.81424,3.72641833,0.76,0.431419111,0.03295,0.005865682,0.8069,0.190811398,0.139944,0.066905191,0.278734,0.155648764,116.72176,32.89636145,0.012769225,0.051189287,1,4,1,1,0,6,1,2,0,1,0,4,0,1,0,4,3,1,2,7,5,4,0,2
INFJ,NF,INFJ🍏 / Advocate🪄,4ldKaQ68oYugA1y1Gl1d5V,50,0.5496,0.112605687,0.47534,0.161233081,-8.93842,2.741969999,0.68,0.471212071,0.047756,0.039805784,0.4665177,0.333722368,0.157788,0.114519352,0.36202,0.204050387,117.43368,27.874042,0.073821918,0.211673815,4,2,1,0,0,4,0,2,2,1,0,3,0,3,0,7,2,3,4,3,3,1,2,3
INFJ,NF,infj,5EuGXGaiDLhMqTfsQHsRIL,37,0.537057143,0.107244071,0.398587143,0.220862982,-10.14471429,6.148377675,0.885714286,0.322802851,0.052694286,0.060979968,0.666271429,0.29391097,0.153917143,0.092133872,0.319945714,0.141140338,110.2647143,34.67330985,0.147459122,0.333460869,0,3,0,3,0,8,0,3,0,5,0,2,3,2,0,1,0,2,1,0,0,0,0,2
INFJ,NF,INFJ,3xbsIzoilqLJVL61nuUSeD,50,0.56664,0.130754601,0.58646,0.155702386,-7.00588,2.115267249,0.56,0.501426536,0.056338,0.072454039,0.27890872,0.275226778,0.15924,0.127443761,0.425458,0.207094076,115.87616,25.7187432,0.052821165,0.131291715,3,4,2,3,0,3,1,0,1,1,3,4,2,1,3,4,1,4,1,3,1,4,1,0
INFJ,NF,INFJ,6WPbc1Ra3swdvOnvNK9wJa,24,0.544041667,0.168901432,0.7854875,0.211448728,-5.377166667,3.754087589,0.5,0.510753918,0.087641667,0.07738441,0.124287708,0.23874287,0.1993375,0.139598417,0.469458333,0.234334206,114.1143333,29.37938793,0.000367497,0.001460284,0,1,0,0,3,0,0,0,3,0,2,2,0,1,0,2,0,2,0,2,1,2,2,1
INFJ,NF,INFJ,6MAq7ql3kSS2bIQPhGzX4h,50,0.61662,0.193629236,0.512102,0.20217341,-10.1056,4.462146084,0.56,0.501426536,0.078374,0.063732876,0.422777362,0.320279496,0.174358,0.178777726,0.42849,0.227301707,117.6326,31.24618802,0.191611932,0.32863882,1,3,1,1,1,1,1,0,1,1,4,1,3,4,2,5,2,7,4,2,1,1,1,2
INFJ,NF,INFJ Study (Piano),47Hk1SzsUS22hBEqk5DoRe,50,0.392726,0.157422993,0.068921,0.066624332,-26.0747,5.080256302,0.68,0.471212071,0.044006,0.011769043,0.98318,0.03364502,0.11411,0.082767351,0.189064,0.162737296,110.92196,38.29000174,0.90488,0.133303343,3,3,1,6,1,5,0,4,2,3,1,4,2,2,2,1,1,2,3,3,1,0,0,0
INFJ,NF,Infj,2qqQtJlrBHzHXr8kIm9dxh,50,0.5176,0.165719089,0.39176,0.213130218,-9.89698,4.835698445,0.66,0.478518121,0.051892,0.031130101,0.5722982,0.323394641,0.170362,0.14069353,0.326952,0.213382825,118.30984,32.98387708,0.093401675,0.260748907,0,4,5,3,0,5,0,1,2,3,1,2,2,2,1,3,0,4,2,1,1,3,1,4
INFJ,NF,INFJ nation,1feXqPJdG1yJX29jemBRXY,50,0.5323,0.135475165,0.60952,0.220466596,-8.60722,4.259201507,0.74,0.443087498,0.076234,0.094947316,0.29333154,0.271528164,0.183584,0.164584891,0.442098,0.224891454,113.67464,24.36117495,0.114011971,0.259420364,1,6,0,5,0,6,0,1,3,2,1,3,0,0,0,8,0,1,2,3,0,3,3,2
INFJ,NF,INFJ,5H1nh66wqEg7FnARSGtYMe,50,0.51194,0.11756499,0.45896,0.197470221,-7.72324,2.666551044,0.92,0.274047516,0.033062,0.007317268,0.492552094,0.300300613,0.152162,0.080784758,0.33992,0.155473056,126.9247,28.09332729,0.001293936,0.005246397,1,2,1,1,0,5,0,2,1,6,0,1,0,4,0,6,0,1,1,3,5,0,0,10
INFJ,NF,INFJ,6qbrCLKdiCx5ns2c3E3X8G,50,0.59506,0.123087394,0.48644,0.173558102,-7.541,2.59669865,0.76,0.431419111,0.05021,0.048852014,0.440972,0.27099331,0.160776,0.107626655,0.404738,0.197278172,117.73718,32.58714864,0.001783343,0.012227299,1,3,1,2,0,4,1,1,1,3,0,7,3,1,1,3,0,8,2,4,1,2,0,1
INFJ,NF,infj,7zx1fLzIH4OtTohUEoXkg7,50,0.61176,0.144744752,0.4978,0.163953079,-9.4541,3.435496276,0.48,0.50467205,0.06275,0.046174935,0.485483151,0.294492524,0.164532,0.126355772,0.46112,0.226706647,110.23676,29.28507353,0.260321308,0.344670824,5,2,4,2,1,0,0,1,1,3,2,3,2,2,1,2,1,3,3,0,3,2,4,3
INFJ,NF,INFJ,1F9lZBmdKiVB56RSTM2PYV,50,0.52952,0.129789349,0.62594,0.217682826,-7.8083,3.543831192,0.62,0.490314351,0.048316,0.039613816,0.26719936,0.337809053,0.176698,0.113128802,0.445248,0.263508892,119.229,30.72164275,0.147841154,0.283329789,1,4,1,3,1,4,1,1,0,3,1,3,0,3,3,2,3,2,3,3,2,5,0,1
INFJ,NF,Infj,5PLPXah1Zv1olW0rbgeqN5,50,0.519332,0.151387518,0.52842,0.220424367,-8.57694,4.008497771,0.62,0.490314351,0.051122,0.05479031,0.41483624,0.367288371,0.14563,0.086620724,0.393428,0.20575711,108.37838,26.22387654,0.069288788,0.19274261,3,5,0,0,1,5,1,2,2,3,2,4,1,2,0,1,1,2,1,3,3,5,2,1
INFJ,NF,INFJ,5hKg5SzL8CCBkNnV96Sjap,23,0.47626087,0.12824877,0.514,0.168037063,-8.143913043,2.785916577,0.608695652,0.499010879,0.052382609,0.048219617,0.378251609,0.335596597,0.16243913,0.124560408,0.259508696,0.143364592,115.8367391,32.57140957,0.052340471,0.133323445,1,2,0,0,2,1,0,1,1,2,0,1,1,1,0,0,1,1,1,2,2,1,1,1
INFJ,NF,INFJ-T,7rzQYrk58lwLhRgUbpvK3D,50,0.51882,0.168804886,0.56072,0.193604166,-7.47978,3.696279692,0.58,0.498569382,0.045726,0.022695031,0.35891036,0.341308321,0.147938,0.08504318,0.340198,0.17094443,118.53536,29.19392641,0.064291423,0.176818592,4,5,2,3,2,2,1,3,1,3,5,5,1,0,1,1,0,1,3,1,3,0,1,2
INFJ,NF,1% infj,4wXwztVnx0dDMKbLqx485Y,22,0.530090909,0.134380026,0.421,0.160392376,-8.431909091,2.143071003,0.863636364,0.351250087,0.036213636,0.009729449,0.544477727,0.335306235,0.137236364,0.070116553,0.367,0.172985273,130.3076364,30.59387169,0.007841626,0.022453565,0,1,0,1,0,2,0,4,1,1,0,1,2,2,0,0,0,2,0,2,3,0,0,0
INFJ,NF,Playlist for ENFJ INFJ ENFP INFP,6KSTM9BwJ4FSFVb2tuqfvI,50,0.63174,0.143886692,0.409356,0.167576318,-9.084,2.912359728,0.74,0.443087498,0.074106,0.054142787,0.564242,0.290989967,0.158446,0.120386258,0.448658,0.208312656,110.62046,30.30219086,0.083900977,0.231638712,1,4,4,2,1,4,0,4,2,2,1,5,0,4,0,4,0,2,1,3,0,2,1,3
INFJ,NF,INFJ,6bGI6VJ15f3YZdji9BmJV1,46,0.56276087,0.14729233,0.702673913,0.170723435,-6.120108696,2.822870928,0.543478261,0.503610155,0.07001087,0.058471035,0.169807878,0.217212097,0.179734783,0.154684278,0.423691304,0.243516654,125.788087,32.8117475,0.136720362,0.275798653,2,3,2,1,2,5,1,1,4,0,0,1,2,1,1,4,2,2,1,2,5,3,1,0
INFJ,NF,INFj:p❤️‍🩹,3eUSlZ0Zu5Ou6NOhK1HOj1,50,0.51148,0.17193357,0.400964,0.201184998,-9.68096,5.153147079,0.82,0.388087934,0.047232,0.049337647,0.6199196,0.303558406,0.150988,0.117974248,0.364056,0.195815015,117.52398,34.36090307,0.106176595,0.246386419,2,5,0,2,1,4,0,2,1,3,1,3,0,3,0,11,0,4,1,3,0,2,1,1
INFJ,NF,☆INFJ x ISFP☆,6O87123wUzpzi6WnH8W75v,44,0.524318182,0.130164078,0.685409091,0.169649066,-6.332409091,2.450589699,0.568181818,0.501055967,0.065163636,0.075242279,0.233281341,0.248086317,0.182795455,0.121050234,0.389231818,0.199413205,118.1069545,28.17961513,0.0603528,0.195589404,2,8,1,2,1,0,0,2,4,1,2,1,1,1,0,2,2,2,3,2,3,2,1,1
INFJ,NF,infj. ,3ejep4WLV3FNPS9l3R5hCe,29,0.558034483,0.123575449,0.419313793,0.210445748,-9.736344828,3.433648115,0.724137931,0.454858826,0.050065517,0.035845614,0.468155172,0.344615895,0.154355172,0.093355594,0.358472414,0.219604027,118.0960345,27.30099297,0.10441402,0.240335796,1,5,3,4,1,3,0,1,0,3,1,1,0,0,0,3,0,0,1,0,0,0,1,1
INFJ,NF,Infj,43Sq2kG4w8fyj9gaSv47xG,50,0.61774,0.118900028,0.633,0.170926646,-6.98604,3.334228057,0.52,0.50467205,0.100174,0.075815616,0.17753042,0.208049175,0.16575,0.114458516,0.344964,0.186909331,124.26986,24.9062839,0.212180316,0.343258526,0,3,2,6,2,4,0,0,4,0,6,0,0,3,1,2,2,2,4,1,3,1,2,2
INFJ,NF,infj songs,5TirEMPOFjeaVZo3mVClgM,50,0.4898,0.14320016,0.50368,0.180739574,-8.75494,2.999583607,0.7,0.46291005,0.05427,0.04492058,0.4825898,0.354663472,0.125642,0.049393865,0.307408,0.171832195,112.43544,29.24183684,0.100661927,0.229577228,4,4,1,3,0,6,0,3,1,1,0,8,0,1,1,2,1,1,2,1,4,5,0,1
INFJ,NF,INFJ 5w6 True playlist,7v7fTPvVMlYdui06yilLV0,50,0.52872,0.160052803,0.651732,0.24048507,-8.29492,4.774708235,0.54,0.503457434,0.09415,0.100730202,0.229458262,0.251825484,0.218264,0.177556672,0.409612,0.23004907,118.6201,29.80065765,0.142715586,0.312138837,2,5,2,2,1,4,0,0,5,2,3,3,2,1,2,3,0,3,3,3,0,2,1,1
INFJ,NF,an infj's playlist,46RBEDVwMR02aPL7l7tVJD,50,0.56388,0.155378096,0.548964,0.228156855,-8.9899,3.779349076,0.72,0.453557368,0.047908,0.03226634,0.30813214,0.311237008,0.1738,0.122490688,0.567004,0.227446824,121.7044,27.93946346,0.061058332,0.183401821,1,8,1,3,0,1,1,0,3,2,1,5,2,0,2,1,0,4,1,6,5,1,1,1
INFJ,NF,infj 4w5,7CE0VbmX2C4FjqRpvHC3Ud,50,0.604908,0.179885538,0.442152,0.187253632,-10.59126,4.563999087,0.48,0.50467205,0.084518,0.079624026,0.343827072,0.305793641,0.151816,0.11356521,0.514482,0.235967448,111.88626,28.81313435,0.225264491,0.338976136,1,3,2,2,5,1,2,1,2,1,4,3,1,1,3,4,2,3,2,3,1,0,2,1
INFJ,NF,INFJ 🍀,5xDU2UuZBgCcfpWf8XPGNf,50,0.5579,0.142336802,0.4295,0.162960274,-7.62008,2.633404554,0.82,0.388087934,0.04655,0.035968361,0.589344,0.263571913,0.14785,0.091652726,0.35128,0.202456869,111.27848,30.7227,0.029886279,0.135737672,3,2,1,1,0,5,0,6,1,2,0,3,1,3,0,6,1,7,1,2,4,0,1,0
INFJ,NF,infj / intj,1D9pkKfY7DCgGOd2EslcHr,31,0.514129032,0.159816508,0.542870968,0.179593196,-8.425064516,2.73333652,0.451612903,0.505879411,0.069493548,0.079616882,0.32989063,0.277431709,0.176554839,0.148400745,0.336774194,0.176992601,123.3156129,32.65633233,0.073466145,0.141064379,2,3,2,0,1,1,0,0,3,1,3,3,0,1,4,0,0,3,0,2,0,2,0,0
INFJ,NF,INFJ💖ENFP,0PjrHtsjN8Q8UBQkQKYUNM,50,0.51526,0.145882369,0.53601,0.243885224,-9.21856,3.283858247,0.54,0.503457434,0.042402,0.013255811,0.389738558,0.376464921,0.15987,0.12566021,0.345752,0.226453865,125.15118,27.62162196,0.188351453,0.290448321,0,7,2,3,0,3,0,1,4,1,3,1,3,1,2,4,1,1,3,2,2,2,3,1
INFJ,NF,INFJ,0NGvIBFeJaZaOuAxVNAtZf,26,0.564038462,0.121646202,0.639115385,0.163806063,-6.655192308,1.888446409,0.423076923,0.503831474,0.046976923,0.024220013,0.164912658,0.229505753,0.145592308,0.071344146,0.449961538,0.209958754,122.2714615,33.06140345,0.010804093,0.029597999,1,1,0,0,1,0,0,0,1,0,2,1,0,1,2,2,0,1,5,2,2,2,1,1
INFJ,NF,infj,6rFTJfbbCljltWMvKJbKvs,49,0.550081633,0.150642905,0.676612245,0.196536873,-7.291265306,2.71710733,0.367346939,0.487077918,0.066291837,0.076762436,0.2139341,0.237363254,0.184689796,0.162523259,0.432895918,0.22196434,118.8052653,24.20084249,0.116638113,0.24297525,2,4,2,3,4,2,0,0,4,0,3,0,3,0,2,1,1,2,2,1,2,5,3,3
INFJ,NF,infj - 4w5 struggles,55SxceZzZHpmjmx8hzPLNc,50,0.54326,0.132101818,0.5185,0.193550737,-10.04486,4.969445196,0.46,0.503457434,0.04986,0.053930938,0.326146551,0.311759033,0.194438,0.15989434,0.399246,0.208669761,115.75196,22.76567562,0.102327599,0.215440313,3,1,5,7,2,1,1,1,3,1,2,1,2,1,2,4,0,2,4,3,1,2,1,0
INFJ,NF,INFJ,05ACvQCXah651u8cmbbcy5,50,0.59854,0.140482871,0.60764,0.190536381,-5.70336,1.945186658,0.82,0.388087934,0.068294,0.080437943,0.37968144,0.289438809,0.167848,0.137269082,0.4785,0.177256214,112.88104,35.93003255,0.00294326,0.018597484,0,4,0,3,1,4,0,1,0,3,3,1,1,3,0,6,1,3,1,6,4,1,1,3
INFJ,NF,likely INFJ taste ☄️,4RyGVhYgYohhThsCMPTcbU,50,0.51058,0.148903899,0.55022,0.179534124,-7.24192,2.274990988,0.68,0.471212071,0.045234,0.026459284,0.343044,0.322681775,0.15623,0.092089959,0.329312,0.149983974,118.53252,28.42079224,0.041116556,0.15781327,2,3,3,2,0,2,0,1,0,2,4,8,1,4,0,0,1,3,2,2,4,3,0,3
INFJ,NF,INFJ vibes,3yJLhnzZ8d14EIVrxNCPng,50,0.5639,0.152559289,0.52138,0.179148882,-7.92366,3.111957161,0.7,0.46291005,0.053034,0.039720388,0.4171984,0.30310598,0.15848,0.119636743,0.383786,0.23705103,121.18026,29.63463114,0.008361104,0.030073878,3,6,1,1,0,1,0,4,2,2,0,5,0,4,1,7,2,1,2,2,1,3,1,1
INFJ,NF,infj (´;ω;) (;_;),0bDF8ziBfGI8OQkTIUPIIY,50,0.5749,0.14526826,0.62736,0.210562101,-7.24768,3.190028293,0.66,0.478518121,0.056324,0.078023028,0.2617657,0.280668351,0.190846,0.165039202,0.520322,0.224645245,122.95028,31.6764963,0.15864165,0.313335444,2,4,0,2,0,4,0,0,1,3,2,4,3,2,0,4,1,0,3,5,1,2,3,4
INFJ,NF,pisces infj 6w5,7cSSp4smkIz9OpwVPTKcOS,50,0.6157,0.117722651,0.5798,0.19380929,-8.1397,3.662801043,0.82,0.388087934,0.053242,0.029333258,0.353340638,0.32941839,0.212072,0.189719664,0.6014,0.201433333,121.83932,27.8892896,0.017473491,0.073017815,1,5,3,3,1,7,0,1,0,4,1,3,1,1,0,4,0,3,1,3,3,0,1,4
INFJ,NF,ENFP-INFJ,18BKTrzt5Q1iH90sngkybU,50,0.73974,0.085153837,0.79834,0.110669689,-3.63834,1.570835026,0.46,0.503457434,0.105352,0.073053501,0.07745242,0.099616896,0.18269,0.12146122,0.57076,0.177933783,119.74288,24.47656272,0.001097409,0.006994045,2,1,3,3,1,4,1,0,0,1,2,2,6,0,0,2,1,4,2,4,0,3,6,2
INFJ,NF,infj-things,2rxppn93s6xxVrj8STY0La,50,0.56016,0.13232279,0.51932,0.195054722,-6.89814,2.361033603,0.9,0.303045763,0.041358,0.020547467,0.4663032,0.355896913,0.156328,0.090826495,0.43954,0.181589379,124.52816,32.96774301,0.003776804,0.023933034,0,4,0,6,0,5,0,3,0,4,1,5,1,1,2,3,0,8,0,1,3,0,1,2
INFJ,NF,INFJ,10YnwhtwMBlNkBghtWJnss,20,0.62075,0.112815114,0.62595,0.201143174,-5.75905,4.162425653,0.65,0.489360485,0.06264,0.053772047,0.26884,0.298742064,0.18513,0.111367467,0.46645,0.136950039,111.2629,26.01174151,0.047244292,0.210839434,0,1,0,4,1,0,0,0,1,0,2,2,1,2,1,0,1,1,0,3,0,0,0,0
INFJ,NF,infj,3dNNPQTJ7SOdYqkET1gnWc,50,0.53348,0.132528201,0.458566,0.215135351,-9.62338,4.087592635,0.8,0.404061018,0.045512,0.024603556,0.558980232,0.330332424,0.155726,0.10826113,0.347156,0.192418661,121.1922,28.47361359,0.041324464,0.126340771,2,10,1,2,0,8,0,1,2,5,0,4,2,1,2,2,0,1,1,5,1,0,0,0
INFJ,NF,INFJ,3jZESv16U0CS5wficKD7aq,50,0.54896,0.14194422,0.5068,0.228017454,-8.55608,3.401116478,0.68,0.471212071,0.045858,0.022107955,0.39427854,0.310065036,0.162584,0.120256665,0.426598,0.233759423,112.30854,28.06469472,0.008091092,0.027244686,3,5,0,3,1,4,0,1,0,2,3,2,2,0,3,7,0,1,1,5,3,3,0,1
INFJ,NF,☆ Infj ☆,3Ge3yjU0WQyXjwc7sAqY6s,19,0.650263158,0.091848209,0.729842105,0.121137783,-5.144526316,1.788506372,0.263157895,0.452413928,0.081205263,0.076921226,0.141668,0.159165928,0.246210526,0.179285477,0.480052632,0.19431317,114.4245263,26.64480286,0.050898121,0.188871392,1,0,0,0,0,1,0,0,1,0,2,0,3,0,2,2,2,0,1,0,1,2,0,1
INFJ,NF,infj-t,1fKEeTf4XmhNbBmsYJ0sBp,50,0.55802,0.147922965,0.46998,0.170477899,-9.28046,3.32646919,0.56,0.501426536,0.038466,0.016987722,0.399610751,0.319591311,0.14575,0.094455752,0.4337,0.19350613,128.92614,33.1875549,0.245974739,0.317021351,2,5,1,3,0,0,0,1,4,3,4,3,0,1,0,3,2,2,4,1,1,5,0,5
INFJ,NF,Infj,0CLLH5Gi2dp9UG8Rbds2Cr,50,0.55016,0.131839785,0.61768,0.147543344,-7.13766,2.690433025,0.34,0.478518121,0.08704,0.099337216,0.25066574,0.288141308,0.159574,0.078405703,0.38348,0.172832639,123.1864,28.10695693,0.062273859,0.180338544,1,2,2,2,2,4,1,0,3,3,2,0,3,1,4,1,2,1,3,1,1,4,6,1
INFJ,NF,INFJ,7yQtij4nHfI7qK8971Aipa,50,0.4945,0.152131556,0.74038,0.18150627,-7.65448,3.600078821,0.6,0.494871659,0.071996,0.078465601,0.134740422,0.230446685,0.215956,0.128990321,0.49294,0.212067703,126.58724,32.88991356,0.30815573,0.335651484,3,3,2,4,1,4,0,0,0,0,1,2,5,3,2,2,1,1,2,5,3,3,0,3
INFJ,NF,INFJ,2pbCxbVPSb0DMuLqSGYuFu,50,0.59892,0.139955072,0.56315,0.185581608,-8.12928,3.318479846,0.84,0.37032804,0.042112,0.028566511,0.4263638,0.260363314,0.15456,0.124272498,0.51186,0.226797132,119.76658,31.33113883,0.04104252,0.155290085,0,8,1,0,0,4,0,2,1,2,0,5,2,4,1,9,0,1,0,1,3,0,3,3
INFJ,NF,Infj's summer,0D7JjmAr6QKeAap7KYSPmf,50,0.67672,0.140493742,0.57456,0.189228095,-6.45924,2.551040048,0.64,0.484873221,0.08081,0.074979184,0.3429018,0.289503846,0.1631,0.110678309,0.49502,0.178878421,118.04096,28.28233147,9.23E-05,0.000510824,1,3,4,3,0,5,1,1,1,3,1,4,2,1,2,2,0,3,1,1,2,2,3,4
INFJ,NF,My INFJ songs 🧚🏻‍♀️,5HBFnS1AkaHAiDK2KYzo9y,50,0.53684,0.137721156,0.561754,0.239949657,-8.38726,4.333950537,0.64,0.484873221,0.047128,0.022263817,0.365651428,0.365908395,0.176166,0.137544388,0.407988,0.201712858,136.05548,33.75551531,0.135486151,0.260809623,0,5,0,1,0,2,0,1,1,1,1,2,1,5,3,3,1,4,7,6,2,2,2,0
INFJ,NF,mbti - infj - song!!,1n5Ae24kej0a3fRUAn1XQ9,50,0.53684,0.133841264,0.58546,0.19389806,-7.49886,3.119546474,0.48,0.50467205,0.060846,0.062797612,0.3047216,0.3033499,0.175814,0.114579754,0.396868,0.229499593,117.23536,28.44000577,0.105931242,0.247121413,5,2,4,2,1,3,1,1,1,0,1,5,0,2,2,3,0,2,5,0,2,5,1,2
INFJ,NF,infj 1w2,1XEoLLNVa6oXwubJRBgaw7,50,0.61018,0.123780532,0.589808,0.210639694,-7.34424,3.005603478,0.7,0.46291005,0.097962,0.091316923,0.2682976,0.301914709,0.173358,0.115876956,0.447168,0.210090109,116.25612,29.32777829,0.039500191,0.143343308,1,7,2,5,2,4,0,0,0,1,1,4,2,2,0,3,1,5,2,3,0,1,3,1
INFJ,NF,infj,4fN4tHRwIyfYT2bABdKjp7,37,0.513162162,0.11914872,0.500540541,0.17401957,-7.778297297,2.318849641,0.810810811,0.397061277,0.040464865,0.038869177,0.437962162,0.318656682,0.140083784,0.061972559,0.376621622,0.166725382,110.6146486,31.12731827,0.026608509,0.101871315,1,2,1,3,1,4,0,1,0,3,0,2,1,3,0,1,0,2,0,2,3,2,1,4
INFJ,NF,INFJ / 6w5,4PITZxZZCkCNinxmiOBYmu,50,0.55642,0.156887076,0.55388,0.167424993,-7.3532,2.352332165,0.78,0.418451958,0.054298,0.055834824,0.3300696,0.270078257,0.14034,0.073505827,0.379802,0.20376822,116.51998,32.14273102,0.023615664,0.089403969,1,2,1,2,0,1,1,2,0,4,1,9,1,3,0,1,1,5,0,3,5,3,2,2
INFJ,NF,INFJ Vibes🍀,5pcjnl1HaOZ6ZTtDXjNfEc,16,0.4816875,0.121579449,0.450375,0.174562262,-8.83225,3.515665731,0.6875,0.478713554,0.05169375,0.058018818,0.56684375,0.345038342,0.16405,0.084973517,0.31474375,0.197699934,100.2210625,23.67911593,0.132590462,0.267567835,1,2,0,0,0,1,0,1,0,2,0,1,1,0,0,1,0,0,1,1,1,1,1,1
INFJ,NF,pov: you're an infj,714AcDZLWX1pSmLOAMJ68F,50,0.59016,0.139439455,0.64824,0.172853195,-6.875,3.141510309,0.36,0.484873221,0.069412,0.084604435,0.1649592,0.225335145,0.212158,0.181986567,0.470192,0.249684758,118.27362,25.69718744,0.082731705,0.185716038,1,1,5,1,2,2,2,0,3,2,3,1,3,1,0,4,1,3,3,1,2,8,1,0
INFJ,NF,infj vibez,4jPWcTUCSi2elTOONUnK29,50,0.65132,0.129559291,0.49546,0.165122121,-8.00458,2.557253358,0.78,0.418451958,0.05271,0.03571283,0.4284602,0.291322715,0.157156,0.091746188,0.478292,0.264736815,109.96894,22.7519225,0.01763454,0.065264841,0,4,1,3,2,5,0,0,2,4,2,3,1,4,0,1,0,3,0,7,4,2,1,1
INFJ,NF,infj,10iQA8fnPK7eg0NutdJU0D,50,0.55216,0.127034361,0.56604,0.228335232,-7.391,3.207317908,0.7,0.46291005,0.058278,0.060846902,0.358612628,0.354461657,0.155356,0.092539591,0.40504,0.214172442,119.2976,30.47073729,0.091615139,0.225640011,3,3,2,2,0,3,1,1,3,4,1,3,1,4,0,2,1,4,1,6,3,1,1,0
INFJ,NF,INFJ Mood,6z9dduzBAYeEQlhjjnxgEZ,13,0.548538462,0.173653206,0.539307692,0.168600309,-6.796692308,1.546340378,0.692307692,0.480384461,0.057661538,0.064486349,0.357611538,0.353783001,0.208361538,0.145245422,0.347692308,0.165614706,118.8093846,36.049999,0.027787075,0.061266169,0,2,1,1,1,0,0,1,0,2,1,0,1,0,0,2,0,1,0,0,0,0,0,0
INFJ,NF,infj,6SbbBlceRuWcca8RQThoba,37,0.534486486,0.14009057,0.592702703,0.193994683,-7.791378378,3.686612012,0.540540541,0.505227924,0.065189189,0.0677173,0.282476535,0.287415626,0.140618919,0.075918677,0.358391892,0.169098269,111.0309189,28.04744373,0.097439654,0.220453544,1,4,1,3,1,1,0,2,1,1,2,1,1,2,0,0,2,2,0,1,2,7,1,1
INFJ,NF,for the infj,6JApE5wwsGXjEuZZjd8eHV,50,0.52684,0.129607943,0.52514,0.219951573,-9.0257,3.891108038,0.62,0.490314351,0.046328,0.029784389,0.415749116,0.336043971,0.143134,0.087932603,0.35017,0.209873963,119.10478,26.14044161,0.105990419,0.239164642,4,7,0,3,4,1,1,1,2,3,1,5,1,4,0,3,0,0,2,4,0,4,0,0
INFJ,NF,infj-t,5q1gF1sYAtRRlzhBVBzWCw,18,0.505611111,0.14425718,0.438411111,0.193125579,-8.836333333,3.723789499,0.611111111,0.501631326,0.038944444,0.016804454,0.474821667,0.352970963,0.180705556,0.09969017,0.321522222,0.162239085,118.2805556,30.07526112,0.021089521,0.051317417,2,0,0,0,0,1,1,0,1,2,0,0,0,0,0,1,1,1,1,2,3,1,0,1
INFJ,NF,INFJ+,5AFrkQj89LMNf3EpwowH4a,50,0.5108,0.153579734,0.609196,0.210067983,-7.94778,4.117903282,0.68,0.471212071,0.059142,0.052235456,0.263443588,0.311057051,0.17353,0.132495876,0.402666,0.210406584,119.26878,35.89892772,0.190908309,0.336126872,2,1,0,2,2,3,1,2,1,2,1,2,1,4,1,3,1,3,2,6,4,3,1,2
INFJ,NF,infj ,0TB9Ac7S3zUOVIwKJ6FPfP,50,0.56122,0.137936142,0.64226,0.189564034,-6.50634,2.596687919,0.8,0.404061018,0.065408,0.051032722,0.2577731,0.279670135,0.169816,0.12180852,0.47577,0.236160308,124.5649,32.57247045,0.033730598,0.121711847,2,7,1,3,0,6,1,2,1,1,0,4,1,3,0,3,1,3,0,7,1,2,1,0
INFJ,NF,Infj,0tlGvcUjfFjAV1AA0zqwtb,50,0.5004,0.136917225,0.58842,0.227557312,-7.11866,3.268579562,0.46,0.503457434,0.05631,0.057055384,0.324383014,0.329133256,0.159998,0.109395748,0.355144,0.180295491,119.06256,28.61548372,0.077187615,0.197115108,2,5,3,0,2,2,0,0,2,1,3,4,2,1,3,3,1,2,5,3,1,2,2,1
INFJ,NF,what an INFJ listens to,3ndtTaXk1mIVuvkZBaGDS0,50,0.55996,0.172806718,0.58896,0.219137638,-8.02332,3.192197218,0.76,0.431419111,0.052034,0.033369322,0.25814842,0.311404064,0.177176,0.13148755,0.46922,0.243686089,122.52694,30.85019815,0.043985602,0.143017022,1,4,0,4,0,4,0,1,1,4,1,8,2,3,0,5,1,1,3,2,1,2,1,1
INFJ,NF,INFJ,7342bbcYrdqIfFVwYWRBPY,9,0.545444444,0.126944979,0.188588889,0.095321593,-14.65933333,3.657348493,1,0,0.039677778,0.014220213,0.906222222,0.052554205,0.126144444,0.060287377,0.261111111,0.073281042,115.1181111,30.89994612,0.06517208,0.144409215,0,1,0,0,0,2,0,0,0,2,0,0,0,1,0,1,0,0,0,0,1,0,0,1
INFJ,NF,INFJ9w1Thai,75ddE2HygxV71YWQuShekW,50,0.54894,0.122277939,0.55604,0.152533296,-8.74612,2.550576531,0.88,0.328260723,0.033746,0.011056815,0.3802584,0.287645734,0.176922,0.155777237,0.4507,0.197388692,122.5988,34.27223774,0.081575897,0.218567687,0,9,0,6,2,5,0,0,0,10,0,0,1,2,1,2,0,3,0,5,1,2,0,1
INFJ,NF,INFJ VIBES 🍂,7KL2UJh1cBSobQ5kDGzmi3,50,0.5948,0.136815383,0.53631,0.214390519,-8.1449,3.261964084,0.78,0.418451958,0.055144,0.033765948,0.37925676,0.343658152,0.139898,0.09907147,0.379538,0.207255422,128.25742,28.78951733,0.025102993,0.092607989,0,5,1,2,2,4,0,0,1,3,1,5,0,4,2,3,1,2,1,6,2,2,0,3
INFJ,NF,?. . . infj,5XUHH88x3QS66SLbydE014,50,0.53538,0.142215257,0.61718,0.171845052,-6.7213,3.381460765,0.56,0.501426536,0.059144,0.059488398,0.2712256,0.253217616,0.148358,0.113916855,0.416274,0.231189743,117.16598,32.32105757,0.041366147,0.144931389,2,4,1,0,1,1,0,2,0,2,2,5,2,2,0,2,1,4,3,1,3,8,2,2
INFJ,NF,INFJ (kinda),4B6hDdZ4sJA16X0qGgqikq,50,0.61174,0.116385498,0.562316,0.185039932,-8.21116,4.047791922,0.52,0.50467205,0.054062,0.043050506,0.3986368,0.302481724,0.192826,0.121835138,0.3959,0.212323392,111.90984,23.8650591,0.115713943,0.286830239,3,6,2,2,1,3,0,1,1,2,3,4,4,1,5,0,0,3,0,0,3,2,3,1
INFJ,NF,INFJ vibe 🌕,4vhkPS2rNxtPNBg4LUx2dt,50,0.54682,0.115988509,0.70452,0.18416599,-6.74716,2.57882341,0.64,0.484873221,0.060232,0.044324312,0.159900354,0.24023816,0.17597,0.140091443,0.439406,0.199250899,131.33598,30.8512151,0.177042404,0.293597649,4,5,1,5,0,1,0,1,3,1,0,1,2,1,1,3,0,3,3,4,3,3,1,4
INFJ,NF,¿Infj - Infp?,7iQ6NKMQbvpGSOU2SvzwvY,50,0.58492,0.14494219,0.651566,0.210000898,-8.11642,5.163851126,0.54,0.503457434,0.065166,0.05379468,0.244699438,0.270810549,0.214168,0.181633776,0.480212,0.218352524,115.70536,27.70115396,0.139967,0.283948694,3,0,1,6,1,8,0,1,5,0,2,0,3,3,1,3,1,2,2,2,0,2,2,2
INFJ,NF,INFJ,0pX17jppgz1fLOoGRmVF58,50,0.7145,0.106251194,0.7487,0.143543956,-4.54448,2.139202591,0.5,0.505076272,0.107506,0.089929021,0.18152776,0.214462493,0.167838,0.13326942,0.64168,0.179878694,130.43828,25.37097006,0.005704181,0.038330253,1,3,2,5,2,4,1,0,0,0,5,1,3,1,2,2,0,2,2,2,2,3,4,3
INFJ,NF,infj,4tMRxlcrbAGBhVC84nzJTU,21,0.459619048,0.122902594,0.57147619,0.194796719,-7.81452381,3.191409103,0.761904762,0.43643578,0.035771429,0.010993823,0.202406789,0.26854855,0.126228571,0.051673708,0.355333333,0.212384871,111.8991429,27.25267866,0.041973195,0.114606379,0,2,0,0,0,2,0,3,1,2,0,1,0,1,0,2,0,1,1,1,1,3,0,0
INFJ,NF,INFJ,06nFT1Us3pvsbn1vJevqfX,50,0.50276,0.128370726,0.535934,0.239582727,-8.01356,4.506430277,0.6,0.494871659,0.05928,0.061822283,0.3897942,0.354961841,0.172566,0.109838474,0.338704,0.190005471,121.92392,34.25275637,0.086379698,0.214376031,1,3,0,3,2,0,0,3,4,1,0,5,4,1,0,2,1,1,2,5,4,5,1,2
INFJ,NF,INFJ,5V5oqqbRV1tYpAoQBHjD2Y,50,0.57954,0.146206481,0.6435,0.147247847,-6.62572,2.588194675,0.6,0.494871659,0.074614,0.053634751,0.24790431,0.255906556,0.189926,0.154100934,0.39431,0.217285616,122.0362,32.53817915,0.006117083,0.024936586,2,6,1,2,1,5,0,2,3,1,3,3,1,1,1,2,0,2,0,4,2,4,4,0
INFJ,NF,im an infj.,7xL13ybB8seKP0scKQbBGA,37,0.570864865,0.133809392,0.617081081,0.206405666,-8.051243243,3.685360252,0.459459459,0.505227924,0.064772973,0.093592128,0.278788743,0.282915916,0.141513514,0.097539243,0.455648649,0.203434294,123.2186757,28.26261376,0.071617414,0.204515634,3,1,3,2,0,0,0,1,3,2,2,1,2,3,2,2,2,2,0,0,1,2,1,2
INFJ,NF,INFJ,4eO3gdhsf2Bvn5DnkUdAhI,21,0.630857143,0.083469327,0.787666667,0.119105136,-4.126952381,1.784298839,0.19047619,0.402373908,0.096280952,0.066924455,0.122679095,0.099731556,0.158080952,0.090601797,0.510571429,0.195443233,129.9274286,21.15560559,9.03E-05,0.000410072,0,0,2,1,2,2,0,0,2,0,4,0,2,0,1,0,2,1,0,0,0,1,1,0
INFJ,NF,infj gang ❤️‍🩹,4SG69ghVsvx7Pk6WJxLVns,16,0.4675625,0.132829198,0.55,0.168211771,-7.8746875,2.451661551,0.6875,0.478713554,0.06089375,0.067302496,0.300125,0.281159296,0.14274375,0.116504254,0.31668125,0.174358593,107.165,25.98699472,0.096443679,0.235959256,1,2,0,0,0,2,0,1,0,2,0,2,1,0,1,0,0,1,0,0,1,1,1,0
INFJ,NF,Scorpio INFJ,7ksBYoojqOOzIzM9CsZ6r7,50,0.64166,0.118923678,0.65656,0.1587235,-5.6692,2.250574992,0.42,0.498569382,0.095564,0.073285934,0.21670508,0.228410024,0.15914,0.11516895,0.481278,0.210001183,120.12502,31.58673657,0.000496575,0.001823192,0,2,0,1,2,3,2,0,1,4,7,1,4,3,5,4,2,1,2,1,0,1,3,1
INFJ,NF,infj,3sS0Suc32KitO1VnyaWwCE,45,0.515,0.144836585,0.417255556,0.196277817,-10.78328889,3.914376489,0.733333333,0.447213595,0.041797778,0.018763086,0.575561333,0.332881121,0.186784444,0.172556378,0.336075556,0.208375715,123.3778444,28.94268129,0.047274906,0.171333372,0,5,0,3,0,4,1,1,1,4,0,0,2,1,3,0,1,1,1,1,12,1,2,1
INFJ,NF,INFJ SONGS,2jsvwQQqE4OG8T63O9Duv0,48,0.529770833,0.129714456,0.558620833,0.195501425,-8.412104167,3.864844349,0.625,0.489246055,0.057133333,0.045337694,0.359149865,0.313898524,0.175608333,0.130748973,0.399125,0.187462738,119.046125,32.03326167,0.109935031,0.251826711,2,6,0,1,2,3,0,1,2,4,1,4,2,1,1,2,2,1,3,3,3,3,0,1
INFJ,NF,infj<3,2cwzDSk1PwE6wHd8EReGxe,48,0.532208333,0.124695708,0.5924375,0.216553065,-7.5214375,3.783587203,0.645833333,0.483321105,0.056235417,0.062507026,0.338681938,0.328929102,0.185935417,0.145803783,0.42120625,0.195937635,116.5186042,27.68394013,0.077067958,0.200702551,2,4,1,3,1,3,1,2,1,2,1,3,2,1,0,1,1,2,1,4,4,5,1,2
INFJ,NF,infj-t,6Qx2FHuhzh5hLDgAbJlO4v,50,0.53082,0.143598745,0.68902,0.164071225,-6.6589,2.446162569,0.52,0.50467205,0.050508,0.048716765,0.175015508,0.212271672,0.193622,0.124065684,0.48028,0.184688822,120.39918,33.47363823,0.195474767,0.309446213,7,4,2,2,1,2,1,1,4,2,1,2,1,2,1,1,1,2,5,6,2,0,0,0
INFJ,NF,infj,4Jc4s0PTpQqYGK5xmzT11J,46,0.6185,0.115064571,0.639113043,0.182021833,-7.138521739,2.846503085,0.652173913,0.481543412,0.063454348,0.05251453,0.218037391,0.273328164,0.187236957,0.161095542,0.422752174,0.209018422,116.2570652,20.95662584,0.01929508,0.056658138,1,8,1,1,1,3,0,2,0,2,2,3,2,1,1,1,0,2,1,1,2,4,3,4
INFJ,NF,infj bozuk urundur,6rx1JPDkx4nVvaMjKLbRJs,50,0.51774,0.132123908,0.62306,0.19826198,-6.849,2.399801361,0.52,0.50467205,0.04661,0.028904524,0.214388851,0.277089433,0.169926,0.113332919,0.391024,0.221848459,110.54224,24.59742569,0.128290363,0.25447799,3,3,0,2,1,4,0,2,2,1,4,3,2,2,3,2,1,2,4,2,2,3,1,1
INFJ,NF,infj,7vPkYu5WTS5PyRTTJbAF1G,50,0.53744,0.116076182,0.4976,0.185760104,-8.14196,2.775030979,0.68,0.471212071,0.065434,0.076453143,0.4992852,0.322074926,0.149298,0.124721915,0.416758,0.214483265,121.82478,32.28323451,0.000356861,0.001207802,2,11,0,1,1,4,0,0,2,4,0,7,0,2,1,1,0,1,2,0,2,6,2,1
INFJ,NF,INFJ's Mood,12H4zQABM6z2lKab01kT8e,50,0.59186,0.142155277,0.64952,0.1971493,-7.08936,2.51125581,0.64,0.484873221,0.076588,0.094479631,0.295911926,0.274175753,0.169606,0.126459724,0.47724,0.194025094,131.02318,28.44462802,0.040386466,0.143230962,1,4,2,4,1,5,0,1,3,4,1,2,1,2,1,2,2,1,3,5,2,2,1,0
INFJ,NF,infj + libra 🎧,7AV7Xg5J2sw17wLxVcYgTU,50,0.57168,0.125819346,0.499126,0.228651649,-9.9039,4.066228234,0.78,0.418451958,0.046786,0.028257872,0.462697088,0.337166605,0.176966,0.105647886,0.439236,0.207151434,122.10296,30.80879567,0.105397769,0.245300146,2,8,0,2,1,4,1,1,2,2,0,4,1,1,2,8,1,2,1,4,2,0,0,1
INFJ,NF,infj + entp,1nEiwFEt0UaT4IFGG9mHN5,50,0.48472,0.136251274,0.4125,0.214504388,-10.13262,3.077899097,0.88,0.328260723,0.055076,0.047253513,0.59661378,0.353195888,0.121032,0.044805245,0.30827,0.182414283,124.00242,31.6738737,0.060368096,0.146538554,1,11,1,2,1,5,0,0,0,6,2,2,1,2,0,4,0,0,0,1,9,0,0,2
INFJ,NF,INFJ😇,4IiO565hEtStle3neFTHqs,50,0.53158,0.132537417,0.5333,0.200989415,-7.54794,3.030729699,0.76,0.431419111,0.049826,0.030972152,0.442198,0.321595441,0.16535,0.105148712,0.3456,0.173781472,119.85886,30.09445662,0.008595349,0.030786761,2,3,4,3,0,3,0,4,1,2,1,4,0,2,0,3,1,4,2,1,3,1,0,6
INFJ,NF,INFJ,15onlq3vPjUrxqVvi751ng,50,0.56436,0.143288885,0.65858,0.197231045,-8.09886,3.788963,0.58,0.498569382,0.059324,0.048538596,0.26381404,0.311470351,0.1725,0.126803868,0.460888,0.225586652,118.62894,30.05260117,0.236573545,0.333786546,2,3,2,2,0,3,0,3,3,1,2,3,3,3,1,3,2,2,5,3,2,0,1,1
INFJ,NF,INFJ mood❊,4rOvzshx62QX8vKkYJDZJS,50,0.59412,0.133159968,0.6328,0.190323784,-6.56652,2.708322466,0.78,0.418451958,0.069108,0.077291446,0.319611548,0.315857842,0.174394,0.156941661,0.473082,0.215973553,126.91146,31.08602386,0.028743892,0.142927185,3,4,0,2,0,6,0,1,1,2,0,8,0,3,1,2,1,4,2,4,2,3,0,1
INFJ,NF,INFJ,3cpZKXciFBe0YkqheoDFJA,50,0.44268,0.111186264,0.48926,0.188239081,-10.04612,3.118126181,0.7,0.46291005,0.031686,0.006742192,0.4393242,0.318776156,0.131516,0.061660212,0.27701,0.207249145,119.66632,30.2927179,0.389940234,0.353000685,2,1,1,0,2,6,0,2,3,4,1,2,3,3,0,8,0,2,1,5,2,1,1,0
INFJ,NF,De ENTP para INFJ 🫶,42lTTBfhruJxJiNrNafJrM,50,0.57046,0.16555241,0.71236,0.172466827,-7.43882,2.997732195,0.5,0.505076272,0.05518,0.046550806,0.21202306,0.254312298,0.156214,0.118263718,0.558962,0.260789349,123.12898,27.3957914,0.082102325,0.187624793,2,2,2,3,1,1,1,0,1,1,1,4,2,3,0,1,2,2,5,4,2,3,5,2
INFJ,NF, INFJ,0dR6ROgXdzyQtXgyQ0ojQd,50,0.58446,0.133939251,0.58386,0.151290909,-8.95476,2.524829116,0.78,0.418451958,0.04465,0.033303179,0.355589906,0.255695,0.16433,0.082514952,0.55308,0.215447976,117.91234,30.35291249,0.271507132,0.314516824,0,1,1,3,1,4,1,0,1,5,1,5,1,4,0,4,0,5,2,3,2,3,0,3
INFJ,NF,ENFJ x INFJ,77hyTLYxP7gK2Gpr0aEXeh,50,0.53474,0.139184624,0.412284,0.209551669,-10.91894,3.456250111,0.76,0.431419111,0.047978,0.041432479,0.6291924,0.330494734,0.149192,0.088475494,0.387184,0.204536861,115.98506,27.39714113,0.071143723,0.218263028,1,7,3,2,1,4,0,5,1,0,1,5,0,1,0,7,0,4,2,2,1,3,0,0
INFJ,NF,infj anthem,0oGbDNtZFmyLZRO4K1tfUH,49,0.494367347,0.10634431,0.558244898,0.222845755,-8.180244898,3.694161585,0.591836735,0.496586991,0.053897959,0.04524351,0.280201822,0.31923249,0.186771429,0.142249867,0.333406122,0.190975412,117.5597959,27.44539451,0.076335828,0.210661342,2,4,2,1,0,1,0,1,3,3,2,6,3,2,3,3,0,3,2,0,4,1,2,1
INFJ,NF,Kpop INFJ songs🥲💔,3GNwTZ3KHJKP9ESoR6wbD5,33,0.580606061,0.102279012,0.65530303,0.155244461,-6.111060606,2.031913568,0.393939394,0.496197663,0.071778788,0.066684035,0.171606758,0.191996814,0.184939394,0.103302789,0.361133333,0.193597899,109.662303,26.97083538,0.014335714,0.078084378,1,5,2,1,3,1,0,0,0,0,4,1,2,2,2,0,1,1,3,1,0,1,1,1
INFJ,NF,my infj mind,4ruXi2yrTq4MYDRQ7hhsWW,50,0.6136,0.147965109,0.63842,0.215623452,-6.49146,3.115004886,0.7,0.46291005,0.087344,0.102130363,0.27972182,0.308842574,0.152672,0.096089497,0.56932,0.249942642,118.44326,30.41070444,0.005889317,0.026141294,2,4,2,7,0,3,0,2,4,3,2,4,1,2,1,4,0,1,1,0,3,2,0,2
INFJ,NF,INFJs,3Nmf46vI85UhU0yizhna27,33,0.471393939,0.105031525,0.479939394,0.215969897,-8.989818182,4.080203614,0.636363636,0.48850421,0.05190303,0.052482411,0.446492485,0.349345201,0.146709091,0.106568307,0.292460606,0.180679383,116.3485455,27.42082121,0.071090125,0.174390117,3,3,1,3,1,5,1,0,1,3,1,3,1,0,0,0,2,0,0,0,2,1,0,2
INFJ,NF,INFJ,7kAsqscmbNncvHPjTc3ZDZ,50,0.5677,0.131452832,0.59646,0.203359359,-7.29818,2.564544067,0.5,0.505076272,0.054918,0.050769494,0.25279162,0.322645298,0.185234,0.13410704,0.412348,0.247458692,111.09426,29.18277667,0.058324385,0.182311006,1,5,2,3,1,5,2,0,3,2,2,0,2,2,2,4,0,1,2,3,0,6,2,0
INFJ,NF,INFJ,0ZCGQFRcO8LrhPdnnYE4nS,47,0.533148936,0.126789106,0.588446809,0.173308698,-7.227085106,2.452504637,0.574468085,0.499768679,0.046934043,0.037228678,0.32747283,0.305548037,0.162204255,0.107965514,0.37717234,0.188487666,108.6736383,24.54367091,0.056771403,0.183236319,3,2,1,2,2,1,1,2,1,1,1,6,1,1,0,2,2,2,3,4,3,4,1,1
INFJ,NF,INFJ things,0iUi96ZOOKl1UVthbwBA7U,50,0.58462,0.14911643,0.608818,0.191287782,-6.95226,2.836446942,0.7,0.46291005,0.070682,0.05545861,0.30401576,0.275026737,0.23592,0.176140711,0.450116,0.210217913,122.15418,27.10839668,0.021323274,0.114618055,1,2,1,3,0,3,0,2,2,2,3,6,4,7,1,5,2,0,1,2,2,0,0,1
INFJ,NF,Infj's,2NQWZNNkFBzcaRCJK7ZpTn,12,0.57375,0.148719458,0.485166667,0.163040337,-8.377666667,2.005061111,0.583333333,0.514928651,0.048516667,0.015025604,0.337483333,0.304716333,0.1234,0.044312752,0.333816667,0.185774555,119.6095,21.21763907,2.65E-05,4.97E-05,0,1,0,1,0,2,0,0,0,1,1,0,0,0,0,0,1,1,1,0,1,2,0,0
INFJ,NF,INFJ,3IfySZui84sUGHxT5lFgEF,50,0.52412,0.138255552,0.579956,0.200911756,-8.41468,4.111690359,0.58,0.498569382,0.056214,0.045833715,0.336598566,0.296122814,0.181816,0.123721218,0.359444,0.190811736,114.77022,29.09121285,0.156164545,0.266114486,3,5,0,0,1,1,0,1,1,3,3,6,4,0,2,4,2,4,3,1,3,2,0,1
INFJ,NF,infj 6w5,5sbPDAat2aZm2aatTGBMWJ,50,0.5047,0.149590359,0.516462,0.224428578,-8.80446,3.837546002,0.84,0.37032804,0.039238,0.016133877,0.437606426,0.36258914,0.16259,0.116226899,0.400744,0.21227195,120.4965,32.31066051,0.118061139,0.243549231,0,6,1,4,0,7,0,1,0,3,1,6,2,1,1,4,0,2,1,6,0,0,2,2
INFJ,NF,pov: you're an infj-intj cusp,2RO7aYO0i9sYoIrjHcbEdq,50,0.58056,0.131719888,0.59294,0.168423956,-7.27258,2.812708173,0.74,0.443087498,0.050312,0.044589276,0.28696342,0.28866335,0.1953,0.15416506,0.420864,0.209689888,115.35218,23.03980644,0.07395214,0.212265166,0,6,1,3,0,4,0,1,3,3,0,2,2,2,0,3,1,1,1,8,2,5,0,2
INFJ,NF,infj ❤️‍🩹,0wVzZ7r3YjpQQCcnj0f6S1,16,0.4986875,0.13034555,0.527125,0.198950203,-8.636125,4.380288056,0.5625,0.512347538,0.05155625,0.058080174,0.362834375,0.299031485,0.10941875,0.020604278,0.33093125,0.211599328,113.17575,29.98091415,0.035201452,0.087366245,1,2,0,1,0,0,0,1,0,0,1,0,1,0,0,0,1,0,0,0,4,2,1,1
INFJ,NF,infj💚,2baYLhqK2KoPlkgJaCDYmU,47,0.53693617,0.117596659,0.548425532,0.134981278,-7.271021277,2.033720017,0.617021277,0.491368607,0.053491489,0.050495079,0.335764255,0.27714126,0.170880851,0.090928707,0.353808511,0.162552017,128.1352979,31.63209232,0.027972836,0.095077227,3,3,1,5,3,0,0,1,0,3,1,6,1,1,1,2,2,2,2,0,6,2,2,0
INFJ,NF,infj ❤️‍🩹,0wVzZ7r3YjpQQCcnj0f6S1,16,0.4986875,0.13034555,0.527125,0.198950203,-8.636125,4.380288056,0.5625,0.512347538,0.05155625,0.058080174,0.362834375,0.299031485,0.10941875,0.020604278,0.33093125,0.211599328,113.17575,29.98091415,0.035201452,0.087366245,1,2,0,1,0,0,0,1,0,0,1,0,1,0,0,0,1,0,0,0,4,2,1,1
INFJ,NF,infj got me,7wRZgj6gvrT9uN5v4zmW08,50,0.58394,0.116847085,0.54566,0.195564344,-6.97298,2.807615696,0.78,0.418451958,0.058114,0.060898504,0.37443324,0.320856386,0.183168,0.155948086,0.391278,0.180952319,116.41596,28.76142031,0.019747254,0.086272804,1,4,0,6,0,5,0,0,2,5,2,2,1,4,0,4,3,1,1,3,3,1,0,2
INFJ,NF,Infj,36uGhBeaPOYJJVMVYfVJqa,16,0.4846875,0.114694213,0.464875,0.191902015,-8.6929375,4.286915448,0.625,0.5,0.0385875,0.017171988,0.46672125,0.359236069,0.17329375,0.149912159,0.30393125,0.142017073,105.9021875,30.15497837,0.051997344,0.106094095,1,1,0,1,1,3,0,1,0,1,0,0,1,0,0,0,1,0,0,0,3,2,0,0
INFJ,NF,infj,4Azgoqh6oPdkHaFBZYshyR,14,0.680857143,0.106471995,0.638785714,0.159753742,-5.992428571,2.501363558,0.357142857,0.497245158,0.081385714,0.077575104,0.32903,0.264706162,0.198907143,0.152407901,0.509,0.242069284,119.6342143,24.95730757,0.039311947,0.146986161,1,1,1,0,0,0,0,0,0,1,1,0,2,0,0,2,0,1,2,0,0,1,1,0
INFJ,NF,INFJ♒,2WC6ihTtbiXyhYNLbizPqR,35,0.539314286,0.136571199,0.543637143,0.199736362,-7.921028571,3.764349022,0.542857143,0.505432671,0.060565714,0.055642361,0.33558424,0.311090391,0.161562857,0.118842882,0.41346,0.224347618,124.2412286,35.33558977,0.063574081,0.176799981,3,5,0,2,0,1,0,1,5,0,0,1,0,2,2,1,2,0,0,2,3,2,2,1
INFJ,NF,infj thing,0rkYYb7zj7ILhbEcGxj4ER,48,0.5590625,0.149144569,0.569833333,0.163058054,-6.779375,2.254705034,0.666666667,0.476393067,0.056864583,0.049758119,0.240237521,0.274388022,0.1602125,0.136574696,0.365291667,0.192697555,122.2414375,29.02833302,0.002957474,0.013652353,2,0,2,4,1,2,1,2,2,3,2,3,1,3,0,8,1,5,3,1,0,0,1,1
INFJ,NF,INFJ,1fPn91LccCTTApp7YgPSmP,50,0.55208,0.147498854,0.48408,0.160531876,-9.50652,3.445035051,0.76,0.431419111,0.03581,0.01707727,0.497244945,0.299227373,0.168108,0.110981802,0.402614,0.169068869,109.37606,28.06766543,0.296873232,0.329716298,1,4,1,2,0,2,1,1,1,4,3,7,2,3,0,7,0,2,1,3,2,2,0,1
INFJ,NF,INFJ,2GgE0ZVG1TVd3iQVPPU8Dj,50,0.50644,0.136919187,0.54529,0.226653788,-8.94986,4.389910394,0.46,0.503457434,0.0393,0.024241127,0.33014992,0.345600083,0.14752,0.103082834,0.322002,0.227592201,116.99162,27.01076232,0.151117797,0.290723927,4,7,1,0,2,1,0,0,4,0,2,3,3,0,1,3,2,3,4,4,2,3,1,0
INFJ,NF,being a pretentious infj,1irFq4JLBzZ2cKql3P6QiP,50,0.53832,0.122818339,0.6665,0.204725725,-6.96942,2.545407622,0.7,0.46291005,0.049972,0.029746501,0.143819072,0.204619672,0.181632,0.134248696,0.574154,0.192924819,123.0832,29.23150696,0.012264142,0.043978163,0,9,4,2,0,3,0,0,0,3,1,5,3,2,1,4,0,0,1,4,1,4,1,2
INFJ,NF,INFJ,36V4CnjVQeBqZ3qbTSRey2,50,0.58036,0.154528085,0.71962,0.149887153,-5.6059,1.77745295,0.6,0.494871659,0.094682,0.099411946,0.15791844,0.197726139,0.160112,0.122326641,0.453162,0.210682433,124.03804,32.63975392,0.000155445,0.000769891,2,3,1,4,1,2,0,2,2,1,3,4,0,1,3,1,1,3,3,4,3,3,1,2
INFJ,NF,infj,5KS3iqnD6LHWaBCBSBZXs3,50,0.53444,0.155259514,0.64864,0.215802608,-8.29808,3.810401906,0.7,0.46291005,0.0464,0.038959372,0.245551216,0.27530223,0.151522,0.100706199,0.4412,0.247395659,121.71548,27.3011894,0.069012203,0.202981648,1,6,1,4,1,0,2,0,1,1,3,6,1,4,1,6,1,3,1,4,0,1,1,1
INFJ,NF,"[I am INFJ, any problem? . . .]",1x1Pv46IPQIYTWwlFD1Ccv,36,0.578805556,0.149157409,0.6055,0.133352487,-6.863972222,3.135503573,0.5,0.507092553,0.080802778,0.077825495,0.261980417,0.230248075,0.195541667,0.136000244,0.385627778,0.193486161,125.1407222,27.28081615,0.02626131,0.094947761,0,3,2,0,1,1,0,1,2,2,5,3,2,1,3,1,1,1,1,4,1,1,0,0
INFJ,NF,InfJOKE,1dVtUfKBUv1Okpxog90IMI,25,0.72948,0.141738938,0.7152,0.106884283,-4.9646,2.092714804,0.4,0.5,0.084728,0.059511172,0.308284,0.166727024,0.163884,0.131472734,0.7498,0.115463198,126.52948,33.23682223,1.24E-05,5.87E-05,1,3,2,1,0,0,0,0,2,0,0,3,1,1,0,0,0,1,5,0,0,4,0,1
INFJ,NF,INFJ,5wr2QZa7QG6NsgPZiYVHep,50,0.50898,0.165461197,0.58092,0.216434733,-7.77832,3.352503399,0.48,0.50467205,0.042462,0.017672877,0.29404648,0.302550669,0.182074,0.153498913,0.340306,0.201630632,122.03202,28.08274727,0.078925733,0.194090871,3,3,2,3,1,4,1,0,6,2,1,3,1,2,0,3,2,1,6,1,2,1,2,0
INFJ,NF,INFjism,57J73mlF4W9rbwmCptSJ3p,12,0.567083333,0.151834514,0.315166667,0.147729995,-12.09875,3.183646341,0.666666667,0.492365964,0.04165,0.015972448,0.731208333,0.264594841,0.144666667,0.072379471,0.374833333,0.124050454,130.07025,28.79889629,0.090335164,0.155195616,0,0,1,2,0,1,0,0,0,1,0,0,0,1,1,2,0,0,1,1,0,0,1,0
INFJ,NF,INFJ’s like taylor swift,2TxJdHBHMWUEl0qIkkpJAk,50,0.51792,0.152773654,0.42604,0.202369531,-10.29944,3.495761154,0.78,0.418451958,0.061804,0.054833637,0.478047,0.341663978,0.17935,0.159025429,0.28583,0.169242384,121.86856,34.16763581,0.060748746,0.197368546,1,9,0,1,0,5,1,5,2,3,0,2,1,2,1,7,0,1,2,4,0,3,0,0
INFJ,NF,POV: You're an INFJ,5NB8CYGt2hGAjhUVCUrv7k,50,0.50784,0.133510278,0.54918,0.220359233,-8.11622,4.348275146,0.6,0.494871659,0.056422,0.061188355,0.362671688,0.341322281,0.196506,0.146797398,0.413728,0.216766669,118.60316,31.74440371,0.142181888,0.255206871,2,7,2,2,0,2,1,1,5,1,1,7,2,1,0,2,1,0,1,3,4,3,2,0
INFJ,NF,Infj,4AAW5eIcwVhtdpCkTJmpE5,20,0.5284,0.117397839,0.5268,0.177956411,-7.3494,2.782224998,0.4,0.50262469,0.06976,0.078745756,0.2736165,0.279131546,0.163135,0.109030239,0.313875,0.177731207,112.4162,26.64944951,0.001510604,0.003693607,0,1,1,0,2,0,0,1,2,1,0,0,1,2,1,2,0,0,2,0,0,3,0,1
INFJ,NF,Mind of an INFJ,1S9lAxIVxCIlKtbAXrBmcB,50,0.59764,0.134582766,0.67138,0.157111671,-6.41784,2.551712241,0.64,0.484873221,0.056744,0.050822919,0.18419866,0.238504244,0.154498,0.122227447,0.491178,0.237138366,123.90664,21.52385799,0.013933131,0.086785259,3,4,1,3,0,4,0,3,2,5,2,2,4,4,1,0,0,0,1,5,0,2,2,2
INFJ,NF,INFJ🥂,4vYKN5Ar3omfXvQsaOpnOU,47,0.553574468,0.151674816,0.631744681,0.235030014,-7.714893617,3.11514705,0.553191489,0.502537502,0.062402128,0.054268593,0.362616468,0.324589458,0.129604255,0.073486426,0.460280851,0.235931776,124.2623617,32.5222345,0.047611935,0.165669848,1,6,1,1,4,2,0,1,1,0,4,5,1,1,2,3,2,3,3,3,0,1,1,1
INFJ,NF,INFJ Playlist,338xf1Rh76ziUGoGZLCZBv,50,0.58102,0.169468255,0.6371,0.216550531,-7.43496,3.289301991,0.62,0.490314351,0.09395,0.083142755,0.28011163,0.322891044,0.184286,0.138803701,0.496512,0.249682942,123.43532,30.20258328,0.06783557,0.2089051,2,1,2,3,1,2,1,3,3,3,0,3,1,4,1,6,2,1,3,3,1,2,1,1
INFJ,NF,infj ,2rmfSLHqPohaJGAwpTp9Of,15,0.6806,0.109238795,0.7564,0.124535594,-4.248933333,1.431330224,0.4,0.507092553,0.081033333,0.053465325,0.157173333,0.139321599,0.15126,0.095483213,0.6268,0.198194061,118.4626667,29.25111183,3.03E-05,8.01E-05,1,1,0,1,0,0,1,0,2,0,1,0,1,1,1,0,0,1,1,0,1,0,1,1
INFJ,NF,Infj,5YYynNF64v4n4b5nbpbOMI,50,0.55336,0.136199847,0.63226,0.188610473,-6.69124,2.50583065,0.54,0.503457434,0.056278,0.061190997,0.229705388,0.270543902,0.16136,0.0927076,0.405134,0.183583188,115.88772,29.98481303,0.093308971,0.230954266,3,0,3,1,2,1,0,3,3,2,2,5,2,2,2,1,2,3,0,4,2,2,2,3
INFJ,NF,- INFJ Vibes -,3jF2AsMo4Qw9o74spKlUuF,50,0.53724,0.132088338,0.486742,0.200148867,-8.99118,4.008921055,0.58,0.498569382,0.051542,0.041583317,0.4696622,0.331086524,0.14482,0.109911064,0.36292,0.182754753,117.76916,29.96007843,0.028635569,0.087939106,2,4,1,4,4,4,0,0,4,2,1,6,2,0,1,2,0,1,1,2,2,4,1,2
INFJ,NF,INFJ,32FOwXb2XrKZpB8Q5TvFD5,50,0.52396,0.146479637,0.534244,0.230026168,-8.60078,4.392923908,0.62,0.490314351,0.05338,0.052334618,0.33881582,0.324805837,0.153696,0.107456417,0.35989,0.201449842,126.50272,25.81608899,0.078676521,0.215772728,1,7,2,1,1,1,0,1,0,2,4,4,2,1,1,3,1,2,3,2,6,2,2,1
INFJ,NF,INFJ,01es9b92GxumFOWy61cb7L,29,0.547517241,0.147659265,0.591172414,0.219782371,-6.899586207,3.934852017,0.655172414,0.483725281,0.07472069,0.0841952,0.346065517,0.31253499,0.143048276,0.062128528,0.409037931,0.179068759,121.1205517,31.49038237,0.028916414,0.107592739,2,2,1,2,0,3,0,0,3,1,1,2,1,1,0,2,0,3,0,2,0,2,0,1
INFJ,NF,infj,38sFIlb85fZ0RpYtXiyErb,50,0.5828,0.123560941,0.53188,0.179238143,-8.79142,2.732886596,0.92,0.274047516,0.036538,0.015322877,0.38108064,0.292864709,0.17476,0.141192111,0.472942,0.210782674,122.09456,30.72059814,0.115395629,0.21340651,0,9,0,0,0,4,0,1,0,5,0,7,3,5,1,3,0,1,0,2,3,0,0,6
INFJ,NF,isfp && infj,2Q0buz8Gv59oUsQNmVBjrm,50,0.52056,0.139744688,0.48,0.162076324,-8.61484,2.263394177,0.86,0.350509833,0.036584,0.01527017,0.4766346,0.369198598,0.14724,0.098273625,0.372486,0.197119607,120.0432,31.23562421,0.025325523,0.092585473,0,4,0,1,0,7,0,0,0,4,1,5,1,3,1,6,1,5,0,3,3,2,1,2
INFJ,NF,INFJ Songs/Emotions,2WzrkatZcBN8ALXJnAFBhI,50,0.55886,0.124544232,0.53764,0.185362498,-7.40278,2.685962339,0.78,0.418451958,0.046946,0.023754168,0.4022116,0.31781863,0.18083,0.11612926,0.39641,0.18176403,120.12278,33.90843375,0.016186744,0.105493704,1,8,3,0,0,4,0,1,2,4,0,6,0,3,1,3,1,1,3,2,3,0,0,4
INFJ,NF,Infj nerd,1IqFxe09ykd05VZLi0YQec,50,0.50912,0.128388543,0.55352,0.183229335,-7.78506,2.986656396,0.76,0.431419111,0.04544,0.040616489,0.34060154,0.312506188,0.180002,0.132069384,0.34914,0.198937465,118.84176,34.19683721,0.049997876,0.141671798,2,4,0,1,1,4,0,6,4,3,2,5,1,0,0,5,0,0,0,2,5,1,1,3
INFJ,NF,infj,3R0W3pIiinekK3vfOihj8I,50,0.58102,0.123123049,0.4771,0.174288437,-7.9934,2.953934111,0.8,0.404061018,0.066792,0.073506315,0.520822,0.296883521,0.18491,0.125609382,0.419354,0.212130467,109.171,28.87907715,0.000206879,0.000735559,1,4,0,2,2,7,0,3,1,1,1,4,0,5,1,8,2,4,1,1,0,1,0,1
INFJ,NF,INFJ Vibes,3bhMBPBwUoS208wwhP8oNM,34,0.497029412,0.117156069,0.564382353,0.19818556,-6.972470588,2.444033405,0.617647059,0.493270218,0.050173529,0.043433372,0.325998098,0.298050886,0.149785294,0.093291034,0.335802941,0.167092031,119.4106471,32.10603941,0.034162989,0.105212326,2,3,2,1,1,2,0,1,1,2,0,1,0,1,1,1,3,3,2,0,6,1,0,0
INFJ,NF,"""INFJ Playlist""",2a1UKfqHAgjfLxJfWcLWsC,50,0.47734,0.118756243,0.3904,0.135189663,-7.92754,2.632317232,0.9,0.303045763,0.037602,0.041944665,0.639038,0.258532648,0.185814,0.144422567,0.29242,0.153289121,111.20648,32.90710728,0.061057027,0.180546983,0,8,1,2,0,4,1,4,0,2,2,2,0,3,0,8,0,0,0,3,5,1,0,4
INFJ,NF,So lonely (INFJ´s version),1y4VKt5PYbQzYHtvlfiV78,50,0.49142,0.139379103,0.5588,0.236625253,-8.47288,3.126339926,0.58,0.498569382,0.045418,0.024781928,0.380698544,0.347106953,0.144006,0.082634774,0.388222,0.220794594,116.68988,26.6846545,0.081801215,0.207545895,2,3,0,1,3,4,0,1,2,2,2,6,1,1,1,1,1,2,1,3,2,7,1,3
INFJ,NF,infj,0aUdPV09n3fRzpJ7DbAJlc,50,0.57678,0.09548251,0.400196,0.184940593,-9.02496,3.560296989,0.84,0.37032804,0.054932,0.062679455,0.5612798,0.316707953,0.148548,0.083679591,0.37303,0.197967394,109.44234,30.9636691,0.010941374,0.075775289,1,7,2,4,0,6,0,1,1,5,2,2,1,3,0,2,0,1,0,6,2,1,0,3
INFJ,NF,MCR/fuckit/INFJapocolypse,2wobZeCPBlPUGj1nJ2jKYq,50,0.51194,0.160014082,0.848466,0.159840892,-5.10308,2.915992475,0.5,0.505076272,0.072198,0.04274612,0.06607806,0.191603047,0.198464,0.118046298,0.485872,0.255488419,126.34598,28.60414049,0.041573696,0.10535994,0,1,3,3,2,4,0,1,5,2,2,0,1,2,1,4,2,2,2,5,1,5,2,0
INFJ,NF,songs of an infj  ,78wTNyP2kpuxFPuZuZjX9K,50,0.48546,0.16268264,0.62458,0.232682063,-9.20984,3.592095235,0.66,0.478518121,0.045588,0.036223668,0.21207712,0.286597781,0.160102,0.112490991,0.491844,0.281638475,124.37556,29.29169649,0.224782048,0.29763016,1,5,2,3,1,5,0,1,4,2,0,0,3,1,1,4,0,1,3,8,1,2,0,2
INFJ,NF,INFJ🥀,4Xoi4iGTFoVig7pymq1vs5,50,0.48458,0.164279017,0.421438,0.267604808,-10.5835,4.565845954,0.8,0.404061018,0.047714,0.03421915,0.5317218,0.359423898,0.143078,0.085865966,0.306582,0.235220483,116.84678,33.47290313,0.18475077,0.351220409,0,9,0,1,1,5,0,2,0,2,1,2,2,0,0,4,0,2,2,8,2,2,2,3
INFJ,NF,Su Alasa (INFJ-A),7zJrX6V4GEPBNwg2iUeDiT,45,0.503111111,0.123481729,0.458946667,0.231041123,-10.33264444,5.041237773,0.688888889,0.468179366,0.040004444,0.015781692,0.500431489,0.36412735,0.155791111,0.10268557,0.324468889,0.180565753,120.8364889,32.69761016,0.270291321,0.356817685,0,4,1,2,0,5,0,5,3,0,1,3,1,1,3,3,2,2,2,5,1,1,0,0
INFJ,NF,infj,7HvqTfFQOfqMvhIwm8tG01,33,0.450151515,0.120945008,0.538854545,0.273961445,-9.680575758,4.097454805,0.515151515,0.507519219,0.048087879,0.029989214,0.4351384,0.394393043,0.149178788,0.067904035,0.321206061,0.212134094,118.385303,30.99380629,0.079789933,0.235634653,1,2,0,1,1,2,0,0,1,1,2,1,0,2,2,3,1,1,4,3,1,4,0,0
INFJ,NF,songs of an infj  ,78wTNyP2kpuxFPuZuZjX9K,50,0.48546,0.16268264,0.62458,0.232682063,-9.20984,3.592095235,0.66,0.478518121,0.045588,0.036223668,0.21207712,0.286597781,0.160102,0.112490991,0.491844,0.281638475,124.37556,29.29169649,0.224782048,0.29763016,1,5,2,3,1,5,0,1,4,2,0,0,3,1,1,4,0,1,3,8,1,2,0,2
INFJ,NF,empty thoughts,4vQ9sMFvahvxGbPSIwhMvu,50,0.60866,0.134489148,0.60434,0.192411083,-5.42472,2.17481029,0.78,0.418451958,0.048258,0.037723895,0.379136,0.267971331,0.164176,0.10930506,0.49398,0.193328365,122.40376,35.62349616,5.39E-05,0.000199454,2,5,2,4,1,2,0,2,0,3,0,4,3,3,1,3,0,5,0,3,1,1,1,4
INFJ,NF,Infj 1w9 boy vibes,1iTkokNwo55OWDwvJ05y4H,50,0.52828,0.121308687,0.457284,0.247256678,-10.85208,4.357314005,0.78,0.418451958,0.061892,0.053180727,0.471681824,0.365385581,0.173152,0.113427179,0.46236,0.239949464,122.97832,30.90559402,0.130063391,0.238099343,1,4,0,0,0,9,0,0,2,3,4,4,1,0,0,5,0,4,1,6,3,2,0,1
INFJ,NF,What me ( INFJ-T ) Bops too,2nl77fMNVx6HhQYHAJ4cbF,50,0.60234,0.142491906,0.6106,0.202771008,-8.04626,2.819533054,0.62,0.490314351,0.06083,0.044865992,0.255133396,0.294213195,0.194604,0.143338573,0.568514,0.241102437,130.57734,29.08677655,0.037749058,0.094784483,1,7,4,2,1,2,0,0,1,2,2,3,2,2,2,4,0,4,2,1,2,3,1,2
INFJ,NF,infj,0Y3Xir2amzheWRyG9iG2xB,15,0.5622,0.184933656,0.505973333,0.23933004,-9.549666667,5.115516783,0.2,0.414039336,0.040106667,0.01236842,0.446670667,0.348491612,0.1501,0.113987255,0.377093333,0.19475275,109.6883333,20.36417057,0.297619547,0.416264546,1,1,0,0,2,0,1,0,4,0,1,0,1,0,0,1,0,1,0,0,0,1,1,0
INFJ,NF,INFJ troubles,42M6sMdJcjhGhnVR0XRzUz,24,0.545583333,0.135732126,0.616166667,0.173032459,-6.684791667,2.743066453,0.791666667,0.414851117,0.078045833,0.092332316,0.3082375,0.296718116,0.163470833,0.107356041,0.47875,0.231431885,131.25925,31.63760311,0.00030027,0.001153076,1,3,0,2,1,2,0,1,0,3,0,1,1,0,0,2,2,1,0,2,2,0,0,0
INFJ,NF,INFJ,4pRN2utcgpCstVqwf6iiXQ,50,0.51756,0.122776412,0.59038,0.246173979,-9.03872,4.400215273,0.54,0.503457434,0.042328,0.025604719,0.231703,0.299274182,0.177324,0.131437029,0.401968,0.242759853,120.13238,24.43619733,0.154495336,0.294532611,1,2,3,4,1,5,1,0,2,2,2,1,3,3,4,2,1,3,1,1,3,3,1,1
INFJ,NF,INFJ,1KvZ0oOW8Y8JBBYWYsQrbP,50,0.60884,0.101563162,0.67082,0.152824788,-6.03704,1.681993181,0.64,0.484873221,0.059856,0.042646277,0.19405006,0.220380621,0.177906,0.101300963,0.39427,0.186258465,118.38676,26.24112703,0.020361517,0.090442873,1,3,0,5,0,2,0,1,1,3,4,2,1,1,1,5,0,3,4,4,2,4,2,1
INFJ,NF,INFJ Playlist,7xfoj0UfpCCtUV3qN7g2xj,50,0.5396,0.125083482,0.60696,0.190943304,-7.30466,2.670803476,0.62,0.490314351,0.056462,0.063574362,0.32139886,0.309101556,0.180136,0.155617285,0.385086,0.183059832,108.3259,24.87294257,0.081757073,0.2087405,2,3,1,4,2,2,1,2,1,1,1,2,2,3,0,3,1,2,1,4,3,6,1,2
INFJ,NF,infj,2n07ZdAlKlshoCoJjXsTZz,46,0.529978261,0.114981832,0.591369565,0.192660134,-7.791326087,2.697461507,0.695652174,0.465215134,0.05176087,0.048775009,0.304770746,0.299213713,0.17996087,0.147148928,0.426391304,0.209528092,112.6955,26.75178359,0.128186592,0.267771024,4,5,0,1,0,4,0,2,1,3,0,3,1,3,0,3,2,2,0,2,2,4,2,2
INFJ,NF,infj playlist,41CzHeNk6PHTklm3lG8xp1,50,0.58516,0.117631448,0.6274,0.184095694,-6.35232,2.46192176,0.48,0.50467205,0.05851,0.033536092,0.202986986,0.251773045,0.169196,0.105309842,0.392076,0.197418738,118.46432,26.93059471,0.018203282,0.10753712,2,6,0,1,3,2,0,2,3,3,2,2,3,0,3,1,1,1,4,4,1,3,2,1
INFJ,NF,infjpop,3SVgQHez60pusKBs42iuOa,22,0.566636364,0.13160603,0.754863636,0.188758171,-5.0895,3.06584412,0.863636364,0.351250087,0.050590909,0.027651899,0.213682955,0.292455528,0.178181818,0.097118801,0.580772727,0.193229676,120.7847727,33.02679398,0.08413863,0.25865119,0,2,0,4,1,2,0,1,2,3,0,1,0,1,0,1,0,2,0,0,1,0,0,1
INFJ,NF,INFJ,0w7Ep3qmsiKO4odGOrf5P2,50,0.58214,0.116800197,0.64192,0.163443661,-6.86356,2.686550927,0.5,0.505076272,0.05605,0.045592128,0.28124932,0.252786677,0.164818,0.128000258,0.421044,0.242571306,123.59586,20.29340446,0.030973598,0.118502686,3,10,1,2,1,3,0,0,3,2,5,3,2,0,1,0,1,1,5,4,0,1,2,0
INFJ,NF,infj shelter,493MkSZrHLojb7bf4Az1CC,50,0.54298,0.140585001,0.6112,0.19574713,-6.71672,3.13357024,0.72,0.453557368,0.065262,0.065968901,0.270682166,0.294048826,0.196936,0.156351779,0.392674,0.194382554,118.18724,31.31388334,0.045279565,0.168226201,3,6,1,3,1,2,1,2,1,2,1,5,1,2,0,3,1,3,0,4,2,4,0,2
INFJ,NF,infjams,7kKHi0vHjhNtCz8yDoC7yh,50,0.54018,0.15800771,0.387132,0.198017166,-11.03778,4.508946324,0.84,0.37032804,0.057012,0.112171422,0.56234,0.322509452,0.15945,0.107374993,0.377,0.209971202,117.77798,30.91580785,0.069165017,0.171411763,2,7,1,5,1,4,0,1,0,3,0,7,1,0,1,4,0,4,1,3,1,1,0,3
INFJ,NF,infj,14hwz0tG0mKRtm4lrHGw3Q,16,0.5395625,0.093090614,0.477,0.1954349,-8.1579375,2.690793996,0.8125,0.403112887,0.035725,0.014919763,0.46068625,0.309183694,0.114125,0.034797787,0.36653125,0.207458869,111.6920625,29.60848648,0.049912803,0.143656155,2,0,0,0,0,2,0,1,0,0,0,3,1,1,0,1,0,1,0,2,1,0,0,1
INFJ,NF,INFJ chaotic feels,1p8lkxXMS5qIgIsYMfGFll,50,0.4957,0.104074198,0.301414,0.198760722,-12.38922,3.979081774,0.9,0.303045763,0.04497,0.030608231,0.697342,0.301920557,0.120376,0.051049726,0.316278,0.168750443,117.44218,28.2272881,0.039948392,0.146475057,1,5,1,2,0,10,0,2,0,3,0,1,0,1,1,5,0,4,2,3,5,0,0,4
INFJ,NF,🛸 INFP/INFJ 🔮,6wKIkKvb5y6sDGtRUBuWDM,50,0.4679,0.141041353,0.55865,0.224586337,-8.8718,3.465680832,0.78,0.418451958,0.059834,0.053397254,0.3113275,0.315255241,0.172424,0.148031102,0.38139,0.20757475,119.94258,29.32567394,0.072698165,0.183985425,1,8,0,8,0,4,0,3,1,1,0,1,4,1,0,1,0,3,3,4,3,1,1,2
INFJ,NF,INFJ INSTRUMENTALS,6TceRpoPmxUk3TF0FoHXsE,44,0.500477273,0.175459859,0.521413636,0.235456993,-12.03031818,4.568691512,0.522727273,0.505257768,0.056629545,0.056159083,0.411775286,0.330600435,0.165365909,0.122225432,0.499138636,0.287059952,123.1957727,32.69959262,0.709706818,0.270002499,4,1,0,2,2,3,1,1,3,1,0,2,3,0,1,4,1,3,2,3,3,2,2,0
INFJ,NF,infj 4w5,1qL84ZvtKhg7tE1NyLX1SC,12,0.629833333,0.111719481,0.570916667,0.201419715,-7.82725,2.587296382,0.75,0.452267017,0.035416667,0.009966748,0.44175,0.268680995,0.22,0.121166302,0.5595,0.24623289,123.7283333,28.60146101,0.268888808,0.286322544,0,0,0,0,0,2,0,1,1,1,0,0,0,0,1,1,0,1,0,2,1,1,0,0
INFJ,NF,INFJ,6oCWd9coc1NJW6tQFo5fBz,19,0.546421053,0.117103618,0.542263158,0.13082764,-8.052789474,3.283681328,0.473684211,0.512989176,0.0566,0.055054014,0.323736842,0.318456798,0.174094737,0.142784303,0.368578947,0.158480393,103.2375263,25.52449257,0.085251582,0.232608307,1,1,2,0,1,0,0,1,0,1,0,2,1,0,0,0,0,0,1,2,2,2,2,0
INFJ,NF,INFJ,34esZ6omIQwcHSohR3ERMr,46,0.505391304,0.100795828,0.285478261,0.173294129,-12.09358696,4.284144595,0.913043478,0.284884925,0.047067391,0.031018024,0.764433696,0.255411544,0.146893478,0.102426011,0.273567391,0.140639743,110.4435217,27.3193995,0.049206234,0.155633772,1,12,1,2,0,7,0,3,1,3,0,2,0,1,0,2,0,3,0,3,3,0,1,1
INFJ,NF,Infj vibes,3IUNtVeKx4UwfE7SyMKUgO,25,0.5504,0.133671862,0.38804,0.177999176,-11.00188,4.554203803,0.76,0.435889894,0.067664,0.075448033,0.6552588,0.263496337,0.168168,0.138311794,0.3608,0.183620306,121.79208,23.31942486,0.024699974,0.070829998,1,5,2,1,0,2,0,1,0,2,1,1,2,2,0,1,0,0,0,2,1,0,0,1
INFJ,NF,Infj view ,0gsSjiysS3rFDAPV0HlATX,26,0.611307692,0.126592818,0.657153846,0.186801005,-6.612884615,2.358644396,0.653846154,0.485164524,0.05725,0.045598002,0.261737462,0.263035692,0.208157692,0.155378437,0.494730769,0.236992752,117.9371154,27.54965005,0.065632687,0.205512404,0,5,1,2,1,1,1,0,0,1,0,3,1,1,0,1,0,0,1,2,0,1,3,1
INFJ,NF,INFJ 🎶✨,3w8NDRpBUQwtJOHLxIJK48,14,0.533071429,0.113981418,0.702428571,0.167447679,-6.685928571,2.35575699,0.5,0.518874522,0.077842857,0.091952644,0.247565143,0.259792147,0.205728571,0.117288083,0.480571429,0.197569351,113.9429286,28.7134918,0.230258922,0.349583351,2,2,0,0,0,0,0,0,1,0,0,0,1,1,0,0,1,1,1,1,1,1,0,1
INFJ,NF,infj,62l4ycBrN40QcN4euA1MtO,50,0.66406,0.099894314,0.6458,0.178309064,-6.35462,2.655988366,0.66,0.478518121,0.069116,0.060926625,0.285146,0.244342594,0.181368,0.121461635,0.58972,0.212294755,120.35,26.97303709,0.006676317,0.022509636,1,8,2,2,2,6,0,0,0,3,2,1,3,3,2,2,1,1,2,1,3,2,0,3
INFJ,NF,infj playlist,6qJiVnukLAzW1OJQp1nY4o,50,0.50632,0.142533983,0.54632,0.215618279,-8.5952,3.367825987,0.68,0.471212071,0.047462,0.045091281,0.39105506,0.334017723,0.13626,0.092515503,0.390734,0.21833735,114.063,26.52336718,0.124675553,0.249404156,5,5,0,3,0,5,0,1,2,2,0,3,2,2,0,4,1,2,0,3,2,5,1,2
INFJ,NF,Infj vibe 🍀🎧🎵,3Qgz5dLUolVWxjgYJyhlRS,34,0.573382353,0.116042316,0.663494118,0.215857496,-9.505117647,4.392221884,0.617647059,0.493270218,0.062852941,0.045489214,0.261586659,0.301660187,0.181561765,0.133645157,0.419779412,0.252397836,121.4643529,26.98396357,0.265519079,0.375669129,1,2,0,1,1,2,0,0,2,3,0,1,3,1,0,2,1,2,3,4,1,0,2,2
INFJ,NF,INFJ,1IfU9YeJIaYsQOE8DKm9DS,17,0.517352941,0.168862718,0.389270588,0.215240586,-10.63382353,3.676863409,0.823529412,0.392952624,0.047111765,0.025794037,0.571788235,0.358874954,0.129605882,0.065646215,0.309105882,0.190522851,118.8060588,27.46601823,0.075584318,0.20469109,0,2,0,2,0,3,0,0,0,2,1,2,0,0,0,0,0,0,2,2,1,0,0,0
INFJ,NF,✨İnfj playlist✨,74NxHekvYSLsDvDieG8q3k,50,0.56594,0.162572861,0.63264,0.186448303,-7.26278,2.520139989,0.58,0.498569382,0.059294,0.054266897,0.256942988,0.268392706,0.175148,0.118595377,0.497038,0.197299489,126.19468,30.7794588,0.112210344,0.241647333,3,6,0,2,2,0,0,2,2,2,2,4,2,3,1,1,0,3,6,3,3,1,2,0
INFJ,NF,INFJ 4w5 🌙✨🔮,7DK9aw4MS5jRc1FMs411C9,50,0.55602,0.131216209,0.72226,0.157875281,-4.414,2.03267629,0.6,0.494871659,0.07495,0.083906871,0.22639642,0.215767174,0.203312,0.143216372,0.4795,0.196707205,122.683,27.80737763,0.000268381,0.001152157,0,2,1,2,1,2,1,1,2,1,2,5,2,2,1,7,2,3,5,0,0,0,3,5
INFJ,NF,INFJ❕ME,0ojR4b0uaBuCiV2uuqcZu2,50,0.56884,0.119168781,0.58792,0.19998733,-7.01648,3.326098457,0.56,0.501426536,0.054398,0.046467234,0.3066946,0.309071659,0.145546,0.075460021,0.43047,0.205192599,114.46322,25.72296991,0.017290526,0.054220656,4,6,3,3,1,1,0,1,0,1,5,6,3,4,0,1,0,2,1,0,2,4,1,1
INFJ,NF,infj,681M0ngOJQVNsAJkKYngqK,50,0.5619,0.117432612,0.72626,0.13721171,-5.39166,1.609598183,0.48,0.50467205,0.091432,0.087207443,0.120168995,0.16578657,0.201346,0.149080276,0.40436,0.203673284,124.93156,28.63120835,0.002271541,0.014552215,1,3,5,3,2,1,2,1,5,0,2,1,4,2,1,0,1,5,0,2,2,1,2,4
INFJ,NF,infj 5w6 i feel numb babe,4GYoKdNqRuMeL5H5Ov4oHO,50,0.51144,0.141515869,0.64752,0.171222524,-7.10254,2.516366332,0.68,0.471212071,0.047556,0.036778966,0.181632196,0.25773226,0.162806,0.105168687,0.486148,0.240179691,120.19006,33.3048544,0.111570768,0.239525075,3,9,0,4,0,4,0,0,2,2,3,3,2,4,1,1,1,2,0,2,2,3,1,1
INFJ,NF,INFJ,3UgCJO8iUYjhYfBhzliyRY,19,0.502736842,0.125372708,0.562684211,0.1822282,-8.047947368,2.578338989,0.736842105,0.452413928,0.040405263,0.017068765,0.384058474,0.277994604,0.187484211,0.156997828,0.385894737,0.210957577,106.8461579,28.10019353,0.045395474,0.133337779,2,0,0,1,0,0,0,0,0,3,0,5,0,0,0,1,0,0,0,2,1,2,1,1
INFJ,NF,infj song 🤟,30FtvBuwQ9h2bKgSEjvmYR,11,0.449181818,0.083203147,0.428727273,0.066474192,-10.45927273,2.310799865,0.909090909,0.301511345,0.028645455,0.003857814,0.346990909,0.244509961,0.102254545,0.016187178,0.211436364,0.107487183,100.9062727,12.86732208,0.713090909,0.179020365,0,0,0,0,0,1,0,2,0,0,0,3,0,2,0,1,0,1,1,0,0,0,0,0
INFJ,NF,INFJ,7Br1lRfmpEZXxogMdgmEoO,34,0.524323529,0.129464332,0.600294118,0.183502214,-6.943352941,2.063147329,0.647058824,0.48507125,0.0568,0.051870345,0.292929118,0.25652985,0.140841176,0.096272489,0.372,0.206342463,121.0675,28.5469699,0.0131442,0.058442924,0,4,2,1,0,4,1,0,1,0,0,2,0,1,0,1,1,3,4,1,4,2,1,1
INFJ,NF,Infj,0bsUXFgnPmR5v4LQxHS8t6,18,0.510888889,0.124771268,0.583077778,0.203721703,-8.069333333,6.05374792,0.277777778,0.460888599,0.047561111,0.031361256,0.264997222,0.318811626,0.189088889,0.098166706,0.3985,0.155260786,108.2046667,34.11021653,0.114668304,0.261144032,1,2,0,0,3,0,0,0,0,0,1,0,3,0,1,1,0,0,2,0,2,2,0,0
INFJ,NF,for the infj people,0HMwAlxJnqtici8MuM6j6H,42,0.518928571,0.151063772,0.572952381,0.168789803,-6.811595238,2.498259688,0.69047619,0.467901138,0.052071429,0.035664591,0.29908119,0.285438536,0.154304762,0.083944165,0.360978571,0.19265511,112.6831429,31.82790143,0.040693454,0.119089518,1,4,2,2,1,2,0,3,0,2,2,6,0,2,2,2,0,1,0,1,3,5,0,1
INFJ,NF,infj playlist,0HD8f17kYAwH16afsq0h2B,50,0.56054,0.135374946,0.5661,0.202987106,-8.58558,3.498067263,0.54,0.503457434,0.040248,0.024564337,0.313891051,0.317342085,0.192958,0.118928061,0.432592,0.217560526,117.9396,29.89954394,0.160188993,0.294078342,3,2,5,2,0,2,0,2,2,1,4,1,1,4,2,2,0,4,2,4,2,2,2,1
INFJ,NF,infj (taylor's version),4YwQTaYJDwk4OJfD38W2Em,35,0.582542857,0.099679292,0.531371429,0.168018221,-8.418571429,2.611011268,0.771428571,0.426042961,0.061294286,0.050431123,0.466301143,0.31993693,0.12874,0.065467011,0.402637143,0.185276928,120.0546571,32.17986614,0.00032336,0.001084665,2,6,0,0,0,2,1,0,1,5,0,4,0,2,1,2,0,2,1,2,2,2,0,0
INFJ,NF,INFJ <3,456yoxP6M2KuShGByv5YVt,48,0.556791667,0.159683591,0.6194375,0.180110357,-7.104479167,2.745818709,0.729166667,0.44909286,0.053785417,0.055306977,0.256133027,0.279873704,0.203010417,0.120639747,0.4923125,0.222713742,122.9804167,28.26829238,0.072196778,0.199306521,2,1,0,1,0,3,1,3,1,4,3,3,2,4,0,2,1,5,2,5,2,0,1,2
INFJ,NF,INFJ <3,0QcE69NKEwrXaFFcyajaGR,15,0.4744,0.114984347,0.551066667,0.139630874,-7.502266667,2.772999317,0.533333333,0.516397779,0.053906667,0.061669273,0.257756,0.269296874,0.149933333,0.077062819,0.293666667,0.141977195,109.965,33.65366002,0.053812576,0.148612293,1,1,0,1,1,0,0,0,1,1,0,2,1,0,0,0,0,0,0,0,2,2,1,1
INFJ,NF,It's me. Hi. I'm an INFJ,6tJb2b3FAXRFqoRHc9SFaz,50,0.50856,0.117789012,0.443644,0.206901165,-9.6312,4.141090269,0.8,0.404061018,0.040552,0.023121986,0.57934156,0.34195915,0.13621,0.085310464,0.312066,0.139974927,117.52172,23.85033185,0.050674012,0.123665947,2,8,0,4,0,6,0,4,2,4,2,2,1,2,0,3,0,2,0,0,4,0,3,1
INFJ,NF,Infj songs,0LFXyjQKNMUX1yfrqxjuLT,48,0.527375,0.132323367,0.5523125,0.169493884,-7.767395833,3.313042375,0.583333333,0.498223795,0.04839375,0.041630515,0.371107854,0.306850128,0.15305625,0.090582268,0.36755625,0.214610814,119.7491458,27.97215786,0.048817984,0.135103915,4,5,1,1,2,4,1,1,0,2,2,6,2,1,0,3,0,1,1,1,1,4,3,2
INFJ,NF,INFJ,4k24g7naOF07FRCRu6fpGh,26,0.581307692,0.170177735,0.578884615,0.172100047,-8.776038462,2.550179029,0.692307692,0.470678724,0.058553846,0.053117991,0.33342,0.266341462,0.194526923,0.154807962,0.475807692,0.203618274,121.8386538,30.41984524,0.29405885,0.361491352,1,5,4,0,0,1,0,1,2,2,0,2,0,0,0,1,0,2,1,2,0,0,0,2
INFJ,NF,INFJ,6H2vF7KlTC4iVHSNWEEiHw,50,0.52178,0.12272955,0.554374,0.234058805,-9.03746,5.674384567,0.62,0.490314351,0.045206,0.023972922,0.35127284,0.353809322,0.15511,0.116034366,0.40949,0.211416465,111.5995,24.90968004,0.132800418,0.27841189,3,4,1,1,1,4,0,2,0,3,3,5,3,2,1,2,1,1,1,3,2,4,1,2
INFJ,NF,infj,0cXJyN6Y8CMpcSNJgds6mQ,50,0.55776,0.124389211,0.49648,0.172016046,-8.67524,2.409957681,0.92,0.274047516,0.063,0.05818634,0.4467196,0.307770195,0.133722,0.064517412,0.343198,0.182272121,122.82216,35.90073307,0.000200077,0.000781621,1,9,1,3,0,4,0,2,0,1,0,8,2,2,0,5,0,4,0,0,4,0,0,4
INFJ,NF,pov: infj,2gh8mMXfT1YRvLpQSj8tY6,50,0.5096,0.13631027,0.55328,0.247628675,-7.90264,3.958117285,0.68,0.471212071,0.07115,0.09186094,0.412103766,0.347459361,0.161542,0.097512017,0.388584,0.206532097,122.25618,28.13913875,0.086849945,0.217777774,1,7,0,2,1,2,0,2,2,1,0,5,4,1,2,3,2,2,1,3,3,1,2,3
INFJ,NF,INFJ,2UrXsAW1onmqq06Tt9xNcp,50,0.54674,0.126788722,0.62088,0.172232477,-6.79312,2.555732306,0.52,0.50467205,0.054286,0.05241294,0.26569052,0.286083707,0.150308,0.078892388,0.390218,0.185268044,111.05602,25.85098107,0.075212088,0.218195634,2,4,1,2,1,0,1,1,1,3,2,5,2,2,1,2,1,1,2,2,3,8,2,1
INFJ,NF,Infj ,4RaMd5DQ1t6Es8qWA6Ky8v,20,0.5028,0.122503104,0.50285,0.17799328,-8.1746,2.670947819,0.6,0.50262469,0.05907,0.07517004,0.4736165,0.341037953,0.21906,0.165465638,0.44042,0.232321446,128.83145,34.62814324,0.002217635,0.00878398,0,2,1,2,1,2,0,2,1,2,1,1,2,1,0,0,0,0,1,0,0,1,0,0
INFJ,NF,infj,4SFjG8wMvqGwcM3Zcm5xB7,10,0.5316,0.14914363,0.569,0.137461914,-8.2999,2.138086395,0.3,0.483045892,0.04316,0.014623056,0.253745,0.283337042,0.15008,0.109319276,0.4538,0.169155287,110.8462,30.31185564,0.034528337,0.06667817,1,0,0,0,0,0,0,0,1,2,1,0,1,0,0,0,0,0,0,0,1,2,1,0
INFJ,NF,infj jams,5yXxMoXZN2UNIY8mzvHpNz,50,0.64174,0.140926643,0.57476,0.179390415,-5.9556,1.943579309,0.84,0.37032804,0.078584,0.056650855,0.439142,0.26726376,0.152814,0.09816893,0.49312,0.209001869,125.6735,31.35452278,7.80E-07,2.56E-06,0,6,1,3,0,4,1,4,2,3,2,1,1,3,0,4,0,5,0,6,2,1,0,1
INFJ,NF,infj,24kiPOJ4nzVxtjRzNgMwCI,50,0.536512,0.126172691,0.59532,0.184998449,-7.58952,2.780602587,0.62,0.490314351,0.041596,0.021736079,0.329088054,0.323529441,0.160266,0.114989253,0.413548,0.201657831,112.82664,27.55228785,0.061831221,0.158349344,3,6,0,2,1,4,1,2,1,2,2,4,3,1,0,5,0,1,2,2,1,5,1,1
INFJ,NF,infj-t,2tpBG9DK1Vg8PYBygzCS2K,24,0.608375,0.146055324,0.474875,0.187427276,-9.210791667,3.84307455,0.666666667,0.481543412,0.105304167,0.124801458,0.424466667,0.290816176,0.19325,0.148593841,0.365958333,0.224340554,113.5295833,27.39067658,0.018068714,0.053147244,1,3,0,3,0,2,1,0,0,2,0,2,1,1,2,0,0,1,2,0,2,0,1,0
INFJ,NF,entp x infj,5v8AJivGe0TyIuZqfR5ZU8,26,0.579730769,0.137567019,0.711115385,0.171440795,-7.103576923,2.714866467,0.538461538,0.508391127,0.049338462,0.025593313,0.127196885,0.194876715,0.209538462,0.135206379,0.526469231,0.262081996,121.7158846,32.65164056,0.234960285,0.368262304,0,0,0,2,0,0,1,0,0,1,2,3,3,2,0,0,0,1,0,2,1,4,2,2
