artist_name,track_name,track_id,popularity,year,genre,danceability,energy,key,loudness,mode,speechiness,acousticness,instrumentalness,liveness,valence,tempo,duration_ms,time_signature
John Tesh,O Holy Night,10oWHZF6B7YwGcHym9aMdf,2,2008,new-age,0.568,0.146,0,-16.153,1,0.063,0.965,0.898,0.112,0.301,164.954,274213,3
Mike Rowland,You Are Near,5PHkDr5uyTaReeqNZS4io5,15,2000,new-age,0.17,0.27,3,-16.013,1,0.0398,0.385,0.861,0.176,0.0375,112.623,375347,4
Chad Lawson,"Prelude in E Minor, Op. 28, No. 4 (Arr. By Chad Lawson for Piano)",3OALEjcGKRLLBez95KVsOy,10,2014,new-age,0.256,0.0361,4,-29.737,0,0.0361,0.993,0.896,0.0986,0.0383,73.656,173158,1
Laura Sullivan,Dreaming Underwater,7LuFb6GyuZFjNqu3ROEraP,15,2003,new-age,0.224,0.0689,0,-21.083,1,0.0521,0.987,0.873,0.144,0.038,173.929,251307,4
Yanni,If I Could Tell You,2Az3rgDFpLyH3qQkPetdwK,33,2020,new-age,0.313,0.208,5,-13.376,0,0.0388,0.988,0.881,0.148,0.113,113.125,380796,4
ØYSTEIN SEVÅG,After All,3MS7MqwIIAxoUaeLNTO7nJ,5,2005,new-age,0.709,0.265,11,-13.098,0,0.0268,0.677,0.905,0.166,0.438,88.057,265273,4
Kevin Kendle,Cirrocumulus,4AIBClPr2b0lMI4AQSWK4N,0,2000,new-age,0.531,0.237,9,-16.405,0,0.0393,0.974,0.868,0.124,0.152,120.059,401133,4
Oliver Shanti & Friends,Macao Kyoto,6tytp3DvcCceWqnY7WTPTN,22,2008,new-age,0.232,0.269,3,-12.337,0,0.0356,0.723,0.575,0.31,0.0563,107.27,285560,4
Paul Cardall,Farewell,2V8nc7uykdvIjX2Z9ewCwX,10,2002,new-age,0.362,0.103,10,-18.518,1,0.0437,0.983,0.903,0.0876,0.244,121.563,238081,4
John Tesh,"Jesus, Lover Of My Soul",6hJeqSUVBwh6rvdYYzxLen,0,2003,new-age,0.369,0.292,10,-13.292,1,0.0314,0.647,0.0,0.105,0.153,113.761,264187,4
Jim Brickman,Bedtime Blessings,4dnSkWaHqVzQKUdQSEUMok,14,2022,new-age,0.359,0.129,7,-16.516,1,0.0743,0.991,0.897,0.13,0.205,66.317,481237,4
John Fluker,Behold the Star,5h19yMOjMSZ46VVkcI5QS3,2,2022,new-age,0.354,0.247,11,-12.586,1,0.0308,0.913,0.926,0.112,0.0631,68.876,120705,4
David Arkenstone,What Child Is This,153iwK6a0j6XQyvuyr9A33,9,2003,new-age,0.537,0.151,4,-15.117,0,0.0293,0.965,0.0246,0.0798,0.113,84.974,243066,3
Paul Cardall,Beyond The Wall,0FqDi7tY8acbrRtU4Jb6TD,15,2021,new-age,0.252,0.101,7,-16.051,0,0.0356,0.976,0.908,0.113,0.04,130.921,208387,5
Stephen Rhodes,Junk Car Blues,0HVKx7y7SeG8qEn5LstnqZ,0,2002,new-age,0.776,0.236,7,-17.329,1,0.0406,0.268,0.0037,0.129,0.599,106.146,323880,4
Stanton Lanier,Awaken the Dawn,7vyxizL4NShCdbHhalLFCJ,35,2008,new-age,0.242,0.111,8,-17.18,1,0.0327,0.986,0.915,0.139,0.14,94.714,298307,4
Karunesh,Beyond Heaven - Remix,3ZCdQNo1rMITrDwRku9Hl8,10,2006,new-age,0.578,0.476,0,-12.183,1,0.0401,0.177,0.809,0.104,0.315,126.409,396280,4
Wayne Gratz,A Short Time Away,6kXyVyO6KaLHbSv2o4fhwV,1,2017,new-age,0.331,0.0879,0,-17.684,1,0.0896,0.994,0.915,0.097,0.0795,205.14,205504,3
William Ellwood,Transit of Mars,3LUWqEtEFoYSsxSEQRuCbD,3,2019,new-age,0.542,0.455,4,-9.742,0,0.029,0.681,0.929,0.125,0.264,111.926,294997,4
John Adorney,Dance of the Pauper King,5Mstl5t2mZpKnOO8vtDxHt,6,2016,new-age,0.642,0.482,9,-10.313,0,0.034,0.376,0.884,0.0992,0.817,114.999,315653,4
Emile Pandolfi,You'll Never Know,3R0eIZAaFkhimIbySMMKd6,10,2009,new-age,0.374,0.0691,5,-20.448,1,0.0415,0.949,0.955,0.161,0.163,73.882,231293,4
Frank Steiner Jr.,Luna,7FezMWbYL7uS7HHuyPnyXh,42,2004,new-age,0.61,0.185,6,-20.242,1,0.0328,0.816,0.93,0.094,0.252,149.943,244560,1
Lesiem,Vivere,3KkniN0T3CSgxY0glpJsaH,12,2001,new-age,0.352,0.538,1,-8.077,0,0.0363,0.0741,0.874,0.0826,0.0399,149.818,246240,4
Emile Pandolfi,The Rose,6vNGkHLj1XBHs9PbQ66TEc,9,2007,new-age,0.349,0.132,0,-15.348,1,0.0478,0.99,0.894,0.195,0.0748,134.085,285200,4
Sarah Modene,ÉLégie,6pbj8ANW4serTmipS7UQkQ,17,2008,new-age,0.266,0.0394,7,-28.068,0,0.0374,0.994,0.865,0.156,0.0683,134.203,219200,5
Deuter,Nine,5r7aPh11SWDRgieF0Bwv7q,28,2008,new-age,0.173,0.0172,2,-28.584,0,0.0428,0.986,0.951,0.0856,0.0866,75.434,402133,4
Steven Halpern,"Sleep Soundly, Pt. 3 - Remastered",7f6RomhYxfParjQ8wq0xWT,6,2014,new-age,0.155,0.0298,4,-26.184,1,0.0399,0.982,0.943,0.0715,0.0306,63.468,542720,3
Kevin Kern,Away in a Manger,0PhZNGFMblinIMpBonjZdR,14,2012,new-age,0.595,0.0899,7,-22.23,1,0.0651,0.995,0.967,0.13,0.548,92.277,134161,4
Silvard,Pantom of the Opera,6H1ABHCoI7M3OYuqyXuqWE,5,2007,new-age,0.464,0.303,0,-11.653,1,0.0351,0.834,0.933,0.0871,0.31,93.235,294227,4
Paul Cardall,Silverleaf Winds,57brurELltJz3TbQtownB6,16,2019,new-age,0.303,0.0286,7,-26.945,0,0.0442,0.992,0.925,0.208,0.0597,111.124,173080,4
Govi,Euphrates,0iASDY9Yk0u77K6lrRq8tt,20,2002,new-age,0.636,0.546,11,-9.054,0,0.0345,0.573,0.783,0.104,0.575,159.957,346987,3
Govi,Moon Over Water,73aR9VSabcbN1W3n6BWR8J,17,2002,new-age,0.712,0.329,6,-15.298,0,0.0435,0.866,0.862,0.116,0.356,110.02,184293,4
Steven Halpern,Cloud Chamber - Remastered,1ctkUyZZzWdMGHWqYamwti,0,2023,new-age,0.137,0.0996,0,-23.883,0,0.0702,0.992,0.866,0.117,0.035,173.691,76200,5
Jim Chappell,Robbys Reggae,2K2CWVLqNqhq3wu1oqnc6I,0,2014,new-age,0.728,0.0695,7,-19.546,1,0.0965,0.877,0.969,0.122,0.682,116.224,98944,4
Parijat,Unchained,0cvyQNNJljXVsvCSPh5xib,16,2017,new-age,0.103,0.0811,9,-23.629,0,0.0539,0.809,0.293,0.105,0.0344,74.201,209017,3
Chris Spheeris,Elektra,1DPLyaersp3zw0dXWpcbru,9,2009,new-age,0.656,0.425,2,-13.847,0,0.0263,0.139,0.792,0.0408,0.281,108.073,326907,4
George Skaroulis,The Dreaming Fields,0yvU2T6yOrKOrCBkb9t4Ps,4,2009,new-age,0.41,0.037,10,-21.043,1,0.044,0.98,0.914,0.112,0.188,73.279,276187,4
Jim Brickman,All The Pretty Little Horses,4DlXvA84ZAr2OaUMPqsSQx,32,2016,new-age,0.374,0.148,9,-15.766,0,0.0428,0.993,0.866,0.0946,0.204,138.958,216560,4
Gregorian,Let Down,4nm0RYCAbptErnuPolgvGt,9,2011,new-age,0.551,0.66,9,-9.898,1,0.0236,0.195,0.369,0.124,0.414,100.038,310693,4
David Carnes,Here Is Love / and Can It Be,7fV52lDMOLxPFkrQvS6Xc8,4,2008,new-age,0.441,0.0222,5,-24.388,1,0.0746,0.972,0.905,0.107,0.3,74.706,159520,4
Tim Janis,Watch Hill (Piano Reprise),4rBoUKfcysclCbv4Q3TU4W,6,2003,new-age,0.372,0.12,7,-18.395,1,0.0428,0.976,0.873,0.0806,0.158,138.883,192600,4
Christian Lindquist,2010-May-04,1jX4ndoIW3uuDKGPlfOW2j,3,2010,new-age,0.353,0.0323,5,-25.097,0,0.066,0.989,0.899,0.106,0.16,63.527,207707,4
Steven Halpern,Om Zone 2.0 - XI,6PDD6QXVnW2IMIRTq3u5Ht,19,2008,new-age,0.0758,0.0609,4,-25.167,1,0.0451,0.981,0.863,0.0875,0.0329,80.854,198053,4
Jim Brickman,Beyond the Atmosphere,71khbaE0cutwwaNqQvPDP4,3,2020,new-age,0.375,0.124,5,-15.268,1,0.0326,0.893,0.765,0.11,0.0778,135.783,233283,4
Paul Cardall,Improv 3 Notes (Sacred Nature),6xRffPp8WeuYky9AdO1SuB,3,2004,new-age,0.285,0.439,9,-17.755,0,0.0645,0.97,0.894,0.69,0.307,65.678,149133,3
Origen,Kyrie Eleison,6JhWugKaEevbQGuKGJPglO,10,2009,new-age,0.205,0.458,2,-7.539,0,0.029,0.437,0.822,0.111,0.0755,98.26,213093,4
Diane Arkenstone,Sunrise on the Vineyard,0x7Hph5sDLjmVJml83DxQi,10,2018,new-age,0.466,0.31,7,-14.338,1,0.0304,0.903,0.793,0.372,0.16,137.922,279000,3
Brian Crain,The Long and Winding Road,3pvMhEvx1kwTIrxGSPuIR2,20,2013,new-age,0.609,0.117,3,-19.258,1,0.0435,0.995,0.927,0.14,0.183,69.15,213275,4
Catherine Marie Charlton,The Chandelier,2NnYExX8KBVV6FPvl2yvcq,0,2000,new-age,0.269,0.297,4,-14.499,0,0.0432,0.988,0.847,0.0756,0.0772,140.257,335000,4
Karunesh,Heart,3tzdbbWVOph0R0SSXFSUEN,9,2002,new-age,0.103,0.166,2,-19.371,0,0.0395,0.885,0.891,0.113,0.0422,169.262,339800,3
Wayne Gratz,The First Noel,2RObucjdEdCMxNUzGdv3iy,10,2005,new-age,0.436,0.0744,11,-16.088,0,0.106,0.983,0.831,0.0816,0.188,79.866,155360,3
David Arkenstone,The Coventry Carol,68nzpBy7JfPhsqy9opDwZm,3,2003,new-age,0.552,0.132,9,-17.877,0,0.0266,0.905,0.801,0.107,0.125,95.044,249533,3
Gary Stadler,Spinneee Lullaby,0klBck3DxDUoVf8c1x3e6L,22,2006,new-age,0.256,0.13,0,-19.601,1,0.032,0.906,0.895,0.0988,0.0576,90.86,368520,3
Karen Marie Garrett,Simple Things,61dJfbFnEkwoVrQ3Rto4Lj,22,2005,new-age,0.415,0.0705,0,-21.322,1,0.0779,0.989,0.759,0.0959,0.318,160.42,254480,4
Gomer Edwin Evans,Giving a Candle of Endless Joy,28ge5X2yCYi7ydAQqIQprW,0,2003,new-age,0.404,0.306,3,-9.003,1,0.0297,0.791,0.392,0.0706,0.112,84.001,641507,3
Jim Chappell,Moonlight in Madrid,1WkgIPYHboeYVeqZRKaH6v,1,2019,new-age,0.408,0.0542,4,-19.151,0,0.0657,0.989,0.889,0.149,0.0961,85.314,170500,4
Fiona Joy Hawkins,Contemplating (Softly),5f89SKiRSCdAXBDaUzVKQX,19,2022,new-age,0.399,0.0502,2,-23.031,0,0.0396,0.992,0.931,0.0718,0.0416,112.991,286811,4
Sayama,Oneness,3HwPTCvdd0Jdu3lBUpUNBl,6,2005,new-age,0.103,0.0802,9,-19.302,0,0.0398,0.985,0.954,0.097,0.034,67.841,907627,3
Dean Evenson,Espiritus - Spa Rhythms Version,5C8IJGfqv8Hdl5pWCsmpgh,2,2006,new-age,0.586,0.487,2,-14.46,0,0.0291,0.0524,0.823,0.17,0.448,96.017,388000,4
Runestone,Wildwood Night,0oEYSrJWYd28wENtWyuVsJ,13,2008,new-age,0.511,0.0878,9,-24.27,0,0.0302,0.829,0.788,0.152,0.0396,111.926,333000,4
Brad Jacobsen,Autumn Walk,4vFIimr2cQMnD8P9LM8KmG,20,2011,new-age,0.4,0.149,3,-23.423,1,0.0545,0.992,0.906,0.122,0.095,98.158,224307,4
Steven Cravis,Promenade Sentimentale (Sentimental Walk) On a Steinway,001RUjD4y0Zxmt3Up4NQRJ,1,2011,new-age,0.317,0.11,5,-20.554,1,0.0424,0.985,0.932,0.14,0.0548,72.728,284478,4
Brian Crain,Morning's Glory,2szJLS6y4xjtSL6lQiN2J3,14,2007,new-age,0.292,0.0878,5,-21.309,0,0.0389,0.978,0.92,0.122,0.272,200.098,176773,4
Tim Janis,Upon The Sea,0iQC62jPc7inJ0SEYCa4al,4,2006,new-age,0.296,0.178,6,-13.109,0,0.0397,0.978,0.835,0.0411,0.126,103.286,134080,3
Ernesto Cortazar,The Lake and I,7Hv8uAPi7lvCECw9BdBCUI,11,2011,new-age,0.184,0.29,2,-13.547,0,0.0368,0.749,0.885,0.186,0.0547,75.612,184727,3
Yanni,Nightbird,6MQ8wI1YjmyVhvjdApcq34,11,2003,new-age,0.556,0.775,7,-10.488,1,0.0396,0.00461,0.781,0.0918,0.671,124.877,359533,4
David Lanz,And The Road Goes On,0kI6M2N4QA0NiBs3WgNQpm,2,2006,new-age,0.387,0.0767,11,-26.546,0,0.066,0.99,0.908,0.071,0.246,114.841,96680,4
George Winston,Maris' Farewell,3ZBeD2pYkpVyBUh78VbNUG,5,2013,new-age,0.231,0.256,7,-11.506,1,0.0381,0.946,0.193,0.0779,0.264,69.432,163493,4
Jim Brickman,Celebration,3gWKoXtiBedzmhMsJolhKS,7,2017,new-age,0.271,0.331,0,-11.048,1,0.045,0.973,0.859,0.257,0.376,164.418,152222,1
Scott Cossu,Snowy Mountain Creek,5dlUDyrfyFe2ErvzLgGREJ,1,2002,new-age,0.368,0.34,8,-12.675,1,0.0355,0.939,0.911,0.11,0.162,121.999,223560,4
Jim Brickman,How Can I Keep From Singing,13BTpoOV7bYdUYppr1QHS2,12,2020,new-age,0.433,0.0771,7,-18.027,1,0.0486,0.981,0.945,0.0984,0.174,113.051,179663,4
Peter Sterling,Once in a dream,0OQR9qbo1prFNoiQ4fKP6e,10,2006,new-age,0.252,0.118,0,-19.379,1,0.0435,0.984,0.83,0.0784,0.0723,78.474,307067,5
George Winston,Carousel 1,6WuLdX6xazsz0ZdS9BHjX8,12,2017,new-age,0.209,0.451,7,-14.522,0,0.0375,0.946,0.973,0.157,0.931,87.007,38933,4
Waterbone,Hymn,5KkhM4WGhvkZHj0LkSvjsA,6,2015,new-age,0.611,0.793,7,-8.422,0,0.032,0.285,0.0812,0.299,0.658,140.02,377341,4
Jim Chappell,Secret Instance,0Uctl6ea5MiRy60J7eoGCE,2,2015,new-age,0.452,0.167,4,-20.16,0,0.119,0.992,0.956,0.108,0.0377,96.1,289014,4
Jim Brickman,Joy To The World,3bsIFtX3TdqlfEuya4FJ6B,4,2016,new-age,0.588,0.167,0,-14.912,1,0.0356,0.992,0.941,0.0894,0.287,123.75,250027,4
Kevin Kendle,Woodland Drifting,13XTBQfSEU56fQu7MI1iv3,3,2007,new-age,0.273,0.183,0,-17.082,0,0.0369,0.961,0.938,0.152,0.139,118.81,354667,4
Nadama,Together Alone,3NyGffJkhD6Drs6JOypwz3,6,2003,new-age,0.526,0.0584,0,-21.472,1,0.0337,0.816,0.587,0.065,0.0749,87.948,331107,4
David Arkenstone,The Dying Of The Light,7Hf2UibFTiDYL6zKQe1rer,6,2020,new-age,0.0927,0.229,5,-15.721,0,0.0412,0.911,0.687,0.122,0.0353,84.311,318532,3
Paul Speer,Mediterranean Highway,2eKPfCYibvONme4qFC7JGx,2,2008,new-age,0.662,0.765,9,-6.003,1,0.0271,0.0508,0.872,0.0767,0.657,114.962,368594,4
Llewellyn,Solar Plexus (Manipura),4sWuvrtPqKFLxAls94bVjp,47,2008,new-age,0.136,0.0597,4,-25.732,1,0.0406,0.907,0.975,0.0905,0.0399,73.444,119067,4
Michael Hoppé,Distant Call,5wox8uyiliqmSAUc5aWnjb,25,2020,new-age,0.141,0.033,1,-21.23,1,0.0447,0.869,0.808,0.0891,0.0321,139.962,197160,4
Ken Davis,Rainforest Spirit,5nD76Do7HuTLhaIzKwcS9C,30,2005,new-age,0.211,0.0525,0,-25.772,0,0.0409,0.959,0.929,0.108,0.037,132.221,183147,4
Scott D. Davis,Dance in My Heart,5oJGBRl8Pu4rUwq8U0MJJT,10,2013,new-age,0.314,0.346,2,-14.689,0,0.0373,0.975,0.91,0.197,0.83,74.65,202973,4
Will Ackerman,Shella's Pictures,05GcPfs0urLjgWdclQGI7K,18,2001,new-age,0.259,0.0681,6,-21.105,1,0.0458,0.978,0.942,0.0993,0.0547,78.324,318093,3
Jeff Oster,Sounds Like Sunshine,2nMVn2x1xXA4FHy7n0MwZo,1,2007,new-age,0.124,0.47,9,-11.417,1,0.0294,0.611,0.92,0.264,0.102,89.711,328107,4
Danny Wright,Little Bear,7hfIoAyMqfsI8mO1w1LUk5,7,2012,new-age,0.265,0.0531,2,-23.97,1,0.0386,0.987,0.901,0.0516,0.19,72.315,249760,5
Mark Pinkus,The Path,6df1Cfu7Ew324IeqV1lrSG,6,2008,new-age,0.383,0.222,5,-15.267,1,0.0495,0.976,0.939,0.105,0.102,128.47,279333,4
Stanton Lanier,Discovery (feat. Eugene Friesen),69BDvZ8IusC4sotCAah660,15,2014,new-age,0.296,0.248,7,-15.984,1,0.034,0.956,0.864,0.107,0.113,129.099,280680,4
Fariborz Lachini,'Twas a Soft Autumn,6vbsxbQlZjhEZcoeH0oEQ7,8,2001,new-age,0.588,0.136,5,-18.128,1,0.0385,0.93,0.877,0.0752,0.28,74.95,329000,4
Llewellyn,Intro/Crown Chakra (Sahasrara),5owvdQyND8KdgnW16VCm5w,40,2008,new-age,0.0959,0.131,0,-22.65,1,0.0404,0.868,0.933,0.125,0.052,78.256,238040,4
Gregorian,Say Something,0wutUC6M9vGtxfNtUOl3D6,12,2019,new-age,0.361,0.409,2,-9.67,1,0.0297,0.536,0.000144,0.116,0.0496,140.992,229307,3
Peter Kater,River of the Sun,6pP860VnfKwUZIwNcgHWX4,7,2016,new-age,0.243,0.161,0,-17.179,0,0.0371,0.993,0.874,0.108,0.0889,75.928,278150,4
Helen Jane Long,Messenger,2JkIMG5gYsNG9HyCLAMX34,27,2018,new-age,0.162,0.199,10,-13.442,1,0.037,0.869,0.899,0.0915,0.15,76.614,200787,3
Deuter,Surfing the Clouds,7vnNZhNdxU8CmX6Qmn3ruM,14,2015,new-age,0.191,0.0533,0,-23.585,1,0.0409,0.97,0.967,0.0789,0.0395,84.928,386840,4
Greg Maroney,Wheatfields,1LZhHDuzr2PzYAyNZMxSlJ,7,2010,new-age,0.301,0.0928,4,-21.278,1,0.0345,0.975,0.893,0.106,0.123,137.801,213013,4
Michele McLaughlin,Middle Way,5wTFOjvAMSPTiqu7qoXAbR,8,2005,new-age,0.295,0.141,5,-20.548,0,0.0445,0.994,0.96,0.0905,0.28,149.446,353307,3
David Nevue,"Lord, I'm Coming Home",3UJjacMuh9zNhIiNhbEk7M,29,2007,new-age,0.406,0.0268,7,-19.857,1,0.0591,0.974,0.93,0.155,0.419,70.055,160347,4
Ernesto Cortazar,Por Ti Aprendí A Querer,4BtViTbG2bbMO3Djw6T6rs,14,2011,new-age,0.258,0.261,5,-13.732,0,0.0324,0.733,0.244,0.311,0.0688,103.743,238000,4
Kevin Kendle,Ancestral Calling,2MlqOMcKHjeBLjDeJ7pUZ8,4,2015,new-age,0.0811,0.224,5,-19.159,0,0.0365,0.915,0.945,0.112,0.112,74.736,514613,4
Kamal,Initiation,0YC8otWHDRR7NIc5X5knys,13,2001,new-age,0.316,0.209,10,-17.374,0,0.0355,0.809,0.853,0.104,0.0389,129.673,411907,4
Michael Hoppé,Interlude: Lover's Lament,6V8s8LaKwG90mXIsqB2Ysk,1,2001,new-age,0.259,0.31,9,-9.849,0,0.0361,0.802,0.329,0.0887,0.0664,78.397,223080,3
Will Ackerman,Up There Throughout the Skies,52ZJKEXNWdQgRyMIATBOBe,11,2018,new-age,0.6,0.0718,5,-22.572,1,0.0479,0.932,0.244,0.169,0.528,131.806,253280,3
Elijah Bossenbroek,drips,5IFY0VULf48H7jC8qj24sW,13,2022,new-age,0.18,0.327,0,-13.433,1,0.037,0.817,0.872,0.12,0.0554,74.187,220502,4
Michele McLaughlin,Beneath the Surface,4zlWG7ZtkrQxpyMZHXKn2V,11,2018,new-age,0.356,0.143,0,-16.669,0,0.0549,0.97,0.903,0.146,0.206,129.713,224541,4
George Winston,Ms. Mystery 1,3bTpIqjdY2sPkclIJDugRU,12,2017,new-age,0.257,0.235,3,-16.307,0,0.043,0.974,0.887,0.136,0.166,85.033,334253,4
Jim Chappell,Magical Plans,3NseKwYDJeZS4fkSbIiU6s,19,2023,new-age,0.429,0.0314,0,-24.012,1,0.045,0.989,0.913,0.174,0.383,66.743,175375,4
Greg Maroney,The Missing Piece,6nzgJsOG2pQYSnYHNa6KPq,3,2019,new-age,0.256,0.149,1,-20.132,1,0.0375,0.985,0.887,0.119,0.0822,80.74,222300,3
Marshall Styler,Mandala (Mary\'s Waltz),2oJHLf9cXwGpkakeZ59cYq,6,2009,new-age,0.348,0.264,2,-14.596,1,0.0335,0.855,0.949,0.176,0.184,125.718,240653,3
Tim Janis,Upon The Wide Open Plains,0E2TCR3z5Rldm908DlnQk3,5,2005,new-age,0.145,0.43,6,-11.801,1,0.0374,0.658,0.425,0.0859,0.0358,93.806,214360,3
Ryan Farish,Love in the Air,2Mq2cXwkfTdKOS3Q7J6btU,4,2015,new-age,0.502,0.874,2,-5.099,1,0.0508,0.000753,0.899,0.195,0.388,128.04,310000,4
Stanton Lanier,Call To Me,5ZpnoE6Y5USLpodjkQf8T4,2,2004,new-age,0.407,0.281,9,-13.829,1,0.0344,0.918,0.896,0.0981,0.13,113.309,251013,4
Jim Brickman,A Taste Of Snow,73g9dnwj9aXersU440b8Lv,15,2022,new-age,0.396,0.317,5,-12.2,1,0.0382,0.99,0.889,0.0773,0.346,135.117,217269,4
Gomer Edwin Evans,"Strahlen reiner Liebe, Pt. 2",5EuLabYFjK1tMuwag4Y431,5,2011,new-age,0.376,0.0834,8,-17.813,0,0.0323,0.852,0.877,0.12,0.0722,61.075,280613,4
Joseph Akins,Through the Looking Glass,690wYtuyOFMlHxFS6wKHCy,2,2018,new-age,0.424,0.337,6,-15.04,1,0.0426,0.974,0.904,0.116,0.0529,120.479,305575,4
Mike Oldfield,Holy - 2000 Digital Remaster,3phEjYGqQLjT6kahZ2Y5TG,4,2000,new-age,0.636,0.631,4,-7.594,0,0.0276,0.451,0.0,0.36,0.276,100.027,278427,4
Stive Morgan,Magic World of Illusions (Special Relax Edition),4DtTjy5CqKTcjsi9CuuFCs,15,2022,new-age,0.486,0.317,1,-15.68,0,0.0298,0.862,0.944,0.399,0.0374,139.991,306563,4
Laura Sullivan,Love's River,0VpY8UruSIYa5LhjxUj3Op,26,2013,new-age,0.241,0.104,7,-19.526,1,0.0359,0.978,0.964,0.13,0.268,178.942,242442,3
Suzanne Ciani,Lumiere,1KnxOiS6IdrYyWY708m7Tf,3,2002,new-age,0.197,0.125,11,-22.648,1,0.0361,0.842,0.956,0.0879,0.0398,71.068,295267,4
Michael Allen Harrison,Tender Touch,3STtRhJLceqhMVQFF8Vg6O,19,2021,new-age,0.366,0.077,5,-21.167,1,0.0543,0.951,0.902,0.111,0.147,117.236,151349,3
Jim Brickman,"All Of The Stars - From ""The Fault In Our Stars""",5RzTkxnCtsxyijqsJdKxDX,13,2016,new-age,0.405,0.104,11,-18.871,1,0.0603,0.99,0.922,0.11,0.216,78.845,248800,4
Mythos,Orca,6agihYQYTqAXlfWFHmVFWF,4,2002,new-age,0.509,0.71,4,-10.369,0,0.0287,0.459,0.708,0.261,0.479,139.938,348293,4
Andreas Vollenweider,Come to the Quiet Place,22XKMKcV3tVCl9URes7xuK,27,2020,new-age,0.693,0.162,5,-17.599,0,0.0335,0.829,0.904,0.108,0.175,134.045,243553,4
Dean Evenson,"Tantra Love from ""ASCENSION TO TIBET""",4uga8k2fgccQs4ANZzqWxB,4,2019,new-age,0.14,0.171,5,-21.176,1,0.0388,0.761,0.964,0.0922,0.0382,73.553,194906,4
Fariborz Lachini,Do Panjereh - Solo Piano,5QQQGUjzwNeh8MHfwpYh0W,4,2008,new-age,0.373,0.0651,9,-22.646,0,0.0406,0.983,0.941,0.11,0.145,75.561,287333,3
Bryan El,Halcyon,35eoJTstqZ94EbJMsBZuEk,8,2008,new-age,0.491,0.924,9,-3.944,0,0.0322,0.00198,0.857,0.179,0.089,100.011,213613,4
Al Hirt,Elmer's Tune,0q9LOV3fY2pk04c1BaBj6C,7,2000,new-age,0.768,0.541,0,-10.384,1,0.0347,0.799,0.814,0.15,0.897,125.926,145960,4
Paul Cardall,"Fireside Medley: Remember Me, I Believe in Christ, Come Thou Fou",682PXvRRYyAfP4aus2tOTL,35,2008,new-age,0.381,0.118,2,-18.245,1,0.039,0.981,0.887,0.107,0.169,105.813,285253,4
Phil Coulter,Fare Thee Well Love,0tbpYlR7Qfh8uqm5eCHoGx,4,2014,new-age,0.542,0.0411,7,-19.664,1,0.0445,0.989,0.933,0.0659,0.194,136.539,197053,4
Tim Janis,Nature’s Calm,0on7b1rQbpnXzDZjTxgXF5,22,2021,new-age,0.136,0.0844,9,-23.703,1,0.0416,0.974,0.931,0.168,0.0792,75.869,570880,1
Kevin Kendle,Of the One,5YZ7PvjtogOU1CimKWIBJh,7,2012,new-age,0.167,0.223,2,-19.399,1,0.0339,0.8,0.956,0.0903,0.0383,103.288,498920,4
David Lanz,The Approaching Storm,3e0cRTxwmvm6odXYSqnvWg,30,2016,new-age,0.413,0.145,0,-15.747,0,0.0639,0.987,0.9,0.117,0.0774,102.781,293853,4
Wayne Gratz,A Time for Reflection,6ul4Y7tiTtN31rnPRQ3b7P,4,2015,new-age,0.124,0.119,3,-20.077,1,0.0407,0.99,0.908,0.0759,0.0804,206.751,480000,4
Bernward Koch,Floating Feather,5g2wluSZ0XHzc8TlcMyG5f,24,2015,new-age,0.132,0.131,1,-20.276,1,0.034,0.936,0.913,0.122,0.038,83.913,385228,3
Michele McLaughlin,Adrift,6SWQA8lxYCQybITp27In9A,21,2022,new-age,0.348,0.0437,3,-25.6,0,0.0594,0.988,0.922,0.103,0.29,70.934,141840,4
Barbara Higbie,Generous Heart,570JWL72WSvyPWBH7Q45vl,3,2019,new-age,0.305,0.0628,9,-22.332,0,0.0633,0.987,0.926,0.0938,0.146,176.799,193440,4
Louis Landon,Castle Rock,7AD81RG1vA30t7SXUsc99h,1,2017,new-age,0.326,0.189,7,-18.051,1,0.0394,0.992,0.905,0.0799,0.141,89.105,165720,4
Vangelis,Rachel's Song,0dknvcDWZzCEpO2Nugz8W8,10,2016,new-age,0.143,0.356,2,-13.82,0,0.0368,0.692,0.867,0.379,0.0702,58.68,281052,4
Dean Evenson,Center of My Heart,525EL9XtvsDqpmfJGoTTWQ,13,2002,new-age,0.25,0.145,9,-16.347,0,0.0371,0.984,0.903,0.101,0.0775,100.279,403373,3
Fiona Joy Hawkins,Running on Joy,19CNK0ralOEKDNyTY7Cpbt,8,2013,new-age,0.489,0.176,2,-19.201,1,0.0301,0.976,0.922,0.104,0.128,138.118,351853,4
Jim Brickman,Evanescence,2DxhV9m3C9LX1uOhes155j,4,2020,new-age,0.245,0.0608,1,-20.575,1,0.0436,0.988,0.97,0.141,0.11,59.095,195187,5
George Skaroulis,White Ribbons,4Hy77E9ULCpmjU1xvtb0UE,4,2000,new-age,0.309,0.155,11,-22.453,1,0.0972,0.988,0.905,0.0693,0.115,60.387,85040,4
Paul Cardall,September Winds,2jhoxfCTGqDiLZtISaaPob,32,2021,new-age,0.191,0.0703,5,-18.954,1,0.0362,0.943,0.618,0.311,0.0525,139.782,228467,1
Steven Halpern,"Nurturing Your Inner Child, Pt. 13 with Subliminal Affirmations - Remastered",2v67chwCIKY5trjdFwjcGl,3,2014,new-age,0.186,0.0139,5,-31.164,1,0.0403,0.975,0.939,0.0946,0.0371,65.776,312520,4
Kevin Kendle,Spiral,6ztIeH1jQ5o1DYzSoJikQo,6,2011,new-age,0.0935,0.406,6,-14.828,1,0.0392,0.734,0.962,0.108,0.0386,63.976,472707,4
AH*NEE*MAH,Ancient Voices,3yAe2XIciPDIgZTEw911F7,10,2001,new-age,0.489,0.26,7,-17.157,1,0.0385,0.919,0.677,0.113,0.0786,115.02,358213,4
Ernesto Cortazar,Seine,1zLHDVgQDKU2YaH0lYcKyJ,30,2015,new-age,0.319,0.433,5,-9.054,0,0.0326,0.84,0.683,0.136,0.109,132.763,219283,3
Solomon Keal,Home Away From Home,6AVnMnWGp2OHLkVblJmuq9,4,2010,new-age,0.323,0.294,0,-16.429,1,0.0645,0.991,0.919,0.128,0.356,122.421,64000,4
Queen Latifah,So You Wanted to See the Wizard,4F8LIWoQGwwhdwDkYA1mRC,21,2015,new-age,0.586,0.824,1,-3.157,0,0.0507,0.0304,0.0,0.265,0.765,114.937,116267,4
Ann Sweeten,Nikki's Song,1LyvAAQBi8cmMY4yif6Jb6,6,2017,new-age,0.239,0.157,0,-18.168,1,0.0354,0.954,0.817,0.0964,0.0456,64.672,237827,4
Karunesh,Tibetan Sound Bowls,1qUX7w5LM3P17Ug2jvLk0Q,29,2002,new-age,0.192,0.000277,2,-37.423,1,0.0563,0.981,0.0302,0.116,0.0295,60.715,886627,4
Chad Lawson,"So wünsch' ich mir zu guter Letzt, Sacred Song for Voice & Continuo, BWV 502",3awUYSrmyhAX9YcQg5o0aS,9,2016,new-age,0.437,0.00713,7,-31.678,1,0.149,0.995,0.938,0.103,0.497,81.906,74253,4
Paul Cardall,"O Come, O Come, Emmanuel",2KrS8BLoUlRzUlFTv0uWx0,11,2018,new-age,0.255,0.018,11,-22.708,0,0.0373,0.972,0.818,0.104,0.0904,65.015,257013,3
Jim Brickman,Christmas Music Box,6H2t4CCyTVIddqYqPWN4T3,10,2016,new-age,0.417,0.103,0,-19.638,1,0.0439,0.986,0.91,0.0725,0.376,145.412,169170,3
Neil Patton,Providence,1HTTdwqb5VVzidNu2Ishs9,8,2007,new-age,0.276,0.214,9,-18.619,1,0.0484,0.979,0.908,0.12,0.12,117.424,231027,4
Greg Maroney,Morning Song,442VJNpzZCSSMJMH1ionHb,17,2022,new-age,0.349,0.0693,7,-22.712,1,0.0414,0.996,0.921,0.133,0.36,66.393,226700,4
Jon Schmidt,Deep Winter (Prelude in B-flat Minor),6X9FqJQXPJ5JzQqWoJUG8c,12,2004,new-age,0.594,0.0771,10,-19.732,0,0.166,0.993,0.841,0.0974,0.0653,63.866,217000,4
Danny Wright,The Impossible Dream (The Quest),1gxchTUHSSZ2jFTYt9cYmN,2,2017,new-age,0.216,0.276,10,-11.311,1,0.0347,0.877,0.149,0.181,0.204,162.007,173026,5
Steven Cravis,If You Go,5F7VQh9VymYLBAyke7dkqT,0,2007,new-age,0.397,0.207,0,-17.343,1,0.0363,0.984,0.905,0.116,0.136,100.636,260992,4
John Adorney,The Fire in the Flint,7F39DiAxIw7fMDQ5jxRtd2,11,2012,new-age,0.684,0.459,0,-12.683,0,0.0295,0.435,0.757,0.0999,0.404,127.002,351773,4
Jim Brickman,Sending You a Little Christmas (feat. Kristy Starling),3Xp6ZAPGeWKrWOh8srYjEl,12,2003,new-age,0.345,0.249,8,-12.809,1,0.0289,0.744,0.0,0.121,0.168,93.344,245733,3
Terry Oldfield,Awakening Earth,7DDYFvw78kSEunbBF7DZj9,7,2019,new-age,0.0813,0.157,4,-28.422,0,0.0439,0.929,0.993,0.554,0.0366,170.236,245133,4
Michael Hoppé,El Jardin,4RMN5LUaJIQumoS7zz7uY5,10,2018,new-age,0.486,0.15,4,-15.24,0,0.0441,0.961,0.94,0.109,0.139,101.896,273177,3
Brad Jacobsen,O Holy Night,3LMIS0Cmy95mJ4JlZeuSfW,2,2018,new-age,0.242,0.087,0,-19.64,1,0.0482,0.978,0.902,0.0936,0.0798,70.389,328600,4
Jim Brickman,Traditions,5Vu8PuYz3YnzdcUEuaHqMc,3,2016,new-age,0.378,0.188,2,-13.823,1,0.0346,0.73,0.804,0.0753,0.213,118.162,180227,4
Christian Lindquist,myJoy,2DpFhtqF16Chu5RarR9Abk,8,2008,new-age,0.54,0.00779,3,-23.252,1,0.0565,0.994,0.951,0.107,0.161,117.023,146520,5
Robin Spielberg,The Coventry Carol,5zhpq7VBRMkVD9p8merHmJ,1,2002,new-age,0.509,0.0403,7,-19.714,0,0.0414,0.989,0.841,0.13,0.243,98.116,160707,3
Steven Halpern,"Sleepscape Delta 1hz, Pt. 10",1x0gf7odCVwCtM3rjN4kkJ,5,2011,new-age,0.228,0.0506,5,-25.708,1,0.0557,0.943,0.895,0.1,0.0389,140.763,317400,5
Green Sun,Walk on Water,0xWuDMBcWFosxfQEiFToUS,7,2021,new-age,0.173,0.298,0,-12.925,1,0.0367,0.329,0.891,0.0537,0.0949,82.6,314667,3
Vangelis,Perihelion,71REEl9OUAl8QyxHasJnHT,15,2016,new-age,0.211,0.243,1,-15.331,1,0.0398,0.206,0.812,0.339,0.0312,146.159,395370,4
David Arkenstone,Amazing Grace,05xyiaRDbIb3JIrcUhoozi,10,2008,new-age,0.172,0.33,6,-9.992,1,0.0318,0.889,1.82e-05,0.118,0.0478,82.507,188067,3
Steven Halpern,Deep Theta 2.0 (Pt 1),0KVNcUHh74F9Zh7PJVcEm2,34,2013,new-age,0.117,0.183,2,-16.127,0,0.0377,0.965,0.958,0.107,0.0752,84.156,409680,1
Mike Oldfield,Sailing,0Rs2hWa2sAPBGpUzLh56U1,33,2014,new-age,0.614,0.676,0,-7.258,1,0.0261,0.000852,0.017,0.14,0.619,123.016,286373,4
Yiruma,With The Wind,1tCLO3gkcIEmg8Z211QdoM,12,2015,new-age,0.353,0.0901,7,-19.699,1,0.052,0.989,0.884,0.0702,0.141,76.617,237987,4
Beautiful World,Every Night I Sleep Peacefully,0N6pBIPlhWIjjj7ftAP60t,12,2023,new-age,0.281,0.195,3,-19.21,0,0.0403,0.887,0.924,0.11,0.0501,83.344,188056,1
Paul Cardall,For the Beauty of the Earth,2z1DzuGnILpl6IaVS5uQ8n,34,2015,new-age,0.432,0.161,7,-16.375,1,0.0375,0.988,0.928,0.158,0.435,101.433,104280,4
Jeff Oster,Big Sur,25IHdULjXvcKWnPsSPu5Dx,4,2005,new-age,0.449,0.426,1,-10.245,1,0.0246,0.21,0.817,0.101,0.0905,96.002,374747,4
Jackie Child,Fresh Start,5GYJLvY6Xt6wrNCZu3K8JM,4,2005,new-age,0.219,0.199,4,-20.274,1,0.0394,0.976,0.877,0.136,0.27,156.687,206493,4
Jane Leslie,October Song,6QFNyb3UoE72R3QbMK5XRU,31,2015,new-age,0.357,0.0498,4,-24.29,0,0.0379,0.989,0.942,0.0904,0.168,76.206,179373,4
Jack Schell,Room 2 Fly,3Udu51edCQ5l3DSebmbxqL,0,2000,new-age,0.0842,0.0183,7,-24.102,1,0.0414,0.783,0.952,0.0884,0.0359,83.968,634600,4
Karunesh,For the Joy of It All,27Dup7UD1xQ9HWwFllZR2q,41,2004,new-age,0.313,0.278,2,-14.475,0,0.0351,0.337,0.713,0.103,0.057,141.912,389413,4
Llewellyn,Breathing,4HdUKpZDjarlt7oKfMoNUy,7,2009,new-age,0.654,0.173,9,-22.518,0,0.0297,0.557,0.852,0.106,0.312,82.003,509253,4
Craig Urquhart,In Memoriam M. M.,16ZiakLjImkFycLU4aJylq,0,2002,new-age,0.437,0.032,7,-30.946,1,0.0572,0.993,0.909,0.0729,0.217,119.028,210000,4
Jim Brickman,When You Wish Upon A Star,55w3uYVfgZWZbbyIZJddz7,17,2019,new-age,0.255,0.0928,0,-19.283,1,0.0392,0.976,0.927,0.143,0.18,66.85,158483,4
Cusco,Odysseus And The Sirens,62NnGTC9ZTTJOt3ECbdjoY,0,2003,new-age,0.198,0.454,0,-8.931,0,0.0317,0.718,0.942,0.151,0.0892,90.971,540467,4
Secret Garden,Sacred Night,4FEfWwubvyoz5yiODIlm8t,24,2021,new-age,0.37,0.365,4,-9.807,0,0.0321,0.951,0.000625,0.0916,0.178,72.844,248507,3
Karen Marie Garrett,Toll of War (Adagio),7eF8bMUnNAwZbAygToTIJ2,8,2005,new-age,0.326,0.0146,0,-22.161,0,0.0467,0.986,0.931,0.108,0.074,69.064,257173,3
Paul Cardall,Epilogue,12neWBMMEFgUrzyYx1ROJP,7,2021,new-age,0.151,0.0503,0,-19.118,1,0.0482,0.00551,0.837,0.0785,0.14,137.644,86147,4
Michael Hoppé,See You In My Dreams,5HbGjBkW6iBEbUc73ocs6j,4,2015,new-age,0.562,0.153,3,-21.215,1,0.0294,0.835,0.929,0.173,0.0794,88.643,252440,4
Ann Sweeten,I Wonder as I Wander,7xv9P5jxmsyJW87cP7IK0s,1,2001,new-age,0.419,0.0877,7,-20.969,0,0.0493,0.983,0.941,0.106,0.0776,77.4,148360,1
Steven Halpern,Time Being II - remastered,2cgaBxCne9X58cfu5iksCg,4,2003,new-age,0.0666,0.032,2,-26.967,1,0.0463,0.988,0.661,0.102,0.0283,73.954,313040,4
David Nevue,Clockwork,0p0qb1ZiU7lvhUEuv7KHu8,11,2015,new-age,0.362,0.326,0,-14.671,0,0.0414,0.936,0.884,0.103,0.135,136.51,332453,3
Eric Tingstad,Shamrock,3ewevPKCXTCKug1Am0c4fm,5,2002,new-age,0.372,0.428,4,-7.8,1,0.0272,0.803,0.947,0.132,0.166,180.149,238867,3
Origen,Ave Maria (j.caccini),7Ju3kVMg8uMxqsLlR8Wp8s,1,2002,new-age,0.0645,0.328,7,-14.1,0,0.0386,0.552,0.128,0.183,0.0361,68.167,330627,4
Shastro,Dikara,1buKtA7qDdNLu1oJ7GMma9,17,2004,new-age,0.537,0.426,4,-14.158,0,0.0345,0.773,0.678,0.036,0.378,81.933,1331267,4
Nadama,Love in the Air,1K6vmdcBhTEdfBo8zaRNEt,7,2003,new-age,0.523,0.0962,7,-18.982,1,0.0366,0.934,0.786,0.0808,0.147,119.994,352453,4
Michael Hoppé,Nocturnes and the Quarter Moon,5QkWs1VSCUFE1cvJhogbRb,7,2011,new-age,0.141,0.132,5,-20.539,1,0.0456,0.994,0.982,0.099,0.181,179.99,206707,5
Starr Parodi,The Sleeping And The Waking,7k8VXWpn5SP9AKW2dxQtj3,8,2022,new-age,0.226,0.0192,0,-23.235,1,0.0475,0.988,0.814,0.0658,0.0388,140.259,186680,5
Fiona Joy Hawkins,Contemplating (Solo) - Live in the Studio - E.S.E.,3nlZ5bis0L1zo0Fp4TLR6U,1,2018,new-age,0.39,0.0916,2,-20.779,0,0.0609,0.983,0.862,0.0794,0.0421,102.983,331360,4
David Wahler,Come Gentle Night,5fd6rIG4eT6to7JbRNmhba,17,2010,new-age,0.51,0.185,0,-16.47,0,0.0253,0.965,0.721,0.0938,0.077,90.031,374973,4
Deuter,Song of the Last Tree,7BudtyPLCNH2lRPZCw3bsn,21,2021,new-age,0.181,0.208,4,-15.093,0,0.0383,0.931,0.645,0.103,0.0386,142.421,577791,4
Louis Landon,What's Going On,7gApZNHLyp61wXyRFqKi0Q,22,2017,new-age,0.336,0.177,4,-18.242,1,0.0425,0.99,0.938,0.101,0.135,67.077,277693,4
AH*NEE*MAH,Rhythm of the Heart,4kDJTsZZ1kh4v24IZ7X4vY,5,2006,new-age,0.559,0.485,4,-15.313,0,0.0355,0.46,0.893,0.11,0.564,97.993,335520,4
David Lanz,Return To The Heart,2kD5syyWVi9brndyuckO6R,19,2005,new-age,0.478,0.254,9,-12.083,1,0.0499,0.977,0.894,0.0654,0.164,91.405,198347,3
Peter Kater,Lakota Flute Song,47VHAvCikfSyXrpYS9fqSc,11,2013,new-age,0.362,0.0653,1,-15.547,0,0.0472,0.996,0.0413,0.0982,0.455,75.789,132667,3
Jim Brickman,It's a Small World,77y4tejtAGEHFEB8qqAyT3,25,2019,new-age,0.376,0.0999,7,-17.021,1,0.0349,0.972,0.943,0.109,0.19,145.065,145527,4
Michele McLaughlin,Never Give Up,2XtyjbeKMnZuep6I7Myl4l,10,2015,new-age,0.405,0.145,5,-18.717,1,0.046,0.975,0.921,0.0799,0.165,117.207,166000,4
Maire Brennan,The Big Rock,0ON0hEBE5YadkkwdTUuF7B,13,2000,new-age,0.542,0.506,7,-9.727,1,0.0258,0.682,0.000685,0.111,0.286,134.972,184333,3
Jim Chappell,Tuesday Thoughts,3vD1H4ieDdcJTMaGCJHbz0,4,2023,new-age,0.311,0.0502,7,-25.588,0,0.0402,0.993,0.881,0.108,0.43,171.867,158250,4
Jennifer Thomas,Fly Away,3eu3OLf1xRyu65s7EKPnpf,9,2007,new-age,0.604,0.506,7,-9.018,1,0.0482,0.553,0.311,0.108,0.273,89.988,300095,4
Tim Janis,White Christmas,4aD2kxZoyajTbRZhvAnmBC,2,2006,new-age,0.323,0.223,0,-16.251,1,0.0368,0.909,0.885,0.105,0.0505,111.983,112813,1
George Skaroulis,Awakening,0OMt2ky9BtZuBFWtbGb5p4,8,2012,new-age,0.186,0.0576,3,-24.555,1,0.0459,0.993,0.953,0.118,0.0395,32.159,102027,4
Kevin Kern,We All Fall in Love Sometimes,2FCZxd9rhLdvG25ycVwkej,0,2000,new-age,0.578,0.103,7,-19.938,0,0.0454,0.95,0.918,0.158,0.136,131.511,266827,4
Philip Wesley,Silent Night,6yu3iNIY94cRlvfKZ1ixTS,3,2020,new-age,0.337,0.0828,0,-23.92,1,0.0497,0.995,0.896,0.069,0.0735,73.1,313640,4
Helen Jane Long,Stars,33Qawn4a8lhqFpyabsDuBu,34,2007,new-age,0.444,0.0255,5,-23.986,1,0.0383,0.965,0.542,0.112,0.101,110.365,186373,4
Jim Chappell,Little Kisses,7pQtG5HZ235GhmZkKuVXMY,2,2015,new-age,0.361,0.156,0,-15.39,1,0.065,0.979,0.94,0.121,0.17,159.171,199481,4
Sambodhi Prem,Crossing Distance,1hKr1g91WZF2sbKIU69NuA,21,2014,new-age,0.494,0.318,11,-14.273,0,0.0269,0.849,0.97,0.135,0.0475,65.937,113046,4
George Winston,Dream 2,37CnjxakfDhiaVwtBipg9i,11,2017,new-age,0.644,0.00327,3,-22.179,1,0.11,0.992,0.915,0.116,0.38,77.64,126347,4
Christian Lindquist,2008-Aug-19,2MyMU8u6a6yl6QAy52jkzj,3,2010,new-age,0.509,0.0159,5,-25.819,1,0.079,0.994,0.95,0.0998,0.384,69.504,120413,3
Jacob's Piano,Snowing,38DK9kY2x9IiQVhdKMgH9y,30,2022,new-age,0.216,0.0367,6,-22.93,0,0.0358,0.988,0.904,0.106,0.15,73.647,255863,4
Al Hirt,New Orleans,4WH8Y5I8XNzMGImp8yERPe,11,2012,new-age,0.625,0.105,2,-17.728,1,0.0439,0.928,0.828,0.0553,0.265,64.232,267666,4
Mike Rowland,Regenboog - Enter the Dream,2TTtygofnVFrypTx0SUcw5,18,2015,new-age,0.226,0.0603,0,-20.187,1,0.0364,0.69,0.3,0.152,0.0708,123.746,194040,1
Gregorian,Both Sides Now,6GhnBbeIynMGME0UDxwsyJ,10,2012,new-age,0.184,0.41,2,-12.494,1,0.0337,0.792,0.384,0.136,0.0792,151.844,372493,4
Gregorian,Frozen,1QFbU5u0BjQWyGRHjr6cCy,11,2010,new-age,0.386,0.424,8,-9.672,1,0.031,0.638,0.0173,0.241,0.0381,99.9,367493,4
Kitaro,Reflection of the Heart,6fMUWrNtW0oAaSrD6TXWaQ,10,2017,new-age,0.34,0.111,0,-21.087,1,0.0376,0.909,0.801,0.0786,0.0999,99.793,336467,4
Wayne Gratz,Safer Places,3uVwxovlYA5KJX4ZrmjQd1,2,2015,new-age,0.475,0.151,5,-21.83,1,0.064,0.991,0.871,0.116,0.21,121.291,224647,3
Myleene Klass,I'll Be There,5uQhCOG0e39GL3ihVrxjcd,15,2022,new-age,0.447,0.0176,0,-24.922,1,0.04,0.944,0.947,0.0756,0.061,69.69,168867,4
Kevin Kern,Caring Friend,3atoC5XJRB6jN5UBX0ntBt,18,2009,new-age,0.561,0.154,2,-16.066,1,0.0281,0.984,0.883,0.128,0.184,92.071,299587,4
Fariborz Lachini,Goriz,3RW3cHk8683qVT1R7Q2x14,5,2014,new-age,0.586,0.12,4,-20.458,0,0.04,0.985,0.902,0.179,0.158,100.04,348416,4
Doug Hammer,Unfolding,4NxbNFpsG7RAC2oNxeORhL,9,2008,new-age,0.364,0.039,0,-25.386,1,0.0488,0.933,0.867,0.0849,0.0775,170.115,247213,4
Patrick O'Hearn,Sea,2pN0C4dICHk5z2KRS3c66l,16,2011,new-age,0.0602,0.0942,1,-22.041,0,0.0437,0.889,0.806,0.0783,0.0361,63.052,329440,4
Steven Halpern,ADHD Mindful Music with Subliminal Affirmations (part 6),5o6Fjj2gpZBrwItGFQGrQo,8,2019,new-age,0.143,0.00694,4,-31.7,1,0.0439,0.967,0.932,0.0638,0.0349,64.215,464028,3
Mehdi,Flight of the Butterfly,56lv7FgndfQI941299VHxd,19,2009,new-age,0.545,0.853,4,-8.568,0,0.046,0.0406,0.914,0.195,0.678,94.002,398773,4
Sarah Modene,Casting Shadows,49jhb0QclMQmj3ZRPxHrCG,30,2007,new-age,0.224,0.0614,11,-22.291,0,0.0487,0.993,0.927,0.0656,0.0972,64.58,351667,4
Kitaro,Romance,1dJB2lDEmOHEDpGieqBDxm,26,2016,new-age,0.319,0.235,2,-11.263,1,0.0308,0.906,0.27,0.7,0.0371,95.971,280520,3
Dean Evenson,Inner Vista,2ZleLY0kwke30eo6Quy3Eh,8,2009,new-age,0.205,0.0957,9,-19.654,0,0.0397,0.989,0.922,0.107,0.0394,126.799,457120,4
Emile Pandolfi,"This Is the Moment (From ""Jekyll & Hyde"")",5Qajg37vg2Xmma8BfHKniH,6,2010,new-age,0.195,0.356,4,-12.426,1,0.0338,0.72,0.905,0.38,0.167,134.266,209693,4
Deep Forest,Balkan Melody - Symphonic Version,1c10QbH4aHOCxoL0sqlDqp,27,2020,new-age,0.601,0.484,9,-15.894,0,0.0373,0.0302,0.911,0.0909,0.0732,100.031,120000,4
Wayne Gratz,Natalie's Song,13scCoowTPGN0lPIextcHk,2,2020,new-age,0.438,0.029,2,-19.422,1,0.0538,0.993,0.859,0.0895,0.193,107.058,213147,4
Kathryn Kaye,Adrift in Fading Light,5dPTwPkAUALCl2mJoMrDoe,2,2018,new-age,0.289,0.143,7,-24.041,0,0.0536,0.995,0.945,0.167,0.0893,171.056,283600,4
Dana Cunningham,Leaving Home,1n4mRAt2VNMzk7otUQbzUv,12,2002,new-age,0.378,0.0969,9,-22.446,1,0.0497,0.993,0.909,0.105,0.15,66.251,152667,3
Moya Brennan,The Countess,6tjpVqgULwmJvYV58v1OLB,9,2019,new-age,0.46,0.331,5,-13.156,0,0.0284,0.878,0.000877,0.106,0.162,110.993,240653,3
Denean,Gabriel's Song,4HpqywOGy6HZW6JDK8KvcH,16,2005,new-age,0.242,0.0255,8,-24.925,1,0.034,0.987,0.925,0.119,0.108,172.297,294533,4
Kitaro,Bosatsu,5cllGo134XtBOAK5tQC2MU,13,2017,new-age,0.284,0.0689,8,-25.857,1,0.0349,0.866,0.91,0.325,0.044,102.145,118640,3
Tim Janis,Once in Time - Ambient Nature Sounds,5RQ5Fi72YLpNRx2lAHHThE,12,2021,new-age,0.26,0.199,7,-15.072,1,0.0414,0.991,0.213,0.131,0.212,154.22,148477,4
Bryan El,Aquila Sky,10mK0JUsM6CfT1a0iSun9h,9,2022,new-age,0.169,0.462,5,-10.3,1,0.0301,0.0694,0.644,0.168,0.0703,99.946,257280,4
Origen,Ave Maria XXI Century,52iTNc6j3lhwo0qHrcDhBu,2,2002,new-age,0.0932,0.367,10,-11.035,0,0.0349,0.856,0.005,0.353,0.0378,169.107,297333,4
Secret Garden,Duo,5TroHIbyMoDy4n3rhKywvR,31,2001,new-age,0.179,0.191,9,-14.31,0,0.043,0.965,0.92,0.225,0.0387,103.595,237958,4
Lee Bartley,Here Heather,2yUbid1rFbidTYpUTXb3K9,0,2000,new-age,0.419,0.0972,9,-19.052,1,0.0435,0.971,0.896,0.104,0.136,94.068,260907,4
Philip Aaberg,I Saw Three Ships,2QdKpTCCbPBBZZJKHSHAsG,0,2002,new-age,0.357,0.193,8,-19.494,1,0.033,0.974,0.917,0.101,0.0721,128.501,249467,3
Tim Janis,September,5wwqXqbJwvYitcPORoCRve,15,2003,new-age,0.197,0.266,9,-12.85,1,0.036,0.725,0.134,0.0887,0.206,138.348,168187,4
Blue Stone,Raindrops,5ahD8DpSkQJmtwQjOnrE17,7,2020,new-age,0.633,0.633,9,-9.304,1,0.0272,0.0368,0.116,0.106,0.128,105.005,268184,4
Ryan Farish,We Are Free,4QatTYCZrDySvrpElQk7kG,6,2006,new-age,0.527,0.881,4,-5.083,0,0.0299,0.323,0.895,0.115,0.707,126.009,262447,4
Edelis,Talking with Wind,2AYTGCJtfnqUehnO8nvwJg,17,2009,new-age,0.589,0.786,5,-8.941,0,0.0268,0.227,0.829,0.11,0.455,90.003,349332,4
Steven Halpern,Oceans of Abundance,2JtJDYun2u38ZoDgfTLed4,30,2016,new-age,0.0902,0.00462,0,-31.521,1,0.0456,0.98,0.197,0.362,0.0284,88.037,322851,5
Stive Morgan,In My Dreams,1uxrqx3l2R6okMUur5XYLw,38,2013,new-age,0.541,0.565,9,-8.536,0,0.026,0.531,0.911,0.113,0.238,90.005,245347,4
Steven Halpern,Atlantis Rising,0psXgEiKSwoVSwU606KWlu,5,2000,new-age,0.194,0.0302,6,-23.521,0,0.0426,0.991,0.985,0.0836,0.116,100.184,267333,3
Janie Becker,"Yuletide Medley - Incl. I Wonder As I Wander. We Three Kings, Ca",5OsTAl5szTpnsgCOM19Pxc,0,2004,new-age,0.407,0.0933,7,-18.534,0,0.0667,0.991,0.938,0.107,0.167,73.743,227240,3
ICE-T,I Must Stand,2qAjKNcA1Wzh38xHrifZnn,9,2019,new-age,0.58,0.635,3,-7.236,0,0.18,0.321,0.0,0.0683,0.518,75.95,239400,4
Robin Spielberg,Illusion,3MVYDZUhuBRW9Lm7xM7iOt,6,2018,new-age,0.452,0.057,1,-22.98,1,0.0365,0.991,0.855,0.121,0.0757,79.468,188950,4
Catherine Marie Charlton,"River Dawn, Part 7",3LJFoOy0QZ9dW4rrHilNjy,19,2001,new-age,0.324,0.0237,0,-32.081,0,0.0556,0.991,0.937,0.123,0.0758,65.681,313893,4
Stanton Lanier,I Saw Three Ships,76IK5KsIkAiXPkxqf5eq2d,18,2022,new-age,0.195,0.125,7,-22.889,1,0.0364,0.992,0.934,0.0931,0.128,171.857,238005,3
Stanton Lanier,Dreams in the Night,4NXlsORkExosSY2riMB4vS,16,2008,new-age,0.354,0.127,8,-20.556,0,0.0449,0.99,0.918,0.112,0.106,108.02,306813,4
Mars Lasar,El Capitan,5e82aAg19BzGw1n4AG71J3,26,2006,new-age,0.526,0.461,7,-14.198,1,0.0294,0.0354,0.923,0.147,0.192,139.009,281760,4
Steven Halpern,"Deep Alpha 8 Hz, Pt. 2",6cGvDt4VKinDHjT3ACPKi6,11,2012,new-age,0.25,0.029,5,-28.02,1,0.045,0.971,0.944,0.0895,0.0368,65.995,318387,4
David Arkenstone,"I Am Thine, O Lord",3o2VmSpSsHGX4eASus8iwv,4,2021,new-age,0.211,0.317,10,-11.708,1,0.0312,0.108,0.0277,0.12,0.354,93.009,253160,4
Back to Earth,Quiet Memories,1CEDGNlIQOenS1Ot47ykKB,14,2002,new-age,0.114,0.0738,8,-17.584,1,0.038,0.806,0.928,0.113,0.0933,152.832,134840,4
Ayman,Mein Stern - The Remix,4eeQQ83pPMn1SR74J9i38N,4,2000,new-age,0.668,0.541,1,-6.251,0,0.0473,0.0549,0.0,0.107,0.6,97.002,235373,4
Thad Fiscella,Innocenza,2qMuMaY4CXtxI56Qmpvgun,6,2014,new-age,0.524,0.0649,6,-19.542,1,0.127,0.99,0.654,0.0962,0.347,70.244,209287,3
Ken Elkinson,Untitled (Bonus Track),53u3i7Jw40iGgOx27P3IbQ,0,2000,new-age,0.585,0.0209,6,-22.772,1,0.273,0.994,0.931,0.0947,0.134,75.681,201827,4
Jim Chappell,Opportunity,4YM4ZIZYnOdjDXFvIeCqsw,9,2023,new-age,0.345,0.0723,9,-24.985,1,0.0388,0.993,0.915,0.108,0.577,168.134,159500,4
Greg Maroney,Springtime Flowers,5BOCQSoCJs8gImxgd1M69d,10,2022,new-age,0.249,0.0758,9,-21.583,1,0.0397,0.98,0.858,0.0999,0.285,73.713,221500,5
Andreas Vollenweider,Over the Hills and over the Vale,1IU0Z563QUm6mcNVt3xa4h,40,2006,new-age,0.389,0.461,5,-11.421,0,0.0322,0.836,0.925,0.118,0.102,102.033,253933,3
Jim Brickman,What We Believe In,451BmAZibwNq8kL2YDYAkn,8,2016,new-age,0.468,0.452,3,-8.845,1,0.0271,0.294,0.0,0.0835,0.311,137.57,247826,4
Stive Morgan,Radio Passion,7nYFuLWRFN5CrUmw2KzNrp,11,2015,new-age,0.656,0.494,7,-10.712,1,0.0381,0.495,0.0417,0.37,0.799,120.03,269061,4
Medwyn Goodall,The Heartlands,4PCXPmLSPOONJK3gid3R9R,1,2000,new-age,0.658,0.503,8,-12.471,0,0.139,0.0528,0.234,0.19,0.796,122.031,285840,4
Vangelis,Apo 22,3YZIt4Kw28YEZTdHUfAhqa,14,2021,new-age,0.262,0.176,0,-31.678,0,0.104,0.58,0.277,0.109,0.0365,117.21,113587,3
Greg Maroney,Gossamer Dream,1YF7Hqw3Qjs1jmsJ8Q7KrN,4,2019,new-age,0.294,0.191,3,-19.776,1,0.0511,0.993,0.936,0.142,0.129,64.396,294000,4
David Lanz,The Wandering Path,13iV36JkWqbgBovAquQ4t2,22,2017,new-age,0.397,0.0286,9,-24.342,1,0.0537,0.991,0.976,0.0879,0.132,69.571,100293,5
Bernward Koch,Day of Life,5K9aL5zLJPF4ag3dKmpFpo,25,2013,new-age,0.197,0.183,9,-15.519,0,0.0322,0.978,0.915,0.135,0.0399,71.793,423213,3
Catherine Marie Charlton,Love Potion #235,2CDVcILRHH0xwvF6omawJC,0,2000,new-age,0.223,0.239,2,-16.806,1,0.0375,0.988,0.932,0.102,0.155,80.766,323760,4
George Skaroulis,On Friendship's Wings,3qimqe9wUG3hOLYRMY7Q2P,12,2008,new-age,0.311,0.045,6,-25.208,1,0.0597,0.99,0.866,0.107,0.132,171.147,258000,4
Stanton Lanier,Angels from the Realms of Glory,6jiZ8wo9ntmuovYVQCQjz1,1,2019,new-age,0.43,0.0558,10,-21.47,1,0.104,0.993,0.885,0.116,0.137,84.758,268005,4
Andreas Vollenweider,Scarabaeus,3mDkRefwHxjccIfTrajPSS,21,2022,new-age,0.731,0.565,11,-13.082,1,0.0669,0.427,0.109,0.078,0.518,95.028,231131,4
Peter Buffett,From Where You Are,6vH4JtVo1FGt49K7N6r1jP,2,2006,new-age,0.745,0.626,8,-14.34,1,0.0611,0.727,0.861,0.102,0.155,90.004,304493,4
Frank Steiner Jr.,Bells of Himalaya,3S8vrQuv4UOTK1wM55GB7K,28,2004,new-age,0.294,0.232,0,-20.88,1,0.0363,0.51,0.0175,0.135,0.0887,68.481,318867,4
Anne Trenning,A Prayer for the World,4vcbBF3VR7df5ryxNldAQm,3,2015,new-age,0.344,0.0406,3,-23.785,1,0.074,0.993,0.932,0.111,0.165,96.451,248040,3
B-Tribe,Es Vedra,2S6sMnGuhHMpimd4brhTqM,26,2001,new-age,0.636,0.192,11,-18.34,0,0.0304,0.703,0.918,0.11,0.146,115.594,295497,3
Lori Mechem,A Journey Home,73YPTXqBAU2LAyB7cPjNCr,15,2008,new-age,0.425,0.11,2,-20.242,1,0.0564,0.99,0.94,0.0993,0.0657,167.492,254987,4
Conjure One,Hide,0NdAqQ3awPNAHw30amdajx,15,2022,new-age,0.634,0.828,1,-9.871,1,0.0394,0.0905,0.261,0.0822,0.0948,117.98,302000,4
Ryan Stewart,Coming Home,0wnrvTtUvPhvVbjcDblz81,10,2014,new-age,0.268,0.259,5,-17.062,1,0.0362,0.958,0.892,0.0989,0.0749,147.08,238973,4
7and5,Array Of Lights,7CwzlRz7j1emhmuhxdoVJ3,15,2018,new-age,0.576,0.601,5,-10.084,1,0.0299,0.638,0.88,0.329,0.248,118.002,257685,4
Greg Maroney,Song of Grace,3vwZI8yX5GrFVtG9RsUVhp,4,2020,new-age,0.37,0.0485,8,-20.684,1,0.0407,0.982,0.91,0.0936,0.137,124.993,285500,4
Michele McLaughlin,Finn McCool,31euRfqcCpnYkDGIPV3983,13,2015,new-age,0.291,0.264,0,-19.227,0,0.043,0.978,0.943,0.115,0.292,107.511,153427,4
Jackie Child,Worthy To See His Face,6cR9Zwr2y5zGM9zmA95Ozc,3,2005,new-age,0.291,0.164,7,-13.892,1,0.0323,0.958,0.000317,0.0942,0.324,81.891,220387,3
AH*NEE*MAH,Morning on the Mesa,1edwdLmBILiaEYzZXw36GW,11,2014,new-age,0.458,0.425,4,-14.749,0,0.0327,0.821,0.908,0.269,0.308,99.988,379920,4
Steven Halpern,Deep Theta 5 Hz,0YtajU0EG0ksJK8t60mTAA,36,2011,new-age,0.182,0.029,0,-28.962,0,0.0602,0.969,0.927,0.0937,0.0415,72.413,455120,5
Solomon Keal,Thinking of You,2zLFBvZraGlHPAG7uCJOqF,0,2000,new-age,0.398,0.0194,2,-25.877,1,0.0592,0.984,0.828,0.071,0.155,102.337,363720,3
Ken Davis,Take Me There,1IHwDGSipDM574YIimZPSu,12,2004,new-age,0.29,0.451,11,-12.766,1,0.032,0.177,5.16e-05,0.232,0.174,76.691,358387,4
Peter Davison,Wind Bells,3vx1GUmvUhwMeiJwSHbDvy,15,2005,new-age,0.168,0.0594,7,-25.929,0,0.0408,0.986,0.686,0.193,0.286,57.515,297400,4
Michael Dulin,Sailing,2EGvE3luOOMRnu0N4aV9j7,3,2003,new-age,0.515,0.226,2,-17.244,0,0.0412,0.982,0.924,0.0834,0.124,165.237,262440,4
Conjure One,Damascus,7CFqUZgSxW4LpTZf2zQcBy,53,2002,new-age,0.154,0.475,2,-8.928,0,0.0335,0.532,0.0113,0.116,0.0396,92.864,122880,3
Ken Davis,Full of Love,0mIRnUrDoIoZziGSiqU3Ne,13,2004,new-age,0.229,0.345,8,-16.538,0,0.0315,0.441,0.0626,0.4,0.138,76.862,325067,4
Moya Brennan,A Portrait of my Life,2vG84GuCrotzkW6jOz6tkW,9,2017,new-age,0.472,0.367,9,-16.109,0,0.0314,0.917,0.0231,0.0929,0.182,91.869,249624,4
Anne Trenning,Days Gone By,5LlFmpSLjbOb4q7PT5BU3A,9,2015,new-age,0.464,0.231,4,-19.805,1,0.0518,0.993,0.919,0.109,0.312,112.848,191440,4
John Adorney,Man of the Red Earth,1RMMLRYPiZmogw0h6AhfQD,6,2006,new-age,0.5,0.279,2,-15.457,0,0.0344,0.946,0.948,0.0809,0.164,115.991,330013,4
Mike Strickland,Somewhere In Time,2r3guZLCn7Mgq2VsUI3zQ3,3,2003,new-age,0.276,0.0757,0,-20.565,1,0.034,0.96,0.872,0.0731,0.0399,76.408,291373,4
William Joseph,Wanted (feat. Colton Avery),2ucCFuB2i6tPd4vwqqpumJ,32,2013,new-age,0.592,0.259,0,-6.638,1,0.0293,0.922,0.0,0.11,0.364,82.134,246626,4
Kathryn Kaye,"The Hills That Lead Me Home (feat. Jill Haley, Gus Sebring & Tony Levin)",5gNkkGTZgtXmdJFI8xv1k6,4,2015,new-age,0.278,0.0453,2,-23.992,1,0.0353,0.989,0.936,0.0831,0.185,72.914,281747,1
Greg Maroney,Letting Go,2WT721rn1ZIXjSGTjR9c51,6,2016,new-age,0.158,0.0301,5,-20.279,1,0.0372,0.967,0.961,0.148,0.0866,76.937,306507,4
Tim Janis,My Rose of Joy,1nKVkXwEMeffPvVunXxmnc,4,2008,new-age,0.149,0.431,0,-10.2,1,0.0412,0.9,0.791,0.0958,0.112,82.41,155627,3
Christine Brown,Rhythm of the Rain,32CP8HcO5nGDN6Ox5CCVyY,10,2014,new-age,0.312,0.26,6,-19.86,0,0.0422,0.991,0.9,0.0653,0.132,133.681,261040,3
Louis Landon,Winding Down,7bdAs7rCn7P7Wje8CycUi3,19,2021,new-age,0.457,0.0107,0,-27.903,1,0.0781,0.996,0.97,0.104,0.352,70.581,171000,4
Michele McLaughlin,Precious Memories,0RptbFuGyWBWhWasENlng0,8,2017,new-age,0.473,0.139,0,-19.07,1,0.0534,0.986,0.919,0.123,0.182,134.133,246613,5
David Wahler,Yvonne,6gz4ccK7cl43YfrZi3OHug,10,2010,new-age,0.603,0.146,10,-18.938,1,0.0328,0.795,0.922,0.108,0.103,114.978,254240,4
Tony O'Connor,Earth Bound,2mVjYu16HU3QoIKS1Toy9u,6,2000,new-age,0.401,0.39,4,-15.161,0,0.0371,0.566,0.878,0.115,0.0944,130.0,455493,4
Gary Stadler,L'Pavane,2hu6QQVCEoSD7goWJu0oBX,10,2004,new-age,0.108,0.0191,9,-18.904,0,0.0413,0.969,0.424,0.0723,0.0386,84.253,343467,4
Helen Jane Long,Get By,5Khv8DMq9CXnaazm4ROg2m,19,2022,new-age,0.326,0.246,9,-12.024,1,0.0329,0.583,0.935,0.123,0.137,164.02,271467,4
Brian Crain,Innocent Heart,1wBe7255vIMCJ7MlJ8lHCn,34,2014,new-age,0.297,0.145,0,-16.068,1,0.0324,0.943,0.898,0.131,0.168,74.829,194907,4
George Skaroulis,Hymn to Love,0oQj24Cw33QT5OyZdkoMwC,33,2015,new-age,0.334,0.0173,1,-26.381,1,0.0391,0.993,0.925,0.111,0.104,68.637,219160,3
David Lanz,My Aphrodite,4FMaBcYkBrEj9sOcjyl9ZE,11,2020,new-age,0.554,0.194,3,-15.378,1,0.0425,0.979,0.929,0.106,0.0787,131.082,240314,4
Robin Spielberg,Amazing Grace/Silent Night,3GcJVo64jhlZivPTUvh8PH,2,2007,new-age,0.266,0.0221,3,-21.391,1,0.0331,0.983,0.847,0.126,0.0679,166.184,272600,4
Jeremy Weinglass,If I Ain't Got You,6hOuprCUg4zpc0J6MAKZ3N,6,2008,new-age,0.411,0.111,7,-21.854,1,0.0475,0.931,0.888,0.362,0.256,118.014,230920,3
Emile Pandolfi,Hushabye Street,1CRRACnW6Tzxu1m8uPHYBY,6,2006,new-age,0.354,0.202,0,-16.634,1,0.0364,0.974,0.933,0.154,0.225,61.804,302333,4
Govi,Havana Sunset,5VxfSeSQZjNuu7Xk2JboXc,17,2000,new-age,0.633,0.363,6,-12.422,0,0.0328,0.718,0.744,0.113,0.431,148.044,411000,4
Jennifer Haines,A Moment,5LGHCyLNqwSLn19BS4UXSA,1,2004,new-age,0.497,0.0829,0,-19.625,1,0.0827,0.99,0.845,0.116,0.704,75.03,55387,4
Greg Maroney,Fall,15M3wKN2KPmvI50xTbdkzG,2,2009,new-age,0.294,0.034,11,-24.155,1,0.0382,0.991,0.911,0.105,0.165,69.396,297547,3
Laura Sullivan,Witches Slow Dance,7D703qNLQyvPqI1LeeZey6,2,2003,new-age,0.398,0.187,9,-16.867,0,0.0524,0.981,0.923,0.699,0.297,164.779,270547,4
Aeoliah,We Are One Love,2vHvqgry5AFkipHyFw9l6i,29,2003,new-age,0.0624,0.0518,9,-27.115,1,0.0485,0.987,0.99,0.0805,0.0311,68.611,393920,3
Kathryn Kaye,Elk Creek in the Fall,4DiibclRASRICvITrkfjPd,3,2017,new-age,0.27,0.0587,8,-23.676,1,0.0326,0.98,0.906,0.0945,0.0822,100.099,266640,4
Laura Sullivan,Story of the Rain,5IC4sE1teEXUgWJ0Jz5FOj,9,2013,new-age,0.51,0.253,10,-22.25,1,0.0529,0.992,0.91,0.105,0.675,130.737,194304,5
7and5,Gravity,0rHYXPEThzE8cmYegt4Z6h,9,2019,new-age,0.536,0.752,7,-9.63,1,0.028,0.728,0.921,0.304,0.28,121.99,251159,4
David & Steve Gordon,"Relaxing Music and Rainforest Sounds, Part 1",67aoiexcOkEMHi7ou3sNLF,3,2008,new-age,0.473,0.405,9,-14.288,1,0.0324,0.41,0.671,0.349,0.182,120.262,1839535,4
Lawrence Blatt,Park Lane,3EFHFZEqooId6qzkOtrALg,5,2016,new-age,0.442,0.344,2,-16.086,1,0.0283,0.894,0.755,0.0796,0.493,151.148,185840,4
Secret Garden,Song To A Child,0YN0P4ioQ4YPvm3rwq1dAm,23,2019,new-age,0.184,0.333,4,-10.12,1,0.0406,0.985,0.74,0.0983,0.105,73.272,213827,3
Helen Jane Long,Life Is,4RTut9HxvyfrH5JAc4TMfo,18,2020,new-age,0.651,0.245,0,-15.39,0,0.033,0.926,0.969,0.134,0.277,135.05,160052,4
Craig Urquhart,Little Lullaby,5ZyvVNXubA8VOkKVoNJmP8,22,2012,new-age,0.333,0.0163,0,-27.644,0,0.0463,0.995,0.769,0.102,0.257,131.695,134453,4
David Hicken,Desirée,3engUiNJUYXbwshwjnEjpR,5,2007,new-age,0.399,0.0484,10,-21.948,1,0.0382,0.99,0.93,0.103,0.127,87.969,282413,4
Mythos,Spiritus,6pkH0Tf1u5opc5eoGl5S9Z,7,2013,new-age,0.586,0.532,2,-12.081,0,0.0289,0.408,0.939,0.12,0.534,120.006,287848,4
Jim Brickman,Sanctuary,1zfIUIMAMSzJNANQAnjkel,8,2016,new-age,0.389,0.131,2,-16.706,1,0.0449,0.959,0.921,0.0976,0.194,135.034,188720,4
Suzanne Ciani,Part Two,3ipLNSWCkDMjiRyplhkps8,12,2018,new-age,0.463,0.258,0,-24.824,1,0.0548,0.145,0.0201,0.128,0.234,103.579,313284,4
Jim Brickman,You've Lost That Lovin' Feelin',1jfJ19Xk4tZbXGmqG3S6MM,10,2021,new-age,0.388,0.274,5,-14.404,1,0.0471,0.987,0.843,0.112,0.263,111.595,179099,4
Clannad,The Last of the Mohicans: I Will Find You,44MnCI6tCO80JB5M9cNLVD,36,2013,new-age,0.256,0.455,4,-11.579,0,0.0452,0.645,0.0008,0.712,0.1,128.251,274413,3
Greg Maroney,Dream Rider,4yE5hyW8Dlr5QKay1roSgD,20,2023,new-age,0.207,0.0563,4,-23.657,0,0.0421,0.967,0.855,0.129,0.0398,74.819,254031,4
Brad Jacobsen,Wolf Trail,5GXSReX6oV0t521evukQTz,6,2013,new-age,0.285,0.192,8,-19.837,0,0.0511,0.981,0.908,0.109,0.177,126.487,228800,4
David Arkenstone,Deep Peace,4sgjEkwDLerIBvRdwPCgFA,5,2008,new-age,0.161,0.237,0,-12.839,1,0.0381,0.515,0.198,0.113,0.0846,70.79,311813,3
Magna Canta,Credo,2qiwbzVWR4SEtxe5YmDqQF,32,2007,new-age,0.522,0.834,9,-9.237,0,0.0307,0.0059,0.326,0.0745,0.118,130.026,246973,4
Emile Pandolfi,Love Theme for Nata (From Cinema Paradiso),2ZVl9lEHY5WJ8KbMtKfmYI,14,2016,new-age,0.383,0.172,8,-16.803,1,0.0408,0.956,0.907,0.116,0.179,141.048,251053,4
David Wahler,Whispers from Eternity,5FW3AYXFPj7KR3cTFZj6RR,12,2015,new-age,0.25,0.273,4,-17.676,0,0.0331,0.326,0.933,0.11,0.0807,86.888,274440,3
Helen Jane Long,Storm Away,2NJk48wMp7ZDzuqM4d9QSt,25,2016,new-age,0.375,0.341,2,-11.496,1,0.0301,0.84,0.93,0.148,0.202,130.042,232813,3
Ginkgo Garden,The Maidenhair Tree,4OQJybyons3WhxFQIaOEh9,10,2016,new-age,0.428,0.535,5,-9.938,1,0.0317,0.0035,0.0074,0.131,0.295,110.031,291773,4
Eric Tingstad,Ceremony of the Aurora,3VHMd2vd8MjBFNUwJGUtOl,4,2011,new-age,0.717,0.416,3,-12.275,1,0.0267,0.525,0.499,0.233,0.449,99.998,294627,4
Oliver Shanti & Friends,White Mother Of The Universe,1WPNCEB5XtOKs4ab5jY5Xv,25,2008,new-age,0.309,0.48,0,-12.412,0,0.0347,0.472,0.944,0.0911,0.652,115.98,282240,4
Cusco,Temple of Rememberance - Remastered by Basswolf,09jCLdJbhU3D3hxRbtibKC,5,2016,new-age,0.495,0.504,9,-8.731,0,0.0264,0.0739,0.587,0.123,0.354,128.805,550323,4
Brad Jacobsen,Once in Royal David's City,6Mpnm6OQ9vvNtnbXS3ZLyo,2,2018,new-age,0.388,0.131,0,-18.039,1,0.0372,0.96,0.917,0.106,0.201,140.846,243627,3
Secret Garden,Celebration - Live,6MhfTqbXMVRiFBUUmGhAu7,11,2016,new-age,0.245,0.644,2,-9.616,1,0.135,0.0123,0.611,0.697,0.0679,100.101,195720,4
Tim Neumark,Away in a Manger,6bwbP3o5WtGcT0aw4L4QMk,8,2012,new-age,0.383,0.145,2,-21.143,1,0.0621,0.988,0.888,0.123,0.238,113.874,214880,4
Wayne Gratz,Snowing,5Wyf98yyatA0hvW0WaIqFi,3,2002,new-age,0.421,0.101,9,-17.811,0,0.107,0.986,0.865,0.0666,0.201,64.101,221053,4
B-Tribe,Matador De Sa Pena,5Y2UhEkqIuCfm4dDmiuH3L,41,2001,new-age,0.28,0.16,5,-18.986,0,0.0358,0.789,0.899,0.124,0.0368,143.581,333973,3
Frank Steiner Jr.,Lighthearted,0l39qknYtaMS4S529X2gHd,17,2021,new-age,0.223,0.14,5,-19.604,1,0.0325,0.968,0.87,0.0761,0.0716,179.73,303084,4
Tim Neumark,Father of the Bride,71xg8JfDzImODsrEfCVXWr,30,2013,new-age,0.348,0.145,3,-19.194,1,0.0582,0.944,0.921,0.114,0.133,64.165,243773,4
Tim Janis,Angelic Evening,38zqxOfnoVXOeMwiKsVFMN,14,2020,new-age,0.13,0.404,7,-10.7,1,0.0369,0.692,0.895,0.0693,0.088,50.602,207560,4
Enigma,Voyageur - Fab 4 Mix,3PdtreTYhYRiKcQTmCSOGv,7,2003,new-age,0.556,0.875,9,-8.471,0,0.0309,0.000464,0.168,0.0527,0.296,121.249,268899,4
Laura Sullivan,Angels We Have Heard on High,1aAeafs1i3amC6AKdm0E9P,7,2018,new-age,0.376,0.267,5,-15.024,1,0.0312,0.994,0.968,0.132,0.45,104.868,172841,4
Deuter,Manganu,08OIfm8XeOqJhn5Oe1Oe4P,16,2019,new-age,0.173,0.145,0,-22.957,0,0.0447,0.974,0.968,0.0619,0.0383,179.873,498453,3
Christine Brown,Guardian Angel,20FpKYD9AiWxWMfnGzTp5S,5,2014,new-age,0.394,0.154,9,-20.388,1,0.0413,0.992,0.907,0.0869,0.189,107.288,268560,3
David Arkenstone,Winter Is Coming,3p1t3SNFTHhjPJivAbepCr,9,2020,new-age,0.062,0.0648,2,-24.472,1,0.0532,0.945,0.982,0.0911,0.0301,66.927,250594,4
Spencer Brewer,Which Is Yes,3CcRhUUoTwU70HlFddybBr,23,2001,new-age,0.254,0.328,4,-17.674,1,0.0425,0.978,0.911,0.092,0.206,141.457,252800,3
Peter Kater,Solaris,7BO5bm4Rw7IimqdJcrnzlp,6,2005,new-age,0.185,0.204,0,-11.875,0,0.0345,0.971,0.915,0.0952,0.0375,68.586,450187,4
Greg Maroney,Lost in Time,3kja8JPyQxGzQPkPs6Q5rk,16,2022,new-age,0.166,0.155,7,-18.238,0,0.0363,0.991,0.783,0.107,0.0953,85.769,247500,4
Michael Whalen,Cupid Blindfolded,0G9aN6FoI1FohSeZ9xiB8H,14,2019,new-age,0.411,0.134,0,-19.994,1,0.0466,0.985,0.934,0.115,0.188,104.695,245400,4
Omar Akram,Waterfall,2b4nGVCxtQ7go9wv5z9rKJ,17,2021,new-age,0.327,0.15,0,-17.937,0,0.0525,0.988,0.885,0.101,0.168,59.604,317627,4
Mars Lasar,Spirit Walk,2xuW9BSD5hBOHKBCRUjAHE,4,2020,new-age,0.414,0.373,2,-14.488,1,0.0271,0.571,0.894,0.135,0.0667,82.974,292956,4
Nadama,Aloha Farewell,08OY6D3Kvm0XDzkdM12Cue,17,2015,new-age,0.157,0.0611,4,-22.534,1,0.04,0.977,0.925,0.112,0.0656,174.072,358293,3
Marcomé,All Alone,0UzH2LKNOelxYjNWdmx5x4,3,2006,new-age,0.191,0.102,1,-19.328,1,0.0331,0.881,0.00867,0.0979,0.0379,153.447,259227,4
Steven Halpern,"Deep Alpha 2.0, Pt. 10",5ynIJdKRw6jSqgy8weZQw0,9,2015,new-age,0.21,0.138,2,-16.575,0,0.0373,0.991,0.986,0.12,0.0741,121.821,259653,3
Cusco,Orpheus and Eurydice - Remastered by Basswolf,1BaKO7fqmOgUr8nyDVtAj7,5,2017,new-age,0.457,0.792,5,-6.57,0,0.03,0.384,0.936,0.143,0.322,105.009,356680,3
David Nevue,Joy,2JdSMLUVC06YWZ0Hug0vw0,8,2001,new-age,0.46,0.172,10,-21.18,1,0.0514,0.993,0.948,0.113,0.211,138.872,214893,4
Robin Spielberg,Away in the Manger,3h02Z5mONtRnM2kOPiZf36,2,2007,new-age,0.483,0.086,7,-20.417,1,0.0521,0.983,0.897,0.0953,0.337,100.543,205733,3
Nadama,Reflections,30vBQXHvH5G0xkNRuG87AR,15,2013,new-age,0.493,0.108,9,-22.301,1,0.0292,0.927,0.927,0.103,0.0762,103.951,425440,4
David Arkenstone,The Shore Of Kinsale,05RMcKzclFCZADqYwSEoco,10,2003,new-age,0.427,0.15,7,-15.577,1,0.0383,0.978,0.738,0.0985,0.322,74.968,260320,3
Joseph Akins,Present Moment,7stIRMhtDFzihSoZmThLNg,5,2007,new-age,0.317,0.0893,8,-17.881,1,0.0575,0.991,0.928,0.119,0.061,173.791,315973,3
Amethystium,Some Kind of Sunrise,5uD9TrkxvVM4M2zxChMgSI,14,2014,new-age,0.462,0.594,5,-9.667,1,0.0289,0.131,0.969,0.0584,0.044,109.969,276779,4
Tim Neumark,Waltz in F Minor,0DWA4HLs0KbwmAjz5mBgAg,25,2013,new-age,0.273,0.123,5,-20.489,0,0.0454,0.959,0.914,0.124,0.132,72.082,230067,3
David Lanz,Seoul Improvisation,46zt2ardMM4GkhIFvizVts,2,2012,new-age,0.489,0.0263,10,-18.729,1,0.0653,0.954,0.764,0.111,0.147,90.149,142573,4
Nicholas Gunn,Where the Buffalo Roam,0gla5JIe11GSrM4VoZK3cI,3,2003,new-age,0.328,0.758,6,-8.558,0,0.0396,0.00136,0.961,0.0846,0.117,131.039,331627,4
Shajan,Journey to the Heart,0J9w7xtl60PAXiKFEaeEES,5,2002,new-age,0.128,0.38,4,-13.353,1,0.0358,0.863,0.92,0.0777,0.0302,74.463,711627,4
David Arkenstone,The Deep Blue,4nQD9u00HguuEmC9F6heUZ,9,2006,new-age,0.293,0.408,9,-20.237,0,0.0403,0.877,0.973,0.254,0.35,81.898,499000,4
Ryan Stewart,Reflections (Solo Piano),7bfoh0fYkbdjmINewzvJGE,19,2015,new-age,0.27,0.299,2,-17.048,0,0.0391,0.981,0.892,0.108,0.0923,95.066,193880,4
Eric Tingstad,The Last Caballero,7wyZJM18ZMmj3zFFz402Jp,10,2017,new-age,0.548,0.453,10,-14.046,0,0.0268,0.647,0.861,0.111,0.493,92.519,235267,4
Kitaro,"Kokoro, Part II - Live",320ljbojk6J8qdPIZPegDQ,9,2014,new-age,0.124,0.304,5,-13.036,1,0.0441,0.578,0.209,0.875,0.0734,77.379,321947,5
Will Ackerman,Three Trees,7ksb3bzOs0xEIyTOgsBj1t,20,2021,new-age,0.397,0.114,8,-16.076,1,0.0313,0.991,0.953,0.0997,0.107,92.883,317387,4
Stanton Lanier,Desire,2bIXRQMDaWDQuhnYbPiQKA,1,2004,new-age,0.402,0.201,9,-14.998,1,0.0343,0.848,0.859,0.104,0.251,130.014,258427,3
Parijat,Gentle Touch,7EnIO9Q9g7SQ4PO8rQZ2Hn,31,2013,new-age,0.257,0.142,7,-15.59,1,0.035,0.98,0.129,0.0848,0.088,164.436,597680,4
Christina Vantzou,Small Choir,3NHVzKfiThQeeyG395TNFA,13,2011,new-age,0.118,0.107,0,-20.26,1,0.0439,0.964,0.922,0.0781,0.0283,65.643,222748,3
Clannad,Tá' Mé Mo Shuí - Remastered,1itAtNJo3B4wIQMiuOPPct,9,2012,new-age,0.401,0.111,2,-18.809,1,0.0357,0.92,2.96e-06,0.0981,0.264,77.948,192867,3
Robert Haig Coxon,Divine Feminine,2JeAavKYkfShcAiTYVJzvX,38,2019,new-age,0.124,0.0801,7,-22.132,1,0.0355,0.982,0.947,0.0888,0.0498,88.84,294720,4
Sayama,"As in Three, So in One",0MC3XoD125OTGgJFQaNWIo,11,2008,new-age,0.228,0.151,9,-20.7,0,0.0362,0.965,0.909,0.41,0.0879,137.866,529800,5
Enam,Shields,25KYJ5JgqRP7ffjk3DXjnm,9,2003,new-age,0.488,0.314,1,-12.942,1,0.0291,0.848,1.35e-06,0.0898,0.3,113.603,260627,4
Peter Buffett,Race Day,7HbBYA045Hys9pdNlTqxSM,0,2000,new-age,0.656,0.617,4,-9.835,0,0.0395,0.0592,0.738,0.101,0.444,107.257,160840,4
David Lanz,Along the Garden Wall,4NwxZ68tkt5YeOg3xpwuRw,6,2006,new-age,0.562,0.0447,10,-19.794,1,0.0675,0.979,0.894,0.0627,0.0954,56.739,207307,4
Brad Jacobsen,Awareness and Affirmation,41hJvHL9oC7IaF3z8zzECq,8,2020,new-age,0.418,0.0471,10,-19.678,1,0.0509,0.971,0.95,0.108,0.155,116.526,251173,4
Peter Kater,Interlude,0EWvaJGSxV0ph3e2Yo37T5,0,2002,new-age,0.208,0.376,9,-10.434,0,0.0345,0.766,0.921,0.158,0.165,62.541,120613,4
Ann Sweeten,Saying Goodbye,2kv1jhhim33rn4IpkOmwkq,3,2019,new-age,0.287,0.163,0,-16.801,1,0.0317,0.981,0.9,0.0938,0.0819,70.057,324973,3
Paul Cardall,"God, Our Father, Hear us Pray",1QLQmoEJdCrTFMZYvp6ODK,18,2000,new-age,0.341,0.0211,2,-24.433,1,0.0499,0.99,0.924,0.157,0.153,73.788,179347,4
2002,Gathering the Clouds,1gR5VJ8jjsP3v62DwAOFY0,19,2021,new-age,0.193,0.33,1,-13.098,0,0.0343,0.482,0.961,0.128,0.108,67.794,304053,4
Stive Morgan,The Master of Soul,67LKUU4R84LGOrj4ip2IW8,32,2014,new-age,0.56,0.598,4,-10.031,0,0.0323,0.66,0.886,0.0692,0.49,163.979,339563,4
Laura Sullivan,The First Noel,6h52QLbrHUVY3FlRi8Qg2K,10,2018,new-age,0.299,0.126,0,-18.358,1,0.0312,0.994,0.941,0.116,0.185,131.478,155866,4
Philip Wesley,Equestrian Dream,2DUP0gh2rY6Kp1FtS10HZN,13,2012,new-age,0.181,0.192,3,-19.774,1,0.0382,0.976,0.85,0.106,0.114,151.466,265053,3
David Arkenstone,May It Be - Celtic Sanctuary Album Version,1NddBXr4icsd30P0q1Wf1k,13,2006,new-age,0.207,0.16,9,-14.732,1,0.0358,0.963,6.22e-05,0.0863,0.165,100.607,214573,5
Deuter,Lily of the Valley,0XIMvlL8XShBPXLw5aElDL,18,2016,new-age,0.51,0.0461,0,-25.763,1,0.034,0.923,0.95,0.0704,0.0436,104.988,441627,4
Diane Arkenstone,The Treasure Caves,0oIIA1IPA6SwJGFyMwa8rB,7,2001,new-age,0.551,0.54,1,-11.318,0,0.0294,0.644,0.969,0.106,0.345,90.007,373333,4
Michael Hoppé,Prayer (for Dokdo),4J6mqC1bdRp023qs2U38gL,0,2007,new-age,0.377,0.0283,5,-21.29,1,0.0444,0.986,0.925,0.0863,0.0424,93.103,211813,4
Michael Hoppé,Far Away,1YKIlcSSn4mI69tyJn7XpY,31,2016,new-age,0.217,0.0697,3,-20.675,1,0.035,0.965,0.807,0.109,0.0352,80.451,315600,4
Kevin Kendle,Maia,31a66uQRgLSnTPuAAEdfZM,14,2008,new-age,0.187,0.205,10,-22.466,1,0.0369,0.822,0.941,0.104,0.0713,137.455,436440,4
Michael Jones,Evening,4CSCuULNt2UumwhlHH641X,5,2001,new-age,0.299,0.02,0,-28.719,1,0.0455,0.995,0.865,0.0454,0.136,181.48,317373,4
Greg Maroney,Rainforest Rainbows,34F3MiT7YSd1PdhfvYIIQ8,12,2022,new-age,0.106,0.0881,2,-24.858,1,0.042,0.871,0.922,0.0924,0.111,59.597,315800,3
Yanni,Ladyhawk,2swr6QchrIjN7cLu9z3hhy,22,2019,new-age,0.33,0.202,0,-15.526,1,0.0353,0.99,0.923,0.0866,0.21,77.451,236840,4
Robert Haig Coxon,Pure Joy,2nSlskCdRA299KNgQW1BS6,16,2011,new-age,0.284,0.138,8,-15.587,1,0.0389,0.953,0.692,0.138,0.0955,149.784,364627,3
George Davidson,The Hungry Years,4V2HJNSM2pJGHVzokqiGkN,7,2000,new-age,0.178,0.0812,0,-23.287,1,0.0383,0.985,0.87,0.0825,0.0858,84.019,223425,4
Edelis,Phoenix's Dreams (Remastered 2023),0OkeMiL9VLFW210qP8iV1b,2,2023,new-age,0.618,0.422,0,-16.182,1,0.0481,0.0844,0.942,0.0792,0.0461,170.006,210000,4
Peter Kater,Passage Of Time,5Yzs8TkA1zQlMwjQeWwV6q,9,2022,new-age,0.591,0.308,0,-15.859,0,0.0316,0.976,0.91,0.136,0.0484,120.008,264507,4
David Lanz,Liverpool (feat. Walter Gray & Gary Lanz),2vk8BqF6HLdVSRCsRZaqmB,2,2010,new-age,0.533,0.255,7,-15.602,1,0.0374,0.959,0.826,0.0936,0.0723,114.234,181160,4
ICE-T,That's How I'm Livin',7BemqBHyj1A5gRPimf05dl,12,2019,new-age,0.856,0.654,1,-11.945,0,0.262,0.0791,0.316,0.173,0.605,103.516,278640,4
Jeremy Weinglass,I Don't Wanna Miss a Thing,18cSEBDqVlXckxOEHvIVxt,22,2008,new-age,0.371,0.109,2,-20.265,1,0.0424,0.976,0.88,0.0983,0.131,136.695,234507,4
Jim Brickman,In The Wee Small Hours Of The Morning,0JOKoiZkKvxBfc3v2JIUkE,10,2020,new-age,0.443,0.0849,0,-17.605,1,0.0448,0.98,0.935,0.102,0.133,111.09,223670,4
Vangelis,Out in Space,5j9VnclvG1XrE4R04KxBGv,23,2021,new-age,0.173,0.327,9,-18.53,1,0.0399,0.735,0.971,0.114,0.038,117.85,254200,3
Steven Cravis,Fields of Gold,4Pi0rwBn1VvoBkY2kQX25z,22,2007,new-age,0.387,0.154,2,-19.692,1,0.0468,0.99,0.86,0.101,0.105,104.142,202494,4
Enigma,L'Histoire De 'Absolvo',69bSMFHDBYc6LDhZ22ejwJ,9,2016,new-age,0.518,0.242,9,-20.912,0,0.52,0.61,0.0,0.374,0.835,134.059,87413,1
Peter Kater,My Beloved,7KRdnez58fVllkKDoStOOn,10,2014,new-age,0.188,0.142,2,-15.806,0,0.0334,0.983,0.867,0.0788,0.105,78.3,277667,3
Vangelis,Tender Memories,7xZW0lwguLkwE5MBJM7WSu,22,2004,new-age,0.207,0.0259,2,-27.97,1,0.0334,0.918,0.89,0.11,0.157,85.764,178840,3
Steven Halpern,"Effortless Relaxation, Pt. 4 - (Bonus) Remastered",0GolvYRoszV85XxNKhzDMD,5,2014,new-age,0.224,0.0416,5,-25.075,1,0.0409,0.965,0.939,0.0928,0.0382,69.979,313493,4
Christine Brown,Moonlight Lullabye,5gFtCY1rjhC8zNFSnSTCPl,10,2020,new-age,0.291,0.0627,4,-21.928,1,0.0445,0.988,0.919,0.0883,0.123,73.97,290432,5
Guido Negraszus,Valley of Dreams 2,2SOWryaHI10gmdhiS9vR4u,0,2004,new-age,0.13,0.269,1,-13.305,0,0.0323,0.402,0.373,0.0854,0.0349,88.731,261000,3
Richard Souther,Little Drummer Boy,1lj22EWB7weMuXh4PWD9wZ,0,2004,new-age,0.524,0.414,7,-15.424,1,0.031,0.0177,0.347,0.0907,0.143,94.005,195853,4
Back to Earth,Heart Over Mind,40lSvwG432cce97aEBAhai,27,2002,new-age,0.23,0.146,0,-20.28,1,0.0336,0.925,0.939,0.378,0.111,145.637,195093,3
Greg Maroney,Prelude,4KVoIbglycPhFkRcnfescs,4,2019,new-age,0.275,0.00742,4,-28.987,0,0.0459,0.989,0.93,0.0949,0.0374,79.264,389800,4
Yiruma,May Be,4sZZO6RuWtFfspghszajFW,12,2012,new-age,0.463,0.119,1,-22.348,1,0.0526,0.992,0.9,0.093,0.107,112.794,240698,4
Steven Halpern,Crystal Karma 2.0,5rZTdWJQWw3P0dLNh14qVx,18,2018,new-age,0.137,0.05,7,-24.787,1,0.0419,0.973,0.884,0.0911,0.03,142.604,310280,3
Robin Spielberg,Flying,1voaDIX2wjphkYvMnRFQlk,3,2000,new-age,0.34,0.191,9,-15.64,1,0.0518,0.991,0.88,0.0801,0.149,77.595,392400,4
Doug Hammer,In the Bleak Midwinter,01V3LOnN0LAH0RZWnBNrjj,10,2012,new-age,0.562,0.00966,5,-26.828,1,0.069,0.993,0.957,0.0848,0.356,70.102,224813,4
Jim Brickman,Amber Waves,4t7C6bOOFFlMLlClJ7tIqZ,1,2016,new-age,0.406,0.159,7,-14.867,1,0.0473,0.983,0.895,0.106,0.144,119.673,159671,3
Troika,The Warrior,25T5YJ32lwLjkgj0mDWaMr,1,2003,new-age,0.305,0.592,0,-11.323,0,0.0339,0.686,0.775,0.157,0.348,100.012,307987,4
John Albert Thomas,Fly Away,4IDWBCIuzl2r734CXrllhv,15,2011,new-age,0.282,0.09,2,-22.366,1,0.0497,0.984,0.912,0.0863,0.164,71.216,221480,3
Clannad,You're the One - Remastered,2NsbXXTmKOwtcYDcee3s60,20,2012,new-age,0.55,0.29,2,-11.76,1,0.0282,0.529,3.62e-05,0.123,0.164,141.966,233093,3
Steven Halpern,ADHD Mindful Music for Enhanced Focus (part 4),7x12ABIQJvPetQO7XMVPZQ,14,2019,new-age,0.0579,0.0194,2,-26.155,1,0.0495,0.988,0.979,0.32,0.0381,52.28,449419,4
Govi,Baile Del Corazon,19gdGGjSNzy3jqfII9Qfbd,8,2004,new-age,0.66,0.58,1,-12.436,1,0.0308,0.773,0.929,0.111,0.763,96.012,319360,4
Lisa Lynne,A Bountiful Life,4JXjKiassQ0xSuvZEojrH4,18,2011,new-age,0.512,0.341,5,-9.987,1,0.0245,0.937,0.772,0.108,0.202,93.033,280013,4
Tim Neumark,Orbit,1u3WokJjUIrJdMC5mtjCoc,30,2015,new-age,0.225,0.238,0,-18.527,0,0.0412,0.968,0.909,0.0793,0.0497,150.069,267493,4
Enaid,The Silver Branch Tree,0RRXCsSguQenW8zFc7j3MZ,20,2010,new-age,0.473,0.288,11,-21.656,0,0.0455,0.959,0.0207,0.535,0.23,104.012,302600,3
Omar Akram,Rejoice,7FbTB4D1pMpwR4twBzNunB,17,2012,new-age,0.543,0.599,7,-7.619,0,0.03,0.454,0.326,0.0722,0.53,167.889,162240,3
Laura Sullivan,Arnulfo,79IP6jOFiqg57jOQlpRtBg,15,2020,new-age,0.418,0.0206,5,-27.653,1,0.0538,0.991,0.95,0.145,0.194,127.187,264624,3
Yanni,Reason for Rainbows,364WSFj67uOvPUBwSulAHZ,16,2000,new-age,0.246,0.5,11,-10.979,0,0.0372,0.174,0.927,0.114,0.209,193.5,364093,4
Guy Sweens,Siddharta's Journey,3lFiXUYkVuzAqvv1jaxqh1,24,2005,new-age,0.175,0.342,0,-13.113,0,0.0323,0.523,0.102,0.0833,0.0979,86.174,559187,4
Janie Becker,Castles In The Air,6fYAoAtK407geRAsYgK7oL,33,2008,new-age,0.373,0.052,11,-23.511,1,0.0383,0.957,0.913,0.11,0.182,97.154,160440,3
Vangelis,Conquest of Paradise,2orq90dMMUCTC4ZBmF2SPn,0,2023,new-age,0.422,0.275,2,-15.641,1,0.0273,0.645,0.703,0.076,0.128,73.985,293107,3
Craig Urquhart,Ballooning,5zKg0jsvogKVaZPyCdJQ5m,13,2022,new-age,0.407,0.066,5,-21.939,1,0.0465,0.987,0.884,0.0985,0.124,72.083,220283,5
Jim Chappell,Trial Separation,7DqRNRChYF4SxjDLv8n608,0,2010,new-age,0.446,0.28,5,-13.457,1,0.0785,0.965,0.922,0.109,0.0665,112.907,316400,4
Peter Kater,The Rain Speaks Her Name,6mxE4PUPCZ1avtJn8DooF6,8,2018,new-age,0.256,0.296,11,-15.217,0,0.0297,0.902,0.926,0.0746,0.0587,141.956,316760,4
Paul Cardall,Monday Morning,25BMZ66WDgWVRvlr12vyv1,6,2008,new-age,0.396,0.101,2,-18.204,1,0.0355,0.95,0.889,0.0865,0.115,128.053,171960,4
Steven Halpern,"Stop Smoking, Pt. 12",4x4BQGTmyyB9C7CM43GAkP,6,2012,new-age,0.138,0.158,0,-19.47,1,0.0526,0.793,0.136,0.107,0.0721,64.231,312387,3
Steven Halpern,Om Zone 2.0 - VI,1f4WQuguW2AJYIOtIX9T30,17,2008,new-age,0.179,0.0721,11,-21.613,1,0.0502,0.954,0.957,0.336,0.0274,80.513,335040,3
Kitaro,Time and Space Cry,4HeIZbGe2S3WZ9n6dzhbFL,8,2017,new-age,0.574,0.313,9,-17.665,0,0.0313,0.694,0.0499,0.0599,0.102,104.944,371280,4
Lynn Yew Evers,Sunset Ballet,0VI3ls5lHoOqeUElNo14RD,14,2020,new-age,0.396,0.093,7,-16.043,1,0.0378,0.989,0.94,0.112,0.13,96.919,202025,3
Michael Jones,Echoes,41TuqqRoSinKmhjqsRm2JG,8,2002,new-age,0.314,0.0812,1,-24.881,1,0.0533,0.987,0.86,0.123,0.092,142.264,412587,4
Aine Minogue,Noel Nouvelet,5NXUQWedtesOT1qwVJog29,9,2007,new-age,0.66,0.326,0,-14.625,0,0.0334,0.969,0.858,0.115,0.377,113.536,165800,4
Jennifer Haines,"Noel Nouvelet/ Veni, Veni Emanuel",4RxudGiuv4Xsmi95aaxBfA,6,2006,new-age,0.356,0.0874,4,-22.189,0,0.0495,0.993,0.885,0.101,0.206,118.567,222107,4
William Joseph,Within,2iU1xHzVXmyZZiOzGBGtWg,31,2004,new-age,0.233,0.518,2,-12.699,0,0.0425,0.779,0.955,0.0745,0.124,70.051,180493,4
Bernward Koch,Norwegian Memory,2w8AXMx1uclzKXY7nqCY13,20,2007,new-age,0.383,0.02,8,-24.509,0,0.0692,0.985,0.95,0.0969,0.38,163.413,123440,4
Clannad,Buachaill on eirne,0cA79eFIEFIyXj5Q5fJK1c,14,2013,new-age,0.249,0.323,0,-16.631,1,0.0517,0.852,0.000291,0.757,0.259,155.959,210187,4
Kevin Kern,The Glistening Pond,5GAiFL08LfXY47bDieyVJp,17,2009,new-age,0.329,0.0994,10,-16.724,1,0.049,0.993,0.93,0.114,0.292,72.314,316093,3
Jim Brickman,We Wish You A Merry Christmas,73pcHkUzQTD3IqYrHfqUf8,11,2016,new-age,0.396,0.178,7,-18.478,1,0.0394,0.977,0.946,0.132,0.241,140.95,229853,4
Tim Janis,Ever Enchanted,0LiXP4oKKpcxseCO3mcOqk,7,2021,new-age,0.314,0.222,9,-16.192,1,0.0326,0.785,0.935,0.084,0.0497,66.998,210000,3
Mike Oldfield,Moonlight Shadow,3pA45WP7TT0XUd25IsajNB,29,2022,new-age,0.588,0.547,1,-9.793,0,0.0323,0.476,0.0,0.146,0.546,127.994,421587,4
Ryan Stewart,One Step Closer (Solo Piano),2f9W5GCfIgNdI333fhhUFU,6,2015,new-age,0.318,0.104,10,-20.861,0,0.0334,0.994,0.94,0.113,0.118,77.784,247213,4
Ann Sweeten,Ave Maria,5H3ce8KYeigUQBSqcxgQGU,1,2001,new-age,0.347,0.0486,10,-20.21,1,0.039,0.988,0.928,0.125,0.144,76.841,175667,3
Michael Whalen,A Forest of Feelings,01PxyV572GWQvdvwMyc2zG,4,2013,new-age,0.229,0.0339,2,-19.003,0,0.046,0.993,0.878,0.0624,0.039,72.326,293173,3
Wayne Gratz,Daybreak,1nK9Tq8uEQShojsqe9xIrt,7,2021,new-age,0.336,0.312,5,-18.144,1,0.0397,0.982,0.904,0.0896,0.218,126.176,223717,4
Gregorian,Sweeter the Bells,7zwzroZsPTEsDfzeLP8c8G,13,2006,new-age,0.372,0.345,5,-10.104,1,0.0306,0.641,0.0773,0.106,0.144,105.935,208333,3
Jim Brickman,"It’s Quiet Uptown - From ""HAMILTON""",1y4flruMHPTpUuLeNxRlp7,6,2020,new-age,0.426,0.203,10,-17.052,1,0.0447,0.983,0.917,0.17,0.305,133.236,288062,4
George Skaroulis,Stepping Stones,0KnJanHHYOY4idbGQXh8rU,34,2015,new-age,0.402,0.0291,11,-20.495,1,0.0524,0.98,0.956,0.109,0.0477,101.647,198280,4
Ken Davis,Olympia,3MWEBLWqYXU9Hm5i9jMUEw,14,2004,new-age,0.216,0.406,10,-16.347,0,0.0443,0.986,0.944,0.439,0.0385,127.487,286307,4
Back to Earth,The Magic of This Moment,0pVNi8vebjMyWGaSnKCnF6,19,2023,new-age,0.187,0.1,0,-19.541,1,0.0386,0.977,0.91,0.108,0.0667,145.114,279457,4
Bernward Koch,Still Magic,2CKrHUFnRa4uGnin0ci4Ic,0,2000,new-age,0.63,0.368,9,-14.923,0,0.038,0.826,0.819,0.0817,0.212,88.063,204573,4
Deuter,Chomolungma,3AZpPJbSV80SNa04GHtYub,13,2005,new-age,0.0703,0.00938,0,-34.929,1,0.0406,0.913,0.847,0.0747,0.0346,59.928,677333,4
Christopher Boscole,A Simple Song,6tV5QpTdUEKquBriaIc7Ti,4,2022,new-age,0.385,0.108,2,-21.577,1,0.0553,0.994,0.92,0.0744,0.0985,134.403,318303,4
Michele McLaughlin,O Christmas Tree,45cW4U8Q3WFWLdvc3UXLLD,25,2010,new-age,0.389,0.0824,0,-23.171,1,0.0397,0.986,0.879,0.14,0.236,100.289,211800,4
Ryan Farish,Learning To Fly,2U4ce2eVOYXxe3JET5wYYH,16,2008,new-age,0.573,0.743,4,-8.804,0,0.0307,0.446,0.875,0.376,0.0684,103.019,237400,4
Deuter,Lotus,2R0iLVHmdoMWQzOdexFJg3,17,2001,new-age,0.152,0.13,3,-20.543,0,0.0344,0.534,0.193,0.105,0.0381,137.565,472720,3
Dean Evenson,Wind Song,6iXkrFK0wpHHfrYUzC8Hn0,8,2007,new-age,0.646,0.134,0,-19.716,1,0.0559,0.993,0.887,0.45,0.372,132.311,376653,4
Jim Chappell,Sweet Little Child,5U6LoHpk4SqaYOiNjiXp2Q,13,2021,new-age,0.434,0.00473,9,-24.115,1,0.0525,0.995,0.957,0.0933,0.258,69.063,188000,3
Greg Maroney,Rainbow's End,330cOZ3UdOcA7yV99sqvN8,4,2011,new-age,0.291,0.155,5,-19.107,1,0.0461,0.956,0.892,0.121,0.183,95.134,199507,5
Steven Halpern,Affirmations to Support Sobriety and Recovery (Part 3),00QOacYhjB9SeSFh3HqNFP,3,2014,new-age,0.202,0.0373,9,-30.89,1,0.0484,0.985,0.939,0.0974,0.0487,72.844,220450,3
Medwyn Goodall,Snow in Africa,043SAwub2VNyR34EtuZvd4,0,2001,new-age,0.639,0.312,5,-22.851,0,0.0324,0.742,0.938,0.0671,0.292,119.999,408293,4
John Adorney,Safe Haven,2y04qB38Ls5SqiaLPkyhTO,8,2009,new-age,0.545,0.558,7,-9.886,1,0.0243,0.379,0.958,0.0951,0.69,104.987,244680,4
Shastro,Kawela Oasis,1C3rlgix1bILdvVhESAWyd,7,2001,new-age,0.582,0.367,5,-13.876,0,0.0423,0.211,0.291,0.0929,0.604,174.863,294493,4
Michael Hoppé,How Do I Love Thee?,61xo64NJDrsGQneXEp9N8E,2,2007,new-age,0.485,0.353,5,-14.52,1,0.361,0.558,0.0742,0.12,0.287,85.58,72720,5
Craig Urquhart,Renewal,3PwVixVy9uoogv7AwfgAFx,1,2023,new-age,0.349,0.0775,2,-21.954,1,0.0477,0.99,0.932,0.11,0.111,74.29,222588,3
Llewellyn,Sunrise,6HAcrlSV8RbQqBnjx6Hs7G,23,2000,new-age,0.347,0.0974,0,-21.955,0,0.0363,0.969,0.855,0.117,0.0678,167.795,523360,4
Robin Spielberg,On Top of Old Smokey,5tA88ooJ36sJQSM68cSxfj,9,2000,new-age,0.506,0.0624,0,-20.515,1,0.0413,0.992,0.944,0.106,0.385,144.35,191583,3
Jim Brickman,Rock A Bye Baby,2VeOOGewQIde2t3NH2B220,6,2004,new-age,0.269,0.0587,0,-21.802,1,0.0446,0.99,0.942,0.0909,0.275,68.723,205547,4
Dean Evenson,Mellow Tone,1zhwxaJXkfjz9hb4kQ5CbZ,11,2011,new-age,0.0607,0.0967,9,-23.784,0,0.0403,0.978,0.936,0.12,0.0374,64.217,580067,3
Paul Cardall,Embraced,4ptnnWStUAzaXLJcJCMG5R,21,2004,new-age,0.231,0.0378,8,-20.849,1,0.0394,0.973,0.869,0.0908,0.0398,119.793,191320,4
Paul Cardall,A New Creation,3IicTb2CXw7022RDA7pK8E,26,2016,new-age,0.178,0.114,2,-22.031,1,0.0411,0.306,0.929,0.309,0.0387,73.531,260080,3
Peter Sterling,The Elven Queen,4chtXsevWUleknqXmj1LyB,4,2021,new-age,0.361,0.274,10,-17.98,1,0.0323,0.765,0.194,0.0714,0.241,122.407,324893,4
Robin Spielberg,A Change Of Season - 10th anniversary edition,5pHtKqzmtEgCuA4L9JIhKQ,0,2004,new-age,0.407,0.144,3,-21.192,1,0.0477,0.991,0.892,0.104,0.185,127.233,260747,4
Steven Halpern,4th Chakra Keynote F (green),1wRbsM89uReG52ejd1mFcn,10,2020,new-age,0.366,0.0148,5,-25.991,1,0.0499,0.991,0.9,0.0935,0.0356,63.889,196173,4
Omar Akram,Mirage,50QiLOMd6oDEXrPU8EqKYu,15,2007,new-age,0.621,0.59,2,-12.206,1,0.0387,0.694,0.823,0.0921,0.678,102.012,272573,4
Mike Oldfield,Misty,11lueMiS0z8ryknABibNsd,21,2002,new-age,0.625,0.632,4,-12.957,0,0.0384,0.276,0.37,0.102,0.368,166.238,239040,4
7and5,Whisper To Me,6blIHQkdTaINcYed2yx6mD,20,2006,new-age,0.599,0.549,5,-10.607,1,0.0368,0.266,0.717,0.12,0.323,87.99,243119,4
Daniel Kobialka,Watercolor I,5FVOJGRjcYrgMZuWODrWHA,2,2013,new-age,0.0928,0.213,6,-18.489,0,0.042,0.917,0.983,0.0902,0.0473,85.652,271120,4
Greg Maroney,November's Cascade,227liHa6epohcBf7y6l83i,1,2001,new-age,0.242,0.118,1,-18.754,1,0.0402,0.987,0.897,0.0769,0.135,66.169,298240,3
Steven Halpern,Optimal Health (part 13),0MEAfxi4iASBXLXoObZLvM,14,2016,new-age,0.153,0.0333,5,-28.472,1,0.0539,0.955,0.95,0.0926,0.0397,71.255,319239,4
George Winston,Making A Way,3Seicc46xmtzCEz6jjyOqw,30,2022,new-age,0.572,0.00282,2,-22.044,0,0.152,0.994,0.544,0.103,0.607,130.71,108093,4
2002,Traveler Winds,6SQ43N7CkjCShSJYJ1eJVA,22,2006,new-age,0.168,0.301,8,-16.474,1,0.0331,0.981,0.952,0.112,0.0386,96.518,342667,3
ICE-T,Mind over Matter - 2014 Remaster,2Vc2IMAEvUCnytwKSlbfpO,8,2014,new-age,0.797,0.782,7,-10.377,1,0.254,0.069,9.2e-05,0.185,0.73,96.968,253040,4
Tomasz Bednarczyk,Episode Eight: Catbient,1rRfWCCMFgLkTPU91KyxkV,15,2023,new-age,0.0573,0.000188,8,-27.843,0,0.0499,0.974,0.902,0.102,0.162,68.095,2460000,4
Jim Brickman,"O Come, All Ye Faithful",0M8OtLYwcAqPdbo4iBLQgZ,9,2009,new-age,0.37,0.144,0,-17.339,1,0.0385,0.986,0.911,0.156,0.243,131.703,206093,4
Llewellyn,The Ancients,63VPOd0P44t0H5bW0Cvmas,0,2007,new-age,0.618,0.283,7,-17.414,0,0.0317,0.668,0.406,0.0851,0.409,120.013,450827,4
ICE-T,How Does It Feel,3GoHwps74dwyF6dtQa4qjc,5,2019,new-age,0.733,0.63,9,-8.005,0,0.157,0.325,3.59e-06,0.14,0.705,143.061,270133,4
Gary Girouard,Aurora's Bed,2qfo6U64zgpescJZetbrFL,18,2012,new-age,0.312,0.125,5,-20.012,0,0.0383,0.974,0.908,0.159,0.058,137.429,265667,4
Tom Barabas,Endless Time,0wwrWkjf5CasOMRqMpBHSZ,0,2002,new-age,0.457,0.205,4,-16.087,0,0.0329,0.951,0.934,0.114,0.0954,123.56,341893,4
Bill Douglas,Earth Prayer,6f8ZNaaUOf8b1zeVZmwYM3,3,2000,new-age,0.199,0.25,7,-15.096,0,0.0381,0.976,0.957,0.0958,0.0568,113.89,259880,3
David Arkenstone,Forest Journey,6ZAl2ei66RJFmyu0jfhU2o,1,2010,new-age,0.611,0.666,7,-11.872,1,0.028,0.481,0.481,0.0793,0.353,129.964,278307,3
Gregorian,Crying in the Rain - New Version 2020,1JdBiP3VSLdAd3BZjzVzn5,12,2019,new-age,0.5,0.61,2,-9.785,1,0.0298,0.53,0.184,0.353,0.277,87.949,276813,4
Steven Halpern,Brahms' Lullaby III - With Subliminal Suggestions,7B4G1RtjaTNi5NbVovqj4i,3,2004,new-age,0.288,0.0417,0,-23.143,1,0.0488,0.986,0.919,0.118,0.0659,200.645,402973,4
Steven Halpern,Amazing Grace,7DgaRtthXwhK6XHEB1Hqbr,3,2007,new-age,0.325,0.0856,0,-21.45,1,0.0481,0.988,0.914,0.0758,0.0777,108.357,495853,4
Bill Douglas,Azure,3KJva67Rr65KQgl55Y9kcJ,6,2004,new-age,0.481,0.106,0,-19.328,0,0.0477,0.994,0.892,0.142,0.328,101.197,193547,4
Paul Cardall,"Jesus, The Very Thought of Thee",2Cad8GiMP2uyIPKj7NcYpI,21,2000,new-age,0.246,0.00918,7,-26.404,1,0.0391,0.979,0.954,0.128,0.271,84.579,155360,4
Jennifer Thomas,The Red Aspens,4TKRzLfa7mfE4A7NfxmADE,23,2006,new-age,0.322,0.113,0,-18.916,1,0.0621,0.982,0.915,0.077,0.0969,103.821,236000,4
Tim Janis,Ocean Rose,2fnTR7cIVqkMHZx35R9D5C,3,2014,new-age,0.184,0.529,2,-7.808,1,0.0329,0.677,0.932,0.11,0.135,87.248,181920,3
Llewellyn,A Place of Light,49pPKMf4ictp8EImsGqLh9,13,2018,new-age,0.0945,0.166,6,-22.679,1,0.0365,0.533,0.928,0.184,0.0397,71.964,302680,5
Yanni,Enchantment – in His Purest Form,32voPwb3iu6bzbXzXbJPMN,4,2020,new-age,0.219,0.252,0,-14.299,0,0.035,0.991,0.906,0.232,0.0887,93.433,226023,3
Barbara Higbie,Made It Through,18nennujbQsZMlkHi9XTv3,3,2019,new-age,0.277,0.0777,0,-17.838,1,0.0524,0.944,0.925,0.119,0.115,62.128,228893,4
Kevin Kendle,Butterfly Meadow,2Du5mWHE73qt6QSGl1wWqy,2,2003,new-age,0.483,0.276,1,-13.004,1,0.0293,0.975,0.927,0.163,0.0748,95.985,429347,4
Jim Brickman,Night Light,28nwDUVwTV2Iz88lZhWnRZ,14,2015,new-age,0.214,0.0926,7,-19.38,1,0.0328,0.887,0.955,0.098,0.0419,94.452,313184,4
Terry Oldfield,Jai Ram,1Cc1I3HB96admVHocdlpj9,14,2022,new-age,0.481,0.48,1,-10.169,0,0.0322,0.923,0.0568,0.0904,0.273,77.034,323560,4
Medwyn Goodall,The Quest,1sTX0rT1gxEGny0swezLq4,0,2003,new-age,0.603,0.296,4,-22.939,1,0.0338,0.475,0.0101,0.9,0.23,98.524,445440,4
Rhonda Mackert,Silent Night,4Ne5qhfdGXf3LKtrvqSGsZ,1,2015,new-age,0.36,0.0617,0,-23.652,1,0.047,0.985,0.926,0.11,0.231,94.116,244560,4
Nadama,Radiant Being,0zFLYFmtPTohW5kR3dJxge,13,2005,new-age,0.55,0.0576,3,-22.829,1,0.0337,0.941,0.886,0.107,0.0397,120.001,374267,3
2002,Memory of Tomorrow,3HZFvmgS2GwhhOzkTdG1Du,13,2018,new-age,0.292,0.28,5,-11.886,1,0.0311,0.853,0.915,0.0751,0.0353,91.9,266800,3
AH*NEE*MAH,Kiva Ceremony,1xm5qV59uicEWxZMpK3odt,3,2000,new-age,0.551,0.457,4,-16.285,0,0.0369,0.495,0.867,0.104,0.412,88.961,334960,4
Celer,A2,6KoUaOws1SQIMOv4HmpIfU,4,2019,new-age,0.14,0.006,0,-34.428,1,0.0433,0.996,0.825,0.0934,0.0318,73.871,353403,4
Starr Parodi,Albinoni's Adagio (In Sol Minor),3Z3D4jXIv03X5sOcXJnna2,5,2006,new-age,0.383,0.0758,7,-18.235,0,0.063,0.978,0.863,0.105,0.0857,73.67,363893,3
David & Steve Gordon,Rainforest Sunrise - Om Mix,191S0wjoUek5piXIM7oBod,4,2005,new-age,0.198,0.271,1,-18.13,0,0.0393,0.325,0.84,0.491,0.0962,120.216,360440,5
Greg Maroney,Fairy Dance,4lxObgqDumMYs0jHlslmvO,12,2015,new-age,0.282,0.17,7,-19.74,1,0.0395,0.988,0.927,0.1,0.11,144.674,253093,3
Peter Sterling,Wanna Hula,064cFWqrPukiRsIf5KvFIY,6,2005,new-age,0.361,0.42,10,-9.876,1,0.0271,0.825,0.937,0.0905,0.221,100.567,285587,4
Saint-Preux,Adagio Pour Piano,4Ggn6NG0WhAEZpY150lhzi,34,2008,new-age,0.409,0.152,9,-17.746,0,0.0355,0.966,0.903,0.117,0.097,130.725,243760,4
Michael Whalen,The Muse,00EsdxAxRz5XeG1hj4aBWy,8,2019,new-age,0.32,0.139,4,-21.294,0,0.0462,0.989,0.927,0.0789,0.119,65.468,236453,3
Laura Sullivan,Starlight on the Shannon,6j7q3v4lRsYUw3r5rxTVwW,24,2015,new-age,0.0847,0.0337,6,-15.105,1,0.0398,0.992,0.941,0.0941,0.0368,70.474,332102,5
Suzanne Ciani,A Sonic Womb: Live Buchla Performance at Lapsus - Full Concert,3dEjFMytwiyaaWCziHXlOX,4,2020,new-age,0.437,0.515,5,-21.748,1,0.521,0.856,0.805,0.125,0.0394,154.128,2306168,4
John Tesh,L-O-V-E,25P5kTB2cBKJzQ3p6HFM8h,6,2012,new-age,0.614,0.578,2,-5.171,1,0.0374,0.402,7.06e-06,0.101,0.702,139.92,320547,4
Yanni,The Final Confrontation / Carol's Theme / Sisters In Pain / Sonny's Death,6X8O9EL19E3eakJ8EEhxPX,14,2022,new-age,0.138,0.0102,0,-27.277,0,0.0406,0.746,0.0407,0.0848,0.0337,149.127,363333,4
Mike Oldfield,Closer,0umg33nMcAtGPCTc1GnuRR,15,2005,new-age,0.416,0.056,2,-25.001,1,0.0361,0.98,0.901,0.109,0.099,131.916,171813,3
Thierry David,Mind's Eye,0Wb4S4n0JG84vqAX9TmqEf,0,2000,new-age,0.211,0.161,7,-20.842,0,0.0392,0.0886,0.919,0.119,0.0328,109.716,134760,4
Jane Leslie,Undeniable,2hEYTsIp6QyYifjASvHFGw,2,2000,new-age,0.422,0.021,10,-21.334,1,0.0565,0.939,0.905,0.0766,0.143,87.874,242133,4
Himekami,氷琉 - Fuji Version,584lvAafoEKNWfy0bt1XM0,10,2016,new-age,0.244,0.241,8,-16.87,1,0.039,0.899,0.834,0.1,0.0975,108.238,289800,1
Gomer Edwin Evans,La Inmensa Belleza de Nuestra Naturaleza,0MjklwhLwSKU7BDjzTMw8B,7,2014,new-age,0.641,0.148,10,-10.173,0,0.032,0.972,0.633,0.0888,0.275,114.006,736387,4
Tim Story,Perhaps,6Q2bIJnsrFqfiIaWDpT0eI,12,2001,new-age,0.0643,0.156,1,-18.181,0,0.0389,0.985,0.956,0.115,0.0465,65.215,286227,4
Dean Evenson,Solar Tones,4E4s13xzzz9tth1TSQieoz,11,2014,new-age,0.147,0.137,4,-14.348,1,0.0407,0.948,0.455,0.0888,0.0297,74.378,221440,4
Lisa Lynne,The Light & The Longing,2F0efFsPtku1MXMAenseMn,4,2002,new-age,0.305,0.0514,7,-21.439,0,0.0375,0.966,0.876,0.105,0.0659,78.335,315977,3
Deuter,Healing Circle,7nWxX8qMQztovBe1ryMtk4,12,2002,new-age,0.0771,0.0144,5,-29.673,1,0.0446,0.981,0.894,0.0989,0.0309,80.194,727933,4
Christian Lindquist,2010-May-15,2eqvmEbMRwIDdh24hNrpue,3,2010,new-age,0.304,0.00677,10,-27.942,1,0.0616,0.993,0.934,0.103,0.132,70.453,265080,3
Gregorian,Human,7mX8vp3BosC7NBefpNMk4m,9,2011,new-age,0.291,0.382,10,-10.36,1,0.033,0.717,0.0446,0.195,0.142,115.982,300013,4
AH*NEE*MAH,Shadows of the Centuries,1uRgSd2boBmCuOug0UPQEj,6,2000,new-age,0.328,0.335,5,-17.156,1,0.0434,0.746,0.951,0.113,0.0999,73.978,411827,4
Mike Oldfield,Sunset,0sURFOhZtrYxL6NYvcRp1L,18,2005,new-age,0.558,0.491,4,-11.644,1,0.0241,0.333,0.774,0.0974,0.149,99.012,285080,4
Jim Brickman,A Piece Of Heaven,4hpw6hOg37cYt1PxBBsXwr,4,2020,new-age,0.265,0.049,0,-21.15,1,0.032,0.977,0.751,0.116,0.0813,88.627,229441,3
Dean Evenson,Third Eye Tones,5rlhxNm98av8bbZy2qXFUM,10,2014,new-age,0.0921,0.121,2,-15.866,1,0.0408,0.978,0.955,0.11,0.0245,70.789,221987,3
Fariborz Lachini,Fereshteh,21GhHvx5f0oTw3alRqIRp7,2,2018,new-age,0.638,0.16,4,-17.163,1,0.0411,0.983,0.86,0.117,0.12,73.299,317056,4
Michele McLaughlin,Across The Burren,3h0FV6nnJlNdCoAmy3HXLj,45,2008,new-age,0.248,0.47,9,-12.102,0,0.0422,0.94,0.447,0.0772,0.704,188.044,182773,3
Brian Crain,Fly Away (Piano and Cello),4Hee9Sr2eSsEKXfEkj8bZT,16,2016,new-age,0.195,0.218,5,-13.507,1,0.0352,0.988,0.882,0.112,0.0964,90.454,215132,5
Peter Kater,Emergence,0TK1QDQt10p4w4cKD9KmsY,0,2006,new-age,0.554,0.771,4,-12.569,0,0.0283,0.196,0.948,0.355,0.67,95.677,246227,4
David Arkenstone,The Water's Edge,6jeMctFCaVqA9eIkG6jK37,4,2006,new-age,0.373,0.555,1,-20.369,1,0.103,0.917,0.964,0.852,0.591,98.211,439013,4
Secret Garden,Song From a Secret Garden - Live,5RmtE3l0wJj0ThXUeqtd4G,19,2016,new-age,0.114,0.465,0,-9.851,0,0.0925,0.933,0.949,0.977,0.0432,59.266,192280,4
Jon Dahlander,Metaphor's Friend,5fFO7vl45eqwVYGIHGEvgD,1,2017,new-age,0.384,0.0882,8,-21.425,1,0.0622,0.993,0.907,0.117,0.121,67.766,213977,4
Jim Brickman,The Journey,7JoKftjmMLkWPhXjN8KPYN,7,2007,new-age,0.31,0.0515,2,-17.365,0,0.036,0.993,0.903,0.0974,0.0595,167.589,183947,3
George Winston,Where Are You Now,5NADCgGzUu2KZAkKzr6AGJ,19,2001,new-age,0.498,0.133,6,-22.306,1,0.0529,0.925,0.906,0.107,0.0385,126.194,241416,4
Louis Landon,Play,4npxswm80hv1ed9Btiivhk,4,2019,new-age,0.402,0.147,7,-16.926,1,0.0432,0.969,0.918,0.112,0.177,122.381,259413,3
Diane Arkenstone,Adrift,3VSpubnJpmBwcdOOwhGWxz,9,2002,new-age,0.562,0.516,5,-11.307,0,0.0296,0.731,0.652,0.104,0.27,145.981,319867,4
Wayne Gratz,Wind Dreams,3QX5XB102Jjb53NDjuZGl0,14,2002,new-age,0.282,0.283,5,-23.048,1,0.0849,0.635,0.0679,0.296,0.157,96.052,226653,3
Robin Spielberg,O Chanukah O Chanukah,3Savo4vDnnTYjtAD1rFtOy,4,2002,new-age,0.425,0.138,2,-15.42,0,0.0435,0.991,0.894,0.0816,0.0897,68.721,221267,4
David Arkenstone,The Fairies Dance,4pZkaUh7pTG0rPBjBl3l8c,5,2017,new-age,0.501,0.524,2,-11.401,1,0.0299,0.394,0.669,0.102,0.737,159.96,287413,3
Solomon Keal,More Than A Dream,10k8w1yz06qU14Fwif3D53,7,2006,new-age,0.318,0.0458,2,-20.42,1,0.0466,0.984,0.854,0.116,0.128,169.298,355013,4
Philip Aaberg,Boo Radley,2DH2iXHTzrEl8DanbLGYXD,0,2001,new-age,0.265,0.0825,0,-24.039,0,0.0388,0.933,0.767,0.188,0.235,73.147,132133,3
Doug Hammer,Wandering Path,27m1BYoRybYooiaB7eCJhw,5,2018,new-age,0.219,0.0749,0,-27.732,1,0.0463,0.993,0.901,0.0917,0.042,154.995,220002,3
John Tesh,Silver Bells,4qQ235V6qx4js7spX3leCj,7,2011,new-age,0.611,0.62,0,-3.446,1,0.0373,0.367,0.0,0.128,0.763,134.114,204653,4
Joe Bongiorno,Chasing the Wind,6iVPhw3AtnVT65ElijMVrf,8,2012,new-age,0.289,0.214,0,-18.375,1,0.0472,0.979,0.866,0.101,0.0666,146.268,256413,4
Deep Forest,Tibet,58xgKH30ltAyXxA55bStPe,21,2016,new-age,0.502,0.332,5,-17.639,1,0.0319,0.193,0.803,0.102,0.309,140.076,292413,4
Robin Spielberg,O Little Town of Bethlehem,4jAGk8n706Hvy4RnnAZhX5,0,2002,new-age,0.521,0.111,5,-16.818,1,0.0475,0.992,0.928,0.104,0.141,97.854,196707,4
